name;id;calories;proteins;fat;carbohydrate;serat;kalsium;fosfor;zat_besi;natrium;kalium;tembaga;seng;vitamin_a;provitamin_a;total_karotenoid;vitamin_b1;vitamin_b2;vitamin_b3;vitamin_c;bdd;url_image;indeks_glikemik;referensi_ig;status_pencocokan_ig;klasifikasi_ig
Abon;1;280;9.2;28.4;0;0;62;196.5;4;108;191.5;0.105;1.05;0;0;0;0.135;0.055;0.45;0;100;https://img-cdn.medkomtek.com/PbrY9X3ignQ8sVuj_LU9UXljyew=/0x0/smart/filters:quality(75):strip_icc():format(webp)/article/7g8ceHGDNMuttlBcXEl8d/original/099726800_1605161502-Mana-yang-Lebih-Sehat-Abon-Sapi-atau-Abon-Ayam-shutterstock_1361446550.jpg;0;Tidak ditemukan dalam literatur – perlu pengisian manual;not_found;Tidak signifikan (non-karbohidrat)
Abon haruwan;2;513;23.7;37;21.3;0;25;25;0.5;61;15;0;0.2;0;0;0;0;0;0;0;100;https://img-global.cpcdn.com/recipes/cbf330fbd1ba6316/1200x630cq70/photo.jpg;0;Tidak ditemukan dalam literatur – perlu pengisian manual;not_found;Tidak signifikan (non-karbohidrat)
Agar-agar;3;0;0;0.2;0;1.1;62;80;2;10;68;0.1;0.2;0;0;0;0.1;0.02;0.1;0;100;https://res.cloudinary.com/dk0z4ums3/image/upload/v1644389489/attached_image/manfaat-agar-agar-untuk-tubuh.jpg;55;Tidak ditemukan dalam literatur – perlu pengisian manual;not_found;Sedang
Akar tonjong segar;4;45;1.1;0.4;10.8;1.2;72;125;1.3;96;775;0.02;0.2;0;60;90;0.02;0.03;1.9;2;100;https://images.tokopedia.net/img/cache/200-square/product-1/2018/8/11/3052608/3052608_12e6762a-1a95-450b-8a7c-347a26dc3201_450_450.jpg;59;Amalia et al. (2011) dalam Arif et al. (2013);token(akar)→jagung bakar;Sedang
Aletoge segar;5;37;4.4;0.5;3.8;1.7;50;248;2;2;105;0.16;0.4;0;0;35;0.02;0.09;0.6;12.5;90;https://nilaigizi.com/assets/images/produk/produk_1577340236.jpg;15;Tidak ditemukan dalam literatur – perlu pengisian manual;not_found;Rendah
Alpukat segar;6;85;0.9;6.5;7.7;0;10;20;0.9;2;278;0.2;0.4;0;60;180;0.05;0.08;1;12.5;61;https://katakabar.com/assets/images/upload/news/medium_news_1594438184.jpeg;15;Waspadji et al. (2003);partial→alpukat;Rendah
Ampas kacang hijau;7;96;3.7;0.6;19.1;2.7;133;150;1.3;0;0;0;0;0;0;0;0.05;0;0;0;100;https://images.tokopedia.net/img/cache/215-square/shops-1/2016/10/16/5997149/5997149_fb399db6-c767-4ef0-ba2b-d25bc046859e.jpg;25;"Marsono (2002); Atkinson et al. (2008)";partial→kacang hijau;Rendah
Ampas Tahu;8;414;26.6;18.3;41.3;2.4;133;220;4;6;69.2;0.27;1.2;0;0;0;0.18;0.07;0.7;0;100;https://palpres.disway.id/upload/9e9c1ba592cac7270de5e48889a33523.jpeg;15;"Waspadji et al. (2003); Atkinson et al. (2008)";partial→tahu;Rendah
Ampas tahu kukus;9;75;4.1;2.1;10.7;5.1;203;60;1.3;0;0;0;0;0;0;0;0.07;0;0;0;100;https://cdns.diadona.id/diadona.id/resized/640x320/news/2020/02/26/5346/manfaat-ampas-tahu-yang-nggak-boleh-disepelekan-orang-jepang-aja-doyan-masa-kamu-ogah-ogahan-200226f.jpg;15;"Waspadji et al. (2003); Atkinson et al. (2008)";partial→tahu;Rendah
Ampas tahu mentah;10;67;5;2.1;8.1;4.1;337.5;88;1;8;184.5;0.17;0.5;0;0;0;0.06;0.02;0.1;0;100;https://cdn-image.hipwee.com/wp-content/uploads/2021/03/hipwee-FotoJet-9-750x422.jpg;15;"Waspadji et al. (2003); Atkinson et al. (2008)";partial→tahu;Rendah
Anak sapi daging gemuk segar;11;184;18.8;14;0;0;10;200;2.2;118;490.1;0.17;2.5;0;37;0;0.13;0.17;3.5;0;100;https://png.pngtree.com/png-clipart/20220124/ourmid/pngtree-a-plate-of-delicious-fat-cow-free-elements-png-image_4252411.png;56;Widowati et al. (2007) dalam Arif et al. (2013);token(anak)→beras pratanak;Sedang
Anak sapi daging kurus segar;12;174;19.6;10;0;0;11;201;2.9;96;399.8;0.14;2.5;0;30;0;0.08;0.14;3.5;0;100;https://asset.kompas.com/crops/BzqLdMzV0nYuuT_-vqxhGoDU0ag=/0x0:1000x667/780x390/data/photo/2020/11/28/5fc241d817d91.jpg;56;Widowati et al. (2007) dalam Arif et al. (2013);token(anak)→beras pratanak;Sedang
Anak sapi daging sedang segar;13;190;19.1;12;0;0;11;193;2.9;99;412.7;0.14;2.5;0;60;0;0.14;0.15;3.5;0;100;https://koran-jakarta.com/images/article/tips-memilih-daging-sapi-segar-dan-berkualitas-baik-untuk-dikonsumsi-210409135933.jpg;56;Widowati et al. (2007) dalam Arif et al. (2013);token(anak)→beras pratanak;Sedang
Andaliman segar;14;99;4.6;1;18;6.75;337.5;107;2.9;0;0;0;0;0;0;278.75;0.555;0;0;12.5;100;https://cf.shopee.co.id/file/3c033b2480e951e2634909817e417218;55;Tidak ditemukan dalam literatur – perlu pengisian manual;not_found;Sedang
Andewi;15;25;1.6;0.2;5.3;1.1;62;80;2;10;68;0.1;0.2;0;0;0;0.1;0.02;0.1;0;100;https://www.satuharapan.com/uploads/cache/news_77440_1518185146.jpg;55;Tidak ditemukan dalam literatur – perlu pengisian manual;not_found;Sedang
Anggur hutan segar;16;30;0.5;0.2;6.8;1.2;39;12;1.1;0;0;0;0;0;0;1;0.01;0;0;3;100;https://cf.shopee.co.id/file/ed7f26c6de5f13ec39e9931263ade6b9;53;"Hoerudin (2012); Atkinson et al. (2008)";partial→anggur;Rendah
Angsa;17;354;16.4;31.5;0;1.1;62;80;2;10;68;0.1;0.2;0;0;0;0.1;0.02;0.1;0;100;https://cdn.idntimes.com/content-images/community/2020/06/images-11-7778c46373d99fb101fe76ba287b7cca.jpeg;0;Tidak ditemukan dalam literatur – perlu pengisian manual;not_found;Tidak signifikan (non-karbohidrat)
Anyang sayur;18;126;3.4;7.9;10.3;5.4;180;1;2.9;225;181;0.3;1.2;0;60;0;0.2;0;0;0;100;https://static.republika.co.id/uploads/images/inpicture_slide/anyang-_180520222511-425.jpg;15;Tidak ditemukan dalam literatur – perlu pengisian manual;not_found;Rendah
Apel;19;58;0.3;0.4;14.9;2.45;20;31;0.6;4;171.2;0.1;0.25;0;9;0;0.1;0.03;0.3;10;100;https://asset.kompas.com/crops/smfd25xgXRE3HpMLb2aamPeulYM=/21x0:1476x970/1200x800/data/photo/2022/08/30/630d7ae5d041f.jpg;39;"Hoerudin (2012); Atkinson et al. (2008)";exact;Rendah
Apel malang segar;20;57;0.5;0.4;12.8;0.8;9;18;0.6;3.6;175.4;0.75;0;0;26;278.75;0.05;0.03;0.1;5;88;https://pasarsegar.co.id/wp-content/uploads/2020/09/name-63-1.jpg;39;"Hoerudin (2012); Atkinson et al. (2008)";partial→apel;Rendah
Arbei;21;37;0.8;0.5;8.3;1.1;62;80;2;10;68;0.1;0.2;0;0;0;0.1;0.02;0.1;0;100;https://asset.kompas.com/crops/NoCuCvNGfQG6_Ct04e7Vjcabjv4=/204x0:885x454/1200x800/data/photo/2020/06/25/5ef44bb002503.jpg;55;Tidak ditemukan dalam literatur – perlu pengisian manual;not_found;Sedang
Ares sayur;22;113;0.9;7.2;11.2;4.7;63;5;1.5;225;0;0.7;2.5;0;6;0;0.1;0;0.5;0;100;https://asset-a.grid.id/crop/0x0:0x0/x/photo/2018/07/10/1764115767.jpg;15;Tidak ditemukan dalam literatur – perlu pengisian manual;not_found;Rendah
Arrowroot segar;23;102;1;0.2;24.1;1.7;28;35;1.7;36;626.6;0.2;0.8;0;15;0;0.06;0.1;2.3;2;100;https://1.bp.blogspot.com/-frPXLhHsX1o/YGH-vVXAdtI/AAAAAAAAAQc/rFFQBIqzF-sEPYUiGLOUyb-KetyM7haWACLcBGAsYHQ/s2048/IMG20210227100704.jpg;55;Tidak ditemukan dalam literatur – perlu pengisian manual;not_found;Sedang
Arwan sirsir;24;277;2.4;25;10.7;4.6;120;40;2.4;225;320;0.2;0.9;0;60;0;0.1;0.2;0;11;100;https://scontent.fcgk35-1.fna.fbcdn.net/v/t1.6435-9/121695429_676597869941401_1458702638921645964_n.jpg?_nc_cat=100&ccb=1-7&_nc_sid=a26aad&_nc_ohc=__IwAVKho7AAX9vwknv&_nc_ht=scontent.fcgk35-1.fna&oh=00_AfBzshz2zrHYSwZvSOBel1XuorFB4ySKktNdgOj7dB8Jng&oe=649DFFD5;55;Tidak ditemukan dalam literatur – perlu pengisian manual;not_found;Sedang
Asam kandis segar;25;75;0.2;1.1;16.1;3.4;63;139;2.5;93;93;0.1;0.1;0;41;0;0.01;0;0.1;0;100;https://assets.ladiestory.id/gallery/16768092331084058551-asam-kandis.jpg;55;Tidak ditemukan dalam literatur – perlu pengisian manual;not_found;Sedang
Asam masak di pohon;26;239;2.8;0.6;62.5;1.1;62;80;2;10;68;0.1;0.2;0;0;0;0.1;0.02;0.1;0;100;https://images.tokopedia.net/img/cache/700/VqbcmM/2020/8/26/6b6fe8d2-91ea-40a2-bd1d-53a147b957c1.png;55;Tidak ditemukan dalam literatur – perlu pengisian manual;not_found;Sedang
Asam payak segar;27;135;0.8;0.4;32.1;6.75;60;39;5.7;0;0;0;0;0;0;0;0;0;0;0;100;https://nilaigizi.com/assets/images/produk/produk_1537342320.jpg;55;Tidak ditemukan dalam literatur – perlu pengisian manual;not_found;Sedang
Asan kandis kering;28;261;0.9;1.6;63.3;5;192;440;4.4;26;341;0.4;0.3;0;0;0;0;0;0.4;0;100;https://nilaigizi.com/assets/images/produk/produk_1537342200.jpg;55;Tidak ditemukan dalam literatur – perlu pengisian manual;not_found;Sedang
Asinan Bogor sayuran;29;98;3.9;2.6;14.8;0.5;314;17;1.2;225;0;0;0;0;0;146;0.28;0;0;5;100;https://www.piknikdong.com/wp-content/uploads/2021/04/Resep-Asinan-Sayur-Bogor-Sederhana.jpg;15;Tidak ditemukan dalam literatur – perlu pengisian manual;not_found;Rendah
Ayam;30;302;18.2;25;0;0;62;196.5;4;108;191.5;0.105;1.05;0;0;0;0.135;0.055;0.45;0;100;https://images.ctfassets.net/1cj2ge3ast5f/4ETq9ybsnjCsGaailYLOGH/cf7db5b91c85f4ea1e309905a9679809/Ayam_Utuh.jpeg;0;Atkinson et al. (2008) – tidak mengandung karbohidrat;exact;Tidak signifikan (non-karbohidrat)
Ayam  goreng Kentuckysayap;31;297;35.9;15.2;1.6;0;103;227;4.4;225;248.4;0.06;1.4;0;0;70;0.555;0.14;3.5;0;100;https://img-global.cpcdn.com/recipes/2ecb088a495ef73a/680x482cq70/ayam-goreng-kentucky-foto-resep-utama.jpg;0;Atkinson et al. (2008) – tidak mengandung karbohidrat;partial→ayam;Tidak signifikan (non-karbohidrat)
Ayam ampela goreng;32;270;32.3;11.2;9.9;0;129;314;4.9;225;0;0.12;2.5;0;0;0;0.21;0;3.5;0;100;https://cdn1-production-images-kly.akamaized.net/MldE3BInsLHr9JgPKFlsYtmbV-E=/0x344:5472x3428/469x260/filters:quality(75):strip_icc():format(webp)/kly-media-production/medias/3142898/original/027275800_1591175314-shutterstock_188934800.jpg;0;Atkinson et al. (2008) – tidak mengandung karbohidrat;partial→ayam;Tidak signifikan (non-karbohidrat)
Ayam dideh/darah segar;33;75;13.8;1.9;0.7;0;15;9;1.3;225;234;0;0;0;0;0;0.02;0;0.6;0;100;https://pelopor.id/wp-content/uploads/2022/03/WhatsApp-Image-2022-02-05-at-11.46.55.jpeg;0;Atkinson et al. (2008) – tidak mengandung karbohidrat;partial→ayam;Tidak signifikan (non-karbohidrat)
Ayam goreng church texa sayap;34;295;34;16;1.5;0;62;196.5;4;108;191.5;0.105;1.05;0;0;0;0.135;0.055;0.45;0;100;https://e7.pngegg.com/pngimages/66/902/png-clipart-church-s-chicken-bakery-chicken-nugget-fried-chicken-texas-chicken-church-s-chicken-bakery-thumbnail.png;0;Atkinson et al. (2008) – tidak mengandung karbohidrat;partial→ayam;Tidak signifikan (non-karbohidrat)
Ayam goreng church texas dada;35;338;35.2;20.6;0.4;0;79;221;5.6;225;369.5;0.16;1.1;0;0;80;0.52;0.16;3.5;0;100;https://i0.wp.com/harga.web.id/wp-content/uploads/Harga-Texas-Chicken-Reguler-dan-Promo.jpg?fit=680%2C300&ssl=1;0;Atkinson et al. (2008) – tidak mengandung karbohidrat;partial→ayam;Tidak signifikan (non-karbohidrat)
Ayam goreng kalasan paha;36;275;37.4;12.2;1.3;0;116;237;5.8;176;321.9;0.16;1.5;0;0;50;0.1;0;0;0;100;https://thumb.viva.id/intipseleb/1265x711/2022/10/21/6352aa183c0c1-resep-ayam-goreng-kalasan.jpg;0;Atkinson et al. (2008) – tidak mengandung karbohidrat;partial→ayam;Tidak signifikan (non-karbohidrat)
Ayam goreng kentucky dada;37;298;34.2;16.8;0.1;0;90;284;5.5;225;342;0.07;1;0;0;50;0.19;0;0;0;100;https://awsimages.detik.net.id/community/media/visual/2021/07/07/kirim-pesan-unik-kfc-2_43.jpeg?w=1200;0;Atkinson et al. (2008) – tidak mengandung karbohidrat;partial→ayam;Tidak signifikan (non-karbohidrat)
Ayam goreng Kentucky paha;38;286;32.1;16.1;1.1;0;89;248;6.9;225;265.2;0.09;2.3;0;0;20;0.5;0.21;3.5;0;100;https://img-global.cpcdn.com/recipes/d61db7c7021bcd27/680x482cq70/paha-kentucky-yummy-foto-resep-utama.jpg;0;Atkinson et al. (2008) – tidak mengandung karbohidrat;partial→ayam;Tidak signifikan (non-karbohidrat)
Ayam goreng mbok berek dada;39;295;39.2;13.6;1;0;114;278;5.4;0;0;0;0;0;0;50;0.19;0;0;0;100;https://img-global.cpcdn.com/recipes/d15c8abab4246c58/680x482cq70/ayam-goreng-mbok-berek-foto-resep-utama.jpg;0;Atkinson et al. (2008) – tidak mengandung karbohidrat;partial→ayam;Tidak signifikan (non-karbohidrat)
Ayam goreng paha;40;287;31;15.7;1.7;0;62;196.5;4;108;191.5;0.105;1.05;0;0;0;0.135;0.055;0.45;0;100;https://cdn1-production-images-kly.akamaized.net/EwEm3hoNsTm-YZSonSqX2IlcAaY=/1200x1200/smart/filters:quality(75):strip_icc():format(webp)/kly-media-production/medias/2938630/original/066858200_1571039590-shutterstock_153914045.jpg;0;Atkinson et al. (2008) – tidak mengandung karbohidrat;partial→ayam;Tidak signifikan (non-karbohidrat)
Ayam goreng pasundan dada;41;246;37.9;9;0.7;0;90;260;7.5;0;0;0;0;0;0;70;0.16;0;0;0;100;https://d1sag4ddilekf6.cloudfront.net/compressed_webp/items/6-C2DTTVLGUBJ3T6-C2DTTXDVTNJXLA/detail/menueditor_item_b01be5494e6b4600867dbcbc0dcd1ed2_1607529952400513906.webp;0;Atkinson et al. (2008) – tidak mengandung karbohidrat;partial→ayam;Tidak signifikan (non-karbohidrat)
Ayam goreng pasundan paha;42;245;33.1;11.4;0.3;0;90;283;7.3;0;0;0;0;0;0;40;0.37;0;0;0;100;https://d1sag4ddilekf6.cloudfront.net/compressed_webp/items/IDITE2021041504584013744/detail/menueditor_item_de1f8bfb500e483d903ccb2e25a29a7d_1618462649639007677.webp;0;Atkinson et al. (2008) – tidak mengandung karbohidrat;partial→ayam;Tidak signifikan (non-karbohidrat)
Ayam goreng pioneer dada;43;295;37.4;14.7;0.6;0;108;236;6.8;0;0;0;0;0;0;80;0.1;0;0;0;100;https://d1sag4ddilekf6.cloudfront.net/compressed_webp/items/IDITE20210726121341017693/detail/menueditor_item_428cb0ea19e44146a00e1cfbef85faae_1627524568218570621.webp;0;Atkinson et al. (2008) – tidak mengandung karbohidrat;partial→ayam;Tidak signifikan (non-karbohidrat)
Ayam goreng sukabumi dada;44;244;36.7;9.2;1;0;81;154;6.1;0;0;0;0;0;0;80;0.555;0;0;0;100;https://i0.wp.com/i.gojekapi.com/darkroom/gofood-indonesia/v2/images/uploads/d5baa5ea-bad6-4cc6-b6fe-a0c4a9a86979_Go-Biz_20211222_160332.jpeg;0;Atkinson et al. (2008) – tidak mengandung karbohidrat;partial→ayam;Tidak signifikan (non-karbohidrat)
Ayam goreng sukabumi paha;45;283;35.7;14.3;0.5;0;68;106;5.4;0;0;0;0;0;0;60;0.36;0;0;0;100;https://i0.wp.com/i.gojekapi.com/darkroom/gofood-indonesia/v2/images/uploads/60ef5b81-53d7-4375-a9a3-b7eb2aed3b2a_master-menu-item-image_1597233742745.jpg?resize=728%2C500;0;Atkinson et al. (2008) – tidak mengandung karbohidrat;partial→ayam;Tidak signifikan (non-karbohidrat)
Ayam hati segar;46;261;27.4;16.1;1.6;0;118;373;8.2;225;22.9;0.75;0;0;60;278.75;0.555;0.3;3.5;0;100;https://asset.kompas.com/crops/9dZTmg32w0stodtsJ52gf85QjD4=/0x0:902x601/750x500/data/photo/2021/01/26/600f9d1967e9b.jpg;0;Atkinson et al. (2008) – tidak mengandung karbohidrat;partial→ayam;Tidak signifikan (non-karbohidrat)
Ayam taliwang masakan;47;264;18.2;20.1;2.7;0;94;164;2;225;408;0.4;2.5;0;0;0;0;0;0;0;100;https://asset.kompas.com/crops/-oAqlkfrKHaqebhytdtKz-JV6ls=/4x0:1000x664/750x500/data/photo/2020/12/22/5fe16c7655542.jpg;0;Atkinson et al. (2008) – tidak mengandung karbohidrat;partial→ayam;Tidak signifikan (non-karbohidrat)
Ayam usus goreng;48;473;45.2;26.3;13.9;0;337.5;440;8.2;0;0;0;0;0;0;224;0.555;0;0;0;100;https://img-global.cpcdn.com/recipes/fa7c9443ce9efcb5/1200x630cq70/photo.jpg;0;Atkinson et al. (2008) – tidak mengandung karbohidrat;partial→ayam;Tidak signifikan (non-karbohidrat)
Babat;49;113;17.6;4.2;0;1.1;62;80;2;10;68;0.1;0.2;0;0;0;0.1;0.02;0.1;0;100;https://awsimages.detik.net.id/community/media/visual/2022/05/26/resep-bacem-babat-sapi.jpeg?w=1200;0;Tidak ditemukan dalam literatur – perlu pengisian manual;not_found;Tidak signifikan (non-karbohidrat)
Babi daging gemuk segar;50;453;11.9;45;0;0;7;117;1.8;112;775;0.22;0.4;0;0;0;0.555;0.3;3.5;0;100;https://akcdn.detik.net.id/visual/2020/05/12/d2fe874b-b04f-41ad-bce5-84027ad803ab_169.jpeg?w=650;0;Atkinson et al. (2008) – tidak mengandung karbohidrat;token(daging)→daging sapi;Tidak signifikan (non-karbohidrat)
Babi daging kurus segar;51;371;14.1;35;0;0;8;151;2.1;97;706.3;0.19;0.4;0;0;0;0.555;0.3;3.5;0;100;https://dialeksis.com/images/web/2022/10/daging-babi.jpeg;0;Atkinson et al. (2008) – tidak mengandung karbohidrat;token(daging)→daging sapi;Tidak signifikan (non-karbohidrat)
Babi ginjal segar;52;110;16.3;4.6;0.8;0;11;246;8;139;390;0.71;2.5;0;10;0;0.555;0.3;3.5;12.5;100;https://s1.bukalapak.com/img/6117974221/large/GINJAL_BABI___PORK_KIDNEY_.jpg;0;Tidak ditemukan dalam literatur – perlu pengisian manual;not_found;Tidak signifikan (non-karbohidrat)
Babi hati segar;53;129;19.7;4.8;1.7;0;10;362;8.2;110;447;0.58;0.1;0;6;0;0.4;0.3;3.5;12.5;100;https://www.static-src.com/wcsstore/Indraprastha/images/catalog/full//91/MTA-7170363/pasarbali-id_pasarbali-id_-_hati_babi_-500_gr-denpasar-_full02_fa2ryh3x.jpg;0;Tidak ditemukan dalam literatur – perlu pengisian manual;not_found;Tidak signifikan (non-karbohidrat)
Babi hutan masak rica masakan;54;491;24.6;16.3;0.2;0;18;144;1.2;225;327;0.2;2.5;0;0;0;0.555;0.3;0;0;100;https://img-global.cpcdn.com/recipes/3bb79acbfc908ed8/1200x630cq70/photo.jpg;55;Tidak ditemukan dalam literatur – perlu pengisian manual;not_found;Sedang
Bacang;55;102.9;3.3;2.7;16.3;1.1;62;80;2;10;68;0.1;0.2;0;0;0;0.1;0.02;0.1;0;100;https://cdn1-production-images-kly.akamaized.net/dmeIqjoEQPYVHvwOwc32D8B7EcI=/1200x675/smart/filters:quality(75):strip_icc():format(webp)/kly-media-production/medias/1495067/original/082497700_1486023784-bacang-fsui_wodpress.jpg;55;Tidak ditemukan dalam literatur – perlu pengisian manual;not_found;Sedang
Bagea kelapa asin;56;450;3.2;13.9;78.1;0;38;38;0.3;74;0;0.2;0.2;0;0;0;0.3;0;0;0;100;https://resepkoki.id/wp-content/uploads/2018/02/Resep-Kue-Bagea.jpg;0;Atkinson et al. (2008) – tidak mengandung karbohidrat;token(kelapa)→minyak kelapa;Tidak signifikan (non-karbohidrat)
Bagea kelapa manis;57;452;1.3;13.8;80.6;0;38;39;0.3;75;0;0.2;0.2;0;0;0.3;0;0;0;0;100;https://s3.theasianparent.com/tap-assets-prod/wp-content/uploads/sites/24/2022/03/kue-bagea-featured-650x339.jpg;0;Atkinson et al. (2008) – tidak mengandung karbohidrat;token(kelapa)→minyak kelapa;Tidak signifikan (non-karbohidrat)
Bagea kenari asin;58;529;3.2;29.1;63.6;0;38;40;0.4;74;0;0.2;0.2;0;0;0;0.3;0;0;0;100;https://images.tokopedia.net/img/cache/700/hDjmkQ/2021/10/4/73219f10-0149-4af7-b1ca-c51d90ca767b.jpg;55;Tidak ditemukan dalam literatur – perlu pengisian manual;not_found;Sedang
Bagea kenari manis;59;523;3.2;28.2;64.2;0;38;39;0.3;74;0;0.2;0.2;0;0;0;0.3;0;0;0;100;https://indonesiakaya.com/wp-content/uploads/2020/10/1__IMG_0796_CROP_Renyah_gurih_dan_manis_begitulah_kira-kira_gambaran_saat_mencicipi_kue_bagea_khas_Sulawesi_Utara.jpg;55;Amalia et al. (2011) dalam Arif et al. (2013);token(manis)→jagung manis;Sedang
Bagea kw 1;60;416;6.5;9.4;76.3;0.4;49;77;4.9;0;0;0;0;0;0;278.75;0.08;0;2.6;0;100;https://i0.wp.com/www.cakefever.com/wp-content/uploads/rsz_unknown_187780537_492967188795850_1371196946421020494_n.jpg?fit=900%2C600&ssl=1;55;Tidak ditemukan dalam literatur – perlu pengisian manual;not_found;Sedang
Bagea kw 2;61;382;0.3;3.5;87.2;0.9;172;120;7.6;0;0;0;0;0;0;0;0.02;0;0;0;100;https://images.tokopedia.net/img/cache/700/VqbcmM/2021/8/15/c5337e96-32c2-4453-98d0-cc17b08837f1.jpg;55;Tidak ditemukan dalam literatur – perlu pengisian manual;not_found;Sedang
Baje;62;129;1.9;6.6;15.6;1.1;62;80;2;10;68;0.1;0.2;0;0;0;0.1;0.02;0.1;0;100;https://cf.shopee.co.id/file/91afb76cc87856ee341c0ee5970d66a9;55;Tidak ditemukan dalam literatur – perlu pengisian manual;not_found;Sedang
Bakpia kue;63;272;8.7;6.7;44.1;0.9;194;117;4.5;0;0;0;0;0;0;278.75;0.31;0.3;2.9;0;100;https://asset.kompas.com/crops/BZ6Z25Y0XcjtoHBInh10nGsMM2Q=/3x0:700x465/750x500/data/photo/2021/03/17/60514d8851d3e.jpeg;75;Tidak ditemukan dalam literatur – perlu pengisian manual;not_found;Tinggi
Bakso ;64;76;4.1;2.5;9.2;0;62;196.5;4;108;191.5;0.105;1.05;0;0;0;0.135;0.055;0.45;0;100;https://asset.kompas.com/crops/x6OULHa8pMi47UnvDTzf1j62ov4=/3x0:700x465/750x500/data/photo/2022/08/25/6306b48bb80a1.jpeg;0;Tidak ditemukan dalam literatur – perlu pengisian manual;not_found;Tidak signifikan (non-karbohidrat)
Bakung segar;65;27;2;0.2;4.2;3.8;19;20;0.5;37;340;0.2;0.3;0;60;0;0.2;0.1;0.3;12.5;100;https://assets.kompasiana.com/statics/files/14145651141145946500.jpg?t=o&v=700?t=o&v=110;55;Tidak ditemukan dalam literatur – perlu pengisian manual;not_found;Sedang
Bakwan;66;280;8.2;10.2;39;3.4;204;79;7;0;0;0;0;0;0;0;0.08;0;0;0;100;https://i0.wp.com/resepkoki.id/wp-content/uploads/2019/04/Resep-Bakwan-Jagung-1.jpg?fit=1749%2C1920&ssl=1;55;Tidak ditemukan dalam literatur – perlu pengisian manual;not_found;Sedang
Baligo;67;13;0.4;0.2;3;1.1;62;80;2;10;68;0.1;0.2;0;0;0;0.1;0.02;0.1;0;100;https://rimbakita.com/wp-content/uploads/2020/08/kundur.jpg;55;Tidak ditemukan dalam literatur – perlu pengisian manual;not_found;Sedang
Bantal;68;190;3.3;0.3;43.5;3.4;9;0;0.4;164;84;0.2;0.9;0;0;0;0.27;0.02;3.5;0;100;https://cdn.idntimes.com/content-images/community/2020/11/kue-bantal-sumber-ig-at-terunededarementaram-e3a62b69fc2f582e3148201ce8d68802_600x400.jpg;55;Tidak ditemukan dalam literatur – perlu pengisian manual;not_found;Sedang
Barongko;69;159;3.1;5.8;23.5;0;35;65;1.2;46;78;0.3;0.6;0;0;0;0;0;0;0;100;https://upload.wikimedia.org/wikipedia/commons/5/5e/Barongko_hendak_dimakan.jpg;55;Tidak ditemukan dalam literatur – perlu pengisian manual;not_found;Sedang
Batang Tading;70;137;4.3;4.8;19.1;1.1;62;80;2;10;68;0.1;0.2;0;0;0;0.1;0.02;0.1;0;100;https://i0.wp.com/bukanarjuna.com/wp-content/uploads/2019/11/batang-teratai.jpg?resize=680%2C453&ssl=1;55;Tidak ditemukan dalam literatur – perlu pengisian manual;not_found;Sedang
Batar daan;71;107;2.2;2.2;19.6;0;20;30;0.6;0;90;0.1;0;0;0;0;0.18;0.02;0;0;100;https://foreignfork.com/wp-content/uploads/2020/11/Batar-daan-7-scaled.jpg;55;Tidak ditemukan dalam literatur – perlu pengisian manual;not_found;Sedang
Batatas gembili segar;72;76;1.1;0.9;16;4.2;0;40;0.2;10;200;0.2;0.3;0;0;0;0.06;0;0.9;0;85;https://cf.shopee.co.id/file/b49af4eb7afe41c41e9246a0005b843f;65;Tidak ditemukan dalam literatur – perlu pengisian manual;not_found;Sedang
Batatas kelapa ubi bakar;73;110;1.4;1.1;23.4;4.5;1;46;0.2;12;230;0.2;0.3;0;0;0;0.555;0;0;0;85;https://img-global.cpcdn.com/recipes/95d754afdf8eb1f2/1200x630cq70/photo.jpg;0;Atkinson et al. (2008) – tidak mengandung karbohidrat;token(kelapa)→minyak kelapa;Tidak signifikan (non-karbohidrat)
Batatas kelapa ubi kukus;74;92;1.2;0.3;21;4.1;0;42;0.2;10;209;0.2;0.3;0;0;0;0.28;0;0.7;0;100;https://img-global.cpcdn.com/recipes/9f91679fd1ba49f0/680x482cq70/singkong-kukus-toping-kelapa-parut-foto-resep-utama.jpg;0;Atkinson et al. (2008) – tidak mengandung karbohidrat;token(kelapa)→minyak kelapa;Tidak signifikan (non-karbohidrat)
Batatas kelapa ubi segar;75;89;1.1;0.1;21;4;0;40;0.2;20;340;0.1;0.2;0;0;0;0.38;0;0.9;0;85;https://th.bing.com/th?id=ABTE8B1595CD1C0C5A990C01CE78BE64402674F61A3C217A9FF9CCB31D6F7E9E29A&w=1144&h=568&c=1;0;Atkinson et al. (2008) – tidak mengandung karbohidrat;token(kelapa)→minyak kelapa;Tidak signifikan (non-karbohidrat)
Batatas tali ubi rebus;76;182;2.4;0.4;42.2;6.75;1;80;0.3;20;402;0.3;0.6;0;0;0;0.27;0;1.3;0;100;https://img-global.cpcdn.com/recipes/f9664da25cda52e4/1200x630cq70/photo.jpg;75;Atkinson et al. (2008);token(rebus)→singkong rebus;Tinggi
Bawang Bombay;77;45;1.4;0.2;10.3;1.1;62;80;2;10;68;0.1;0.2;0;0;0;0.1;0.02;0.1;0;100;https://res.cloudinary.com/dk0z4ums3/image/upload/v1621837004/attached_image/berbagai-nutrisi-di-balik-manfaat-bombay.jpg;55;Tidak ditemukan dalam literatur – perlu pengisian manual;not_found;Sedang
Bawang Merah;78;39;1.5;0.3;0.2;1.1;62;80;2;10;68;0.1;0.2;0;0;0;0.1;0.02;0.1;0;100;https://cdn.shopify.com/s/files/1/0369/8321/0116/products/015_640x.jpg?v=1646380408;55;Atkinson et al. (2008);token(merah)→nasi merah;Sedang
Bawang Putih;79;95;4.5;0.2;23.1;1.1;62;80;2;10;68;0.1;0.2;0;0;0;0.1;0.02;0.1;0;100;https://www.astronauts.id/blog/wp-content/uploads/2022/11/Manfaat-Bawang-Putih-Untuk-Kulit-yang-Tidak-Banyak-Tahu.jpg;72;"Atkinson et al. (2008); Waspadji et al. (2003)";token(putih)→nasi putih;Tinggi
Bayam kukus;80;30;1.3;0.7;5.8;1.2;239;35;5.7;15;431;0.1;0.3;0;60;278.75;0.02;0.1;0.9;12.5;100;https://img-global.cpcdn.com/recipes/ff942e133f5dc64e/680x482cq70/bayam-kukus-foto-resep-utama.jpg;15;Waspadji et al. (2003);partial→bayam;Rendah
Bayam Merah;81;51;4.6;0.5;10;0;62;196.5;4;108;191.5;0.105;1.05;0;0;0;0.135;0.055;0.45;0;100;https://d1vbn70lmn1nqe.cloudfront.net/prod/wp-content/uploads/2021/10/15060945/manfaat-bayam-merah-yang-jarang-diketahui-halodoc.jpg;15;Waspadji et al. (2003);partial→bayam;Rendah
Bayam merah segar;82;41;2.2;0.8;6.3;2.2;337.5;80;7;20;60;0.2;0.8;0;60;0;0.2;0.1;0.1;12.5;71;https://images.tokopedia.net/img/cache/700/VqbcmM/2020/10/28/6efbc93d-e05c-4446-8c6c-c6d401dc7407.jpg;15;Waspadji et al. (2003);partial→bayam;Rendah
Bayam rebus;83;23;1.2;0.6;3.7;1.1;150;35;0.5;16;308.4;0.2;0.3;0;60;278.75;0.02;0.1;0.9;12.5;100;https://img-global.cpcdn.com/recipes/5be8dc1e0002f811/1200x630cq70/photo.jpg;15;Waspadji et al. (2003);partial→bayam;Rendah
Bayam segar;84;36;3.5;0.5;6.5;0.7;166;76;3.5;16;456.4;0.13;0.4;0;60;278.75;0.04;0.1;1;12.5;71;https://mitalom.com/wp-content/uploads/2015/10/Gambar-Daun-Bayam.jpg;15;Waspadji et al. (2003);partial→bayam;Rendah
Bayam tumis + oncom;85;102;3.7;6.7;6.9;0;62;196.5;4;108;191.5;0.105;1.05;0;0;0;0.135;0.055;0.45;0;100;https://blue.kumparan.com/image/upload/fl_progressive,fl_lossy,c_fill,q_auto:best,w_640/v1601173915/chhxzj6dnkwkryigiyrl.jpg;30;Rimbawan & Siagian (2004);partial→oncom;Rendah
Bayam tumis bersantan;86;48;1.4;4.2;2.6;0;62;196.5;4;108;191.5;0.105;1.05;0;0;0;0.135;0.055;0.45;0;100;https://img.kurio.network/FnRZ04iY18q6h7oJzzZDFZOD5Zk=/1200x1200/filters:quality(80)/https://kurio-img.kurioapps.com/21/04/07/2ab69e8a-370d-460a-89ac-0efadafee196.jpe;15;Waspadji et al. (2003);partial→bayam;Rendah
Bebek (itik);87;326;16;28.6;0;1.1;62;80;2;10;68;0.1;0.2;0;0;0;0.1;0.02;0.1;0;100;https://asset.kompas.com/crops/6unVsacqX8mpZ19lviQLxyDPCoI=/0x0:1000x667/750x500/data/photo/2020/11/03/5fa0cee5cb3cf.jpg;0;Tidak ditemukan dalam literatur – perlu pengisian manual;not_found;Tidak signifikan (non-karbohidrat)
Bebek alabio daging segar;88;303;11.3;27;3.7;0;20;293;4.8;50;260;0.7;2;0;0;0;0.36;0.04;3.5;0;100;https://medioenblog.files.wordpress.com/2018/02/bebek.jpg;0;Atkinson et al. (2008) – tidak mengandung karbohidrat;token(daging)→daging sapi;Tidak signifikan (non-karbohidrat)
Bebek daging goreng;89;300;24;20.7;4.5;0;170;170;4.1;34;6;0.4;2.5;0;0;0;0.1;0.3;3.5;0;100;https://asset.kompas.com/crops/y8jlET9Zwl-5iykdc5t58sS-_KY=/0x52:1000x719/750x500/data/photo/2020/07/14/5f0d253a6edd5.jpg;0;Atkinson et al. (2008) – tidak mengandung karbohidrat;token(daging)→daging sapi;Tidak signifikan (non-karbohidrat)
Beberuk;90;65;1.1;5.2;3.5;3.1;179;72;8.2;53;427;0.4;0.2;0;44;0;0.3;0;3.5;0;100;https://s.kaskus.id/images/2019/11/21/10218416_20191121013811.jpg;55;Tidak ditemukan dalam literatur – perlu pengisian manual;not_found;Sedang
Beef burger;91;258;10.6;9.5;32.5;0.4;210;157;2.6;225;189.1;0;0;0;0;278.75;0.555;0;0;0;100;https://cdn.id9.site/burgerax/media/2020/09/beef-burger-e1644156606108.jpeg;0;Tidak ditemukan dalam literatur – perlu pengisian manual;not_found;Tidak signifikan (non-karbohidrat)
Beef teriyaki masakan;92;151;8.6;3.1;22.3;0.3;142;62;2.3;225;0;0;0;0;0;278.75;0.53;0;0;0;100;https://www.masakapahariini.com/wp-content/uploads/2020/12/resep-beef-teriyaki-2-500x300.jpg;0;Tidak ditemukan dalam literatur – perlu pengisian manual;not_found;Tidak signifikan (non-karbohidrat)
Beef yakiniku masakan;93;132;9.8;1.1;20.7;0.3;302;67;2;225;0;0;0;0;0;278.75;0.555;0;0;0;100;https://asset.kompas.com/crops/awoHyKStB8lI_yqs1PTI3VjIHsE=/78x42:958x629/750x500/data/photo/2022/12/08/6391613d09412.jpg;55;Tidak ditemukan dalam literatur – perlu pengisian manual;not_found;Sedang
Bekasam;94;116;11.9;4.9;6.1;3.5;337.5;440;7.5;225;176;0.75;1.9;0;0;0;0;0.03;2.1;0;100;https://assets-a1.kompasiana.com/items/album/2021/11/13/bekasam-kuliner-fermentasi-khas-wong-sumsel-shd-1-removebg-preview-618f54d2c26b771c5c083212.png;55;Tidak ditemukan dalam literatur – perlu pengisian manual;not_found;Sedang
Bekasang;95;78;11.4;2;3.6;0.4;54;97;2.6;225;121;0.2;2.5;0;0;0;0.15;0.12;0.6;0;100;https://www.surabayapagi.com/po-content/photo/big/a782bead716a8dbee3762c8c79ec4e54.jpg;55;Tidak ditemukan dalam literatur – perlu pengisian manual;not_found;Sedang
Belibis daging segar;96;131;20.2;4.3;2.8;0;8;192;8.2;46;104;0.75;1.6;0;0;0;0.37;0.08;2.7;0;100;https://assets.tokko.io/2bbdc42e-f0c6-494e-ae09-9d177af2ec61/products/images/cc352d35-2818-45ed-9a63-03f4fbd2247b;0;Atkinson et al. (2008) – tidak mengandung karbohidrat;token(daging)→daging sapi;Tidak signifikan (non-karbohidrat)
Belimbing;97;36;0.4;0.4;8.8;1.1;62;80;2;10;68;0.1;0.2;0;0;0;0.1;0.02;0.1;0;100;https://cdn0-production-images-kly.akamaized.net/vVBJG9Flt0ncPec4-hGyZftu4og=/1200x900/smart/filters:quality(75):strip_icc():format(jpeg)/kly-media-production/medias/2778801/original/086460500_1556885614-belimbing.jpg;55;Tidak ditemukan dalam literatur – perlu pengisian manual;not_found;Sedang
Belitung talas kukus;98;145;1.2;0.4;34.2;1;21;48;0.9;7;552.6;0.2;0.9;0;0;0;0.08;0.1;2.3;1;100;https://asset-a.grid.id/crop/0x0:0x0/700x0/photo/2020/06/29/1496174786.jpg;55;Trinidad et al. (2010);partial→talas;Sedang
Belut goreng;99;417;25.9;19.4;32;0;337.5;440;4.9;71;217.7;0.3;1.8;0;0;0;0;0.2;3.5;0;100;https://asset.kompas.com/crops/EIwKgK9ZA21scjpbrA9zMJehUIU=/100x67:900x600/750x500/data/photo/2021/03/23/6059483f259e2.jpeg;76;Atkinson et al. (2008);token(goreng)→nasi goreng;Tinggi
Belut segar;100;70;14.6;0.8;1;0;49;155;1.5;55;169;0.2;1.2;0;0;0;0.22;0.12;3.5;0;100;https://cdn0-production-images-kly.akamaized.net/dzEIf_Zb-p6ktRAywNdWHoTH5Wg=/1200x900/smart/filters:quality(75):strip_icc():format(jpeg)/kly-media-production/medias/2760114/original/080217400_1553484954-Cara_budidaya_belut.jpg;55;Tidak ditemukan dalam literatur – perlu pengisian manual;not_found;Sedang
Belutlaut segar;101;93;12.8;1.5;6.1;0;60;199;3;33;175.9;0.1;1;0;3;71;0.06;0;2.7;0;100;https://mfcepusluh.bpsdmkp.kkp.go.id/asset/foto_berita/SIDAT_OK_-1.jpg;55;Tidak ditemukan dalam literatur – perlu pengisian manual;not_found;Sedang
Bengkuang;102;55;1.4;0.2;12.8;1.1;62;80;2;10;68;0.1;0.2;0;0;0;0.1;0.02;0.1;0;100;https://jovee.id/wp-content/uploads/2020/11/shutterstock_1830526784.jpg;55;Tidak ditemukan dalam literatur – perlu pengisian manual;not_found;Sedang
Bentul (Komba)  talas segar;103;98;1.6;0.7;20.9;0.7;44;66;1.5;0;195.5;0.2;0.6;0;0;0;0.02;0.1;0.8;0;86;https://sampangkabmuseumjatim.files.wordpress.com/2014/08/talas.jpg;55;Trinidad et al. (2010);partial→talas;Sedang
Bentul talas kukus;104;71;2.3;0.3;15.4;0.5;29;26;0.6;0;201;0.2;0.6;0;0;0;0.06;0;0;12.5;100;https://i.ytimg.com/vi/zJ9Rg_MIGfY/maxresdefault.jpg;55;Trinidad et al. (2010);partial→talas;Sedang
Beras Cerdas;105;350;2.7;1.1;82.3;6.2;28;351;2.9;225;568;0.2;0.9;0;0;0;0.02;0.2;0.3;0;100;https://1.bp.blogspot.com/-bI9SR2CfOMQ/VIuCEHs40eI/AAAAAAAAAK8/iE3VYEXXno8/s1600/1460018_556060297809682_917149226_n.jpg;72;"Atkinson et al. (2008); Indrasari et al. (2008)";token(beras)→beras putih;Tinggi
Beras ganyong;106;364;3.4;0.7;86.3;4.7;4;47;5;4;72.2;0.2;0.6;0;1;0.1;0.02;0.02;0.3;0;100;https://www.agrofarm.co.id/wp-content/uploads/2022/04/Ganyong-e1651331774497.jpg;72;"Atkinson et al. (2008); Indrasari et al. (2008)";token(beras)→beras putih;Tinggi
Beras Giling;107;360;6.8;0.7;78.9;2;30;68;1.5;10;70;0.1;0.5;0;0;0;0.1;0.04;0.6;0;100;https://images.pexels.com/photos/4187621/pexels-photo-4187621.jpeg?auto=compress&cs=tinysrgb&w=1260&h=750&dpr=1;72;"Atkinson et al. (2008); Indrasari et al. (2008)";token(beras)→beras putih;Tinggi
Beras Giling masak (nasi) ;108;178;2.1;0.1;40.6;2;30;68;1.5;10;70;0.1;0.5;0;0;0;0.1;0.04;0.6;0;100;https://e0.pxfuel.com/wallpapers/769/103/desktop-wallpaper-white-rice-rice-bowl.jpg;72;"Atkinson et al. (2008); Indrasari et al. (2008)";token(beras)→beras putih;Tinggi
Beras giling mentah;109;357;8.4;1.7;77.1;0.2;147;81;1.8;27;71;0.1;0.5;0;0;0;0.2;0.08;2.6;0;100;https://id-test-11.slatic.net/p/f39461bcbf996f071c0e206b97d62889.jpg;72;"Atkinson et al. (2008); Indrasari et al. (2008)";token(beras)→beras putih;Tinggi
Beras giling var pelita mentah;110;369;9.5;1.4;77.1;0.4;68;171;1.4;34;0;0;0;0;0;0;0.26;0;0;0;100;https://rottebakery.com/wp-content/uploads/2022/06/white-rice-flour-small-bowl-with-rice-plant.jpg;72;"Atkinson et al. (2008); Indrasari et al. (2008)";token(beras)→beras putih;Tinggi
Beras giling var rojolele mentah;111;357;8.4;1.7;77.1;0.2;147;81;1.8;34;112.9;0.14;0.1;0;0;80;0.2;0.02;1.5;0;100;https://s0.bukalapak.com/img/06431812631/large/BERAS_ROJOLELE_25KG.png;72;"Atkinson et al. (2008); Indrasari et al. (2008)";token(beras)→beras putih;Tinggi
Beras hitam mentah;112;351;8;1.3;76.9;6.75;6;198;0.1;15;105;0.1;1.6;0;0;0;0.21;0.06;0;0;100;https://statik.tempo.co/data/2022/01/25/id_1083329/1083329_720.jpg;72;"Atkinson et al. (2008); Indrasari et al. (2008)";token(beras)→beras putih;Tinggi
Beras jagung kuning kering mentah;113;358;5.5;0.1;82.7;6.75;20;90;1.4;1;80;0.1;2.5;0;60;0;0.12;0.08;1;3;100;https://thumbs.vdvc.id/olret/images/original/2022/07/21/62d900a97984b-manfaat-tepung-jagung_olret.jpg;52;"Atkinson et al. (2008); Richana et al. (2012)";partial→jagung;Rendah
Beras jagung putih kering mentah;114;307;4.8;0.1;71.8;6.75;17;78;1.2;1;70;0.1;2.5;0;60;0;0.15;0.07;0.9;0;100;https://awsimages.detik.net.id/community/media/visual/2016/05/06/8a8ccd2e-6879-4e3a-9082-e632e117354c.jpg?w=852;52;"Atkinson et al. (2008); Richana et al. (2012)";partial→jagung;Rendah
Beras Ketan Hitam;115;356;7;0.7;78;2;30;68;1.5;10;70;0.1;0.5;0;0;0;0.1;0.04;0.6;0;100;https://img.herstory.co.id/articles/archive_20211203/beras-hitam-20211203-092358.jpg;86;Atkinson et al. (2008);partial→beras ketan;Tinggi
Beras Ketan Hitam kukus;116;181;4;1.2;37.3;2;30;68;1.5;10;70;0.1;0.5;0;0;0;0.1;0.04;0.6;0;100;https://img.freepik.com/free-photo/purple-rice-berries-cooked-wooden-dish-with-mint-leaves_1150-19858.jpg?w=1060&t=st=1683884169~exp=1683884769~hmac=cbae358960d57fe16933cd26ccb63b1353dd59576d26b5334b0f7a9f732a4539;86;Atkinson et al. (2008);partial→beras ketan;Tinggi
Beras Ketan Hitam tape;117;166;3.8;1;34.4;2;30;68;1.5;10;70;0.1;0.5;0;0;0;0.1;0.04;0.6;0;100;https://images.tokopedia.net/img/cache/500-square/VqbcmM/2021/5/19/6313260c-769d-4875-a3b2-ab4681eff412.jpg;86;Atkinson et al. (2008);partial→beras ketan;Tinggi
Beras Ketan Hitam tumbuk;118;360;8;2.3;74.5;2;30;68;1.5;10;70;0.1;0.5;0;0;0;0.1;0.04;0.6;0;100;https://ceklist.id/wp-content/uploads/2021/08/Tepung-Ketan-Hitam-Terbaik.jpg;86;Atkinson et al. (2008);partial→beras ketan;Tinggi
Beras ketan hitam tumbuk mentah;119;360;8;2.3;74.5;1;10;347;6.2;11;288;0.28;2.2;0;0;0;0.24;0.1;2;0;100;https://img.herstory.co.id/articles/archive_20211203/beras-hitam-20211203-092358.jpg;86;Atkinson et al. (2008);partial→beras ketan;Tinggi
Beras Ketan Putih;120;362;6.7;0.7;79.4;2;30;68;1.5;10;70;0.1;0.5;0;0;0;0.1;0.04;0.6;0;100;https://img.freepik.com/free-photo/milled-rice-bowl-wooden-spoon-black-cement-floor_1150-20058.jpg?w=1060&t=st=1683884494~exp=1683885094~hmac=087d2b8d5b7ba0d5d39291bc84cfdab7dd5e308ae534fd542be811d73f1b8eed;86;Atkinson et al. (2008);partial→beras ketan;Tinggi
Beras Ketan Putih kukus;121;163;3;0.4;35.7;2;30;68;1.5;10;70;0.1;0.5;0;0;0;0.1;0.04;0.6;0;100;https://img.freepik.com/free-photo/white-rice-is-placed-cup-wooden-floor_1150-26270.jpg?w=1060&t=st=1683884551~exp=1683885151~hmac=a53080997cbf768ead7314bfb2a4eb430be3da2f4caefbe22061ff25aa62d18d;86;Atkinson et al. (2008);partial→beras ketan;Tinggi
Beras Ketan Putih tape;122;172;3;0.5;37.5;2;30;68;1.5;10;70;0.1;0.5;0;0;0;0.1;0.04;0.6;0;100;https://awsimages.detik.net.id/community/media/visual/2020/06/23/tape-ketan-putih-2.jpeg?w=1280;86;Atkinson et al. (2008);partial→beras ketan;Tinggi
Beras Ketan Putih tumbuk;123;361;7.4;0.8;78.4;2;30;68;1.5;10;70;0.1;0.5;0;0;0;0.1;0.04;0.6;0;100;https://www.melatiputrajaya.com/wp-content/uploads/2021/02/Tepung-Beras-Ketan-sumber-Bola-Keluarga.jpg;86;Atkinson et al. (2008);partial→beras ketan;Tinggi
Beras ketan putih tumbuk mentah;124;361;7.4;0.8;78.4;0.4;13;157;3.4;3;282;0.28;2.2;0;0;0;0.28;0;1.4;0;100;https://s1.bukalapak.com/img/13260261701/large/data.jpeg;86;Atkinson et al. (2008);partial→beras ketan;Tinggi
Beras ladang mentah;125;376;7.5;3.8;78;5.9;20;110;0.8;10;70;0.1;1.4;0;0;0;0.2;0.2;3.5;0;100;https://cf.shopee.co.id/file/7ba3bd8d1b35213b450210a2d8a7bebe;72;"Atkinson et al. (2008); Indrasari et al. (2008)";token(beras)→beras putih;Tinggi
Beras Menir;126;339;7.7;4.4;73;2;30;68;1.5;10;70;0.1;0.5;0;0;0;0.1;0.04;0.6;0;100;https://s1.bukalapak.com/img/11085064122/large/Beras_Menir_Kiloan.jpg;72;"Atkinson et al. (2008); Indrasari et al. (2008)";token(beras)→beras putih;Tinggi
Beras menir mentah;127;362;7.7;4.4;73;0.2;22;272;3.7;90;201;0.1;0.5;0;0;0;0.55;0;1.9;0;100;https://cf.shopee.co.id/file/545e238984fb60430e0c5974baa50a67;72;"Atkinson et al. (2008); Indrasari et al. (2008)";token(beras)→beras putih;Tinggi
Beras Merah tumbuk;128;359;7.5;0.9;77.6;2;30;68;1.5;10;70;0.1;0.5;0;0;0;0.1;0.04;0.6;0;100;https://i0.wp.com/gitacinta.com/wp-content/uploads/2022/06/tepung-beras-merah.jpg?resize=650%2C276&ssl=1;55;Atkinson et al. (2008);partial→beras merah;Sedang
Beras Parboiled;129;364;6.8;0.6;80.1;0.5;5;142;0.8;2;46;0.28;1;0;0;0;0.22;0.11;3.4;0;100;https://nilaigizi.com/assets/images/produk/produk_1565756452.jpeg;72;"Atkinson et al. (2008); Indrasari et al. (2008)";token(beras)→beras putih;Tinggi
Beras parboiled;130;353;6.8;0.6;80;0.5;5;142;0.8;2;46;0.28;1;0;0;0;0.22;0.11;3.4;0;100;https://media.istockphoto.com/id/682901376/id/foto/kantong-penuh-beras-parboiled.jpg?s=170667a&w=0&k=20&c=XIjpCICb6eaZjgGTPXA-gGGo2EQHtQmwnNHny3ce_m8=;72;"Atkinson et al. (2008); Indrasari et al. (2008)";token(beras)→beras putih;Tinggi
Beras Pecah Kulit;131;335;7.4;1.9;76.2;2;30;68;1.5;10;70;0.1;0.5;0;0;0;0.1;0.04;0.6;0;100;https://media.savitri.co.id/content/uploads/2020/11/05111454/Beras-Pecah-Kulit-2-scaled.jpg;72;"Atkinson et al. (2008); Indrasari et al. (2008)";token(beras)→beras putih;Tinggi
Beras Setengah Giling;132;363;7.6;1.1;78.3;2;30;68;1.5;10;70;0.1;0.5;0;0;0;0.1;0.04;0.6;0;100;https://media.istockphoto.com/id/1028702012/id/foto/beras-beras-setengah-giling-atau-beras-sekam.jpg?s=170667a&w=0&k=20&c=Jb-uK5CIE8eS7em_tTN1mI7vwFDbh_D3-ud50g1ODjc=;72;"Atkinson et al. (2008); Indrasari et al. (2008)";token(beras)→beras putih;Tinggi
Beras Siger;133;344;1.1;0.2;28.3;5.6;32;22;5.6;106;77.9;0.1;0.5;0;0;0;0.02;0.1;0.2;0;100;https://www.goodnewsfromindonesia.id/uploads/post/large-beras-singkong-6b6d1b3932ec72a9012d9307b84fd243.jpg;72;"Atkinson et al. (2008); Indrasari et al. (2008)";token(beras)→beras putih;Tinggi
Beras tumbuk mentah;134;354;7.8;0.4;79.9;3.8;3;112;0.6;5;85;0.5;1.5;0;0;0;0.25;0.22;3.5;0;100;https://nilaigizi.com/assets/images/produk/produk_1565756824.jpeg;72;"Atkinson et al. (2008); Indrasari et al. (2008)";token(beras)→beras putih;Tinggi
Beras tumbuk merah mentah;135;352;7.3;0.9;76.2;0.8;15;257;4.2;10;202;0.36;1.9;0;0;0;0.34;0;3.3;0;100;https://www.faunadanflora.com/wp-content/uploads/2016/10/Kandungan-gizi-serta-manfaat-beras-merah-bagi-kesehatan.jpg;72;"Atkinson et al. (2008); Indrasari et al. (2008)";token(beras)→beras putih;Tinggi
Betok wadi masakan;136;145;16.3;7;4.1;0;337.5;440;1.8;69;203;0.75;1.3;0;0;0;0.22;0;0;0;100;https://images.tokopedia.net/img/cache/700/VqbcmM/2021/11/29/26184a0a-29ed-48dc-9c82-ca5e70c66b39.jpg;55;Tidak ditemukan dalam literatur – perlu pengisian manual;not_found;Sedang
Bihun;137;360;4.7;0.1;82.1;1.1;62;80;2;10;68;0.1;0.2;0;0;0;0.1;0.02;0.1;0;100;https://ik.imagekit.io/dcjlghyytp1/2020/03/curry-1609780_1920.jpg?tr=f-auto;58;Atkinson et al. (2008);exact;Sedang
Bihun Goreng ;138;154;3;4.5;25.5;1.1;62;80;2;10;68;0.1;0.2;0;0;0;0.1;0.02;0.1;0;100;https://img.kurio.network/ZxAfF4qJQbpTcsTwVZ5fxE-8_no=/1200x1200/filters:quality(80)/https://kurio-img.kurioapps.com/21/10/17/f29f0fe9-7b93-498a-a6fe-2e0abc82e509.jpe;58;Atkinson et al. (2008);partial→bihun;Sedang
Bihun goreng instan;139;381;6.1;3.9;80.3;0;266;151;2.9;225;0;0;0;0;0;278.75;0.37;0;0;0;100;https://img-global.cpcdn.com/recipes/98b4c2fca1b1e699/1200x630cq70/photo.jpg;58;Atkinson et al. (2008);partial→bihun;Sedang
Bihun Jagung mentah;140;354;0.5;0.3;87.4;3;13;111;0.6;49;1.4;0.4;0;0;0;0;0.02;0.02;0.3;0;100;https://cdn.idntimes.com/content-images/post/20190917/ts3-afd6374f037588e5b1267149563c6ce7.jpg;58;Atkinson et al. (2008);partial→bihun;Sedang
Bihun mentah;141;348;4.7;0.1;82.1;1.2;6;35;1.8;12;5;0.08;0.7;0;0;0;0;0;0.2;0;100;https://asset.kompas.com/crops/dTUuoSNNMAy7MfUGn3xsMru6iQY=/0x0:1000x667/780x390/data/photo/2020/10/25/5f9537b7649a3.jpg;58;Atkinson et al. (2008);partial→bihun;Sedang
Biji Jambu Mete;142;562;21.2;49.6;23.6;1.1;62;80;2;10;68;0.1;0.2;0;0;0;0.1;0.02;0.1;0;100;https://static.republika.co.id/uploads/images/inpicture_slide/biji-jambu-mete-seorang-warga-menunjukkan-biji-jambu-mete-_121124152601-814.jpg;19;Nainggolan & Adimunca (2005) dalam Arif et al. (2013);partial→jambu;Rendah
Biji Jambu Mete goreng;143;629;21.5;56.6;19.8;1.1;62;80;2;10;68;0.1;0.2;0;0;0;0.1;0.02;0.1;0;100;https://jovee.id/wp-content/uploads/2020/09/KACANGMEDE.jpg;19;Nainggolan & Adimunca (2005) dalam Arif et al. (2013);partial→jambu;Rendah
Biji nangka/Biji salak;144;262;2.3;5.4;51.1;6.75;60;80;0.8;10;2;0.6;2;0;60;0;0.1;0.3;0;10;100;https://img-global.cpcdn.com/recipes/0df60642ab5496ab/680x482cq70/122-biji-salak-ber-nangka-foto-resep-utama.jpg;35;Waspadji et al. (2003);partial→salak;Rendah
Bika ambon;145;199;2.1;1.5;44.4;0.3;45;28;1.8;0;0;0;0;0;0;278.75;0.1;0;0;0;100;https://upload.wikimedia.org/wikipedia/commons/4/43/Kue_bika_ambon.JPG;59;Waspadji et al. (2003);token(ambon)→pisang ambon;Sedang
Bika Ambon ;146;225.7;3;0.3;52.9;0.3;45;28;1.8;0;0;0;0;0;0;278.75;0.1;0;0;0;100;https://kurio-img.kurioapps.com/21/08/09/550ddc82-8004-49fe-a427-197fead4eec3.jpe;59;Waspadji et al. (2003);token(ambon)→pisang ambon;Sedang
Bir (4% alkohol);147;48;0.6;0;4.4;1.1;62;80;2;10;68;0.1;0.2;0;0;0;0.1;0.02;0.1;0;100;https://img-cdn.medkomtek.com/9nrwopmWH6OZWfzLJFo3sIIrBns=/0x0/smart/filters:quality(75):strip_icc():format(webp)/article/gHEIB2nYYci1BklN8-Ocn/original/014067600_1615200086-kadar-alkohol-di-dalam-berbagai-jenis-minuman-keras.jpg;55;Tidak ditemukan dalam literatur – perlu pengisian manual;not_found;Sedang
Biskuit;148;458;6.9;14.4;75.1;2.1;62;87;2.7;225;20.3;0.16;0.6;0;14;0;0.09;0.15;1.4;0;100;https://s4.bukalapak.com/bukalapak-kontenz-production/content_attachments/57314/original/main_merek_biskuit_enak_shutterstock.jpg;65;Atkinson et al. (2008);exact;Sedang
Bit;149;42;1.6;0.1;9.6;1.1;62;80;2;10;68;0.1;0.2;0;0;0;0.1;0.02;0.1;0;100;https://static.honestdocs.id/system/blog_articles/main_hero_images/000/002/304/original/14_Manfaat_Buah_Bit_Bagi_Kesehatan_Tubuh.jpg;55;Tidak ditemukan dalam literatur – perlu pengisian manual;not_found;Sedang
Biwah segar;150;51;0.3;0.1;12.1;0.7;220;14;0.8;1;258.6;0;0;0;0;278.75;0.1;0.02;0;4;66;https://cdn.idntimes.com/content-images/community/2019/07/big-1358231-960-720-8ba3de334ccaf29bc9502faa35dd8283_600x400.jpg;55;Tidak ditemukan dalam literatur – perlu pengisian manual;not_found;Sedang
Bonggol Pisang;151;43;2.6;0;11.6;2.45;20;31;0.6;4;171.2;0.1;0.25;0;9;0;0.1;0.03;0.3;10;100;https://lzd-img-global.slatic.net/g/ff/kf/S1463a138f13a4911a9d6d535825ddb61O.jpg_720x720q80.jpg;59;"Hoerudin (2012); Atkinson et al. (2008)";partial→pisang;Sedang
Bonggol Pisang kering;152;245;3.4;0;66.2;2.45;20;31;0.6;4;171.2;0.1;0.25;0;9;0;0.1;0.03;0.3;10;100;https://www.pertanianku.com/wp-content/uploads/2021/04/Keripik-Bonggol-Pisang-Berhasil-Tembus-Pasar-Ekspor.jpg;59;"Hoerudin (2012); Atkinson et al. (2008)";partial→pisang;Sedang
Bongkrek (tempe bungkil);153;119;4.4;3.5;18.3;2.4;133;220;4;6;69.2;0.27;1.2;0;0;0;0.18;0.07;0.7;0;100;https://cf.shopee.co.id/file/a7769b06122c01b56b932750fdbbd06d;25;"Waspadji et al. (2003); Rimbawan & Siagian (2004)";partial→tempe;Rendah
Boros Kunci;154;23;1;0.8;7.2;1.1;62;80;2;10;68;0.1;0.2;0;0;0;0.1;0.02;0.1;0;100;https://assets-a1.kompasiana.com/items/album/2021/01/23/img-20201215-wa0054fix-600b9bfdd541df5c9d4c6c52.jpg;55;Tidak ditemukan dalam literatur – perlu pengisian manual;not_found;Sedang
Boros Laja (lengkuas);155;22;1;0.3;4.7;1.1;62;80;2;10;68;0.1;0.2;0;0;0;0.1;0.02;0.1;0;100;https://nilaigizi.com/assets/images/produk/produk_1537342919.png;55;Tidak ditemukan dalam literatur – perlu pengisian manual;not_found;Sedang
Botok lamtoro;156;186;11.7;9.7;13;2.1;337.5;322;8.2;0;0;0;0;0;0;179;0.27;0;0;2;100;https://sweetrip.id/wp-content/uploads/2022/05/botok-lamtoro.jpg;55;Tidak ditemukan dalam literatur – perlu pengisian manual;not_found;Sedang
Brem;157;249;3.4;0.4;58;0;198;86;2;0;0;0;0;0;0;240;0.34;0;0;0;100;https://upload.wikimedia.org/wikipedia/commons/c/c4/Brem_Madiun.JPG;55;Tidak ditemukan dalam literatur – perlu pengisian manual;not_found;Sedang
Brondong ;158;400;4;0.7;95.3;1.1;62;80;2;10;68;0.1;0.2;0;0;0;0.1;0.02;0.1;0;100;https://cdn.idntimes.com/content-images/community/2020/07/lg-k15522919710053-2-25e6aa2e5c1611522cabcd2dad7de10f.jpg;55;Tidak ditemukan dalam literatur – perlu pengisian manual;not_found;Sedang
Brongkos;159;141;15.3;3.3;12.6;1;87;97;5.1;0;0;0;0;0;0;278.75;0.4;0;0;0;100;https://asset.kompas.com/crops/GCuybR2DVru6BFg_rszv6WI4n_g=/0x0:1000x667/780x390/data/photo/2020/11/02/5f9f84e0407e9.jpg;55;Tidak ditemukan dalam literatur – perlu pengisian manual;not_found;Sedang
Buah Atung;160;23;0.8;0.2;5.2;2.45;20;31;0.6;4;171.2;0.1;0.25;0;9;0;0.1;0.03;0.3;10;100;https://docplayer.info/docs-images/102/153072846/images/35-4.jpg;45;Tidak ditemukan dalam literatur – perlu pengisian manual;not_found;Rendah
Buah kelenting segar;161;110;1.4;2.1;21.4;0;8;102;1.1;2;0;0.3;0.9;0;0;0;0.2;0.1;0;6;77;https://bibitbunga.com/wp-content/uploads/2016/09/tanaman-labu-madu-butternut-squash.jpg;45;Tidak ditemukan dalam literatur – perlu pengisian manual;not_found;Rendah
Buah kelor;162;38;1.5;0.2;7.5;3.2;30;54;0;48;216;0;0.2;0;31;0;0.1;0.1;3.5;12.5;65;https://statik.tempo.co/data/2020/09/18/id_967992/967992_720.jpg;45;Tidak ditemukan dalam literatur – perlu pengisian manual;not_found;Rendah
Buah kom segar;163;264;4;1.1;59.6;6.75;306;92;0.8;0;0;0;0;0;0;278.75;0.11;0;0;9;100;https://images.tokopedia.net/img/cache/500-square/VqbcmM/2021/2/25/8a8932b4-ab82-4346-835e-07171fc1afec.jpg;45;Tidak ditemukan dalam literatur – perlu pengisian manual;not_found;Rendah
Buah Mentega (bisbul);164;39;0.7;0.2;9.7;2.45;20;31;0.6;4;171.2;0.1;0.25;0;9;0;0.1;0.03;0.3;10;100;https://cdns.klimg.com/merdeka.com/i/w/news/2020/07/07/1195681/content_images/670x335/20200707152852-1-ilsutrasi-buah-mentega-atau-bisbul-002-nurul-diva-kautsar.jpg;0;Atkinson et al. (2008) – tidak mengandung karbohidrat;partial→mentega;Tidak signifikan (non-karbohidrat)
Buah merah;165;87;2.6;2.7;13.1;4;30;1;1.1;110;140;0.1;0.3;0;0;0;0.555;0.1;0.2;12.5;100;https://suaramandiri.co/wp-content/uploads/2023/03/Buah-Merah-Papua.jpg;55;Atkinson et al. (2008);token(merah)→nasi merah;Sedang
Buah Naga Merah segar;166;71;1.7;3.1;9.1;3.2;13;14;0.4;10;128;0;0.4;0;0;0;0.5;0.3;0.5;1;66.5;https://www.static-src.com/wcsstore/Indraprastha/images/catalog/full//85/MTA-51432240/no-brand_buah-naga-merah-segar-fresh-1-pcs_full01.jpg;55;Atkinson et al. (2008);token(merah)→nasi merah;Sedang
Buah Naga Putih segar;167;56;0.8;1;10.9;3.2;13;27;0.5;7;231;0;0.4;0;0;0;0.02;0.3;0.9;1;73.6;https://cf.shopee.co.id/file/957f1f3ed49275a0fe2f2d9ac37524e4;72;"Atkinson et al. (2008); Waspadji et al. (2003)";token(putih)→nasi putih;Tinggi
Buah negri segar;168;55;1.2;0.1;12.2;5.2;30;40;0.2;10;0;0.1;0.3;0;60;0;0.33;0.03;0.1;9;48;https://res.cloudinary.com/dk0z4ums3/image/upload/v1648442001/attached_image/manfaat-buah-markisa-yang-perlu-anda-ketahui.jpg;45;Tidak ditemukan dalam literatur – perlu pengisian manual;not_found;Rendah
Buah Nona;169;101;1.7;0.6;25.2;2.45;20;31;0.6;4;171.2;0.1;0.25;0;9;0;0.1;0.03;0.3;10;100;https://www.pantau.com/wp-content/uploads/2022/04/191111044328-buah-nona-buah-langka-yang-memiliki-segundang-manfaat-bagi-kesehatan.jpg;45;Tidak ditemukan dalam literatur – perlu pengisian manual;not_found;Rendah
Buah rotan segar;170;78;0.6;0.3;18.2;0;1;7;3.4;7;495;0.3;0.7;0;0;0;0.12;0;0;5;100;https://images.tokopedia.net/img/cache/700/hDjmkQ/2022/4/12/ad4d114e-599c-444e-9c1f-afa012cc8316.jpg;45;Tidak ditemukan dalam literatur – perlu pengisian manual;not_found;Rendah
Buah rukam segar;171;113;0.8;0.3;26.8;6.75;108;52;1.2;2;219;0.3;0.9;0;17;0;0.06;0.01;0;12.5;100;https://manfaat.co.id/wp-content/uploads/2017/08/Screenshot_2.png;45;Tidak ditemukan dalam literatur – perlu pengisian manual;not_found;Rendah
Buah ruruhi segar;172;29;2.1;0.7;3.6;2.6;6;7;0;36;45;0;0.1;0;7;0;0.06;0.01;0;10;82;https://cdn.shopify.com/s/files/1/0622/5965/9011/products/1_a8cfaab8-ecf5-41e0-a3fa-afc050a13393_1445x.jpg?v=1657438074;45;Tidak ditemukan dalam literatur – perlu pengisian manual;not_found;Rendah
Buah tuppa segar;173;67;0.4;0.2;15.9;0;12;139;0.5;2;0;0.2;0.5;0;0;0;0.04;0.01;0;5;100;https://drive.google.com/file/d/1LZOGoU3M3XcPbU5_HaAZ26ybCTbiTXpT/view?usp=sharing;45;Tidak ditemukan dalam literatur – perlu pengisian manual;not_found;Rendah
Buaya daging dendeng mentah;174;365;49.6;4.8;30.8;0;60;130;4.3;225;680;0.2;2.5;0;0;0;0;0;0.2;0;100;https://cf.shopee.co.id/file/e818d175e0423862b94c46e45e1ce055;0;Atkinson et al. (2008) – tidak mengandung karbohidrat;token(daging)→daging sapi;Tidak signifikan (non-karbohidrat)
Bubur ;175;60;1;60;13;2;30;68;1.5;10;70;0.1;0.5;0;0;0;0.1;0.04;0.6;0;100;https://awsimages.detik.net.id/community/media/visual/2021/12/13/resep-bubur-ayam-cincang_43.jpeg?w=1200;78;Atkinson et al. (2008);partial→bubur nasi;Tinggi
Bubur sagu;176;167;0.2;4;33;0;3;3;0.1;7;0;0.1;0.1;0;0;0;0.555;0;0.1;0;100;https://img-global.cpcdn.com/recipes/541f0543f5b40b2a/680x482cq70/bubur-sagu-foto-resep-utama.jpg;70;Haliza et al. (2006) dalam Arif et al. (2013);partial→sagu;Sedang
Bubur tinotuan (Manado);177;156;2.3;0.2;15.6;6.75;41;20;0.4;225;164;0.3;0.4;0;60;0;0.1;0.04;0;12.5;100;https://asset.kompas.com/crops/8IPl4RcIfLh3fkwXhKHPuPHqoz8=/81x22:892x563/750x500/data/photo/2020/05/13/5ebbdec618a37.jpg;78;Atkinson et al. (2008);token(bubur)→bubur nasi;Tinggi
Bulgogi masakan;178;72;11.4;4.9;1.4;1.7;214;86;2.5;225;0;0;0;0;0;0;0.555;0;0;0;100;https://asset.kompas.com/crops/MGdiKvcc-R0j5purun8FmiLeX_U=/0x0:0x0/750x500/data/photo/2020/12/23/5fe2c9413a6ce.jpg;55;Tidak ditemukan dalam literatur – perlu pengisian manual;not_found;Sedang
Bulung Jajan;179;212;16.9;0.2;47.6;1.1;62;80;2;10;68;0.1;0.2;0;0;0;0.1;0.02;0.1;0;100;https://chanelmuslim.com/wp-content/uploads/2016/04/jaje-bulung.jpg;55;Tidak ditemukan dalam literatur – perlu pengisian manual;not_found;Sedang
Bulung Sangu;180;237;14.7;0.2;56;1.1;62;80;2;10;68;0.1;0.2;0;0;0;0.1;0.02;0.1;0;100;https://upload.wikimedia.org/wikipedia/commons/thumb/7/79/Bulung.jpg/1200px-Bulung.jpg;55;Tidak ditemukan dalam literatur – perlu pengisian manual;not_found;Sedang
Buncis;181;35;2.4;0.2;7.7;1.1;62;80;2;10;68;0.1;0.2;0;0;0;0.1;0.02;0.1;0;100;https://medicillin.com/admin/upload/images/information/584770af1e043.png;30;Waspadji et al. (2003);exact;Rendah
Buncis asam;182;60;5.1;0.5;8.5;1.1;62;80;2;10;68;0.1;0.2;0;0;0;0.1;0.02;0.1;0;100;https://asset-a.grid.id/crop/0x0:0x0/700x465/photo/sasefoto/original/35264_asem-asem-buncis.JPG;30;Waspadji et al. (2003);partial→buncis;Rendah
Buncis rebus;183;30;2.2;0.2;6.4;1.5;107;47;0.5;7;138.9;0.1;0.3;0;1;278.75;0.01;0.29;2;8;100;https://d1vbn70lmn1nqe.cloudfront.net/prod/wp-content/uploads/2022/11/15080206/selain-enak-ini-manfaat-buncis-rebus-yang-baik-untuk-kesehatan-halodoc.jpg;30;Waspadji et al. (2003);partial→buncis;Rendah
Bunga pepaya segar;184;45;2.6;0.3;8.1;1.6;290;113;4.2;2;478.3;0.08;0.8;0;60;5;0.01;0.28;1;12.5;100;https://images.tokopedia.net/img/cache/500-square/product-1/2017/11/18/6350250/6350250_3b502bca-8413-4817-8625-302d3e4a21c0_626_381.jpg;55;"Hoerudin (2012); Atkinson et al. (2008)";partial→pepaya;Sedang
Bunga turi segar;185;42;2;1.1;6.1;3.3;28;23;0.8;29;97.4;0.1;0.6;0;60;0;0.5;0.02;0.4;1;96.1;https://images.tokopedia.net/img/cache/500-square/VqbcmM/2021/4/19/7e20d10e-a941-42aa-830a-bfa672dc2a81.jpg;55;Tidak ditemukan dalam literatur – perlu pengisian manual;not_found;Sedang
Bungkil Biji Karet;186;333;29.3;3.3;50;0;102;440;8.2;0;0;0;0;0;0;0;0.1;0;0;0;100;https://www.pertanianku.com/wp-content/uploads/2021/04/Manfaat-Biji-Karet-Selain-Jadi-Benih.jpg;19;Nainggolan & Adimunca (2005) dalam Arif et al. (2013);token(biji)→jambu biji;Rendah
Bungkil Kacang Tanah;187;336;37.4;13;30.5;0;337.5;440;8.2;0;0;0;0;0;0;0;0.04;0;0;0;100;https://images.tokopedia.net/img/cache/700/VqbcmM/2021/10/20/34e1ca8b-cb9d-46ae-8088-0c9ea431f9f6.jpg;14;Atkinson et al. (2008);partial→kacang tanah;Rendah
Bungkil Kelapa;188;368;23;15;40;0;137;433;8.2;0;0;0;0;0;0;0;0;0.3;3.5;0;100;https://images.tokopedia.net/img/cache/700/hDjmkQ/2022/1/29/4e91f29e-92d7-4178-a7d2-774f994714e1.jpg;0;Atkinson et al. (2008) – tidak mengandung karbohidrat;token(kelapa)→minyak kelapa;Tidak signifikan (non-karbohidrat)
Buntil ;189;106;4.4;6.3;7.9;1.1;62;80;2;10;68;0.1;0.2;0;0;0;0.1;0.02;0.1;0;100;https://asset.kompas.com/crops/vCayyRtg4fGtL3Y9EnpXrWr_TIw=/3x0:700x465/750x500/data/photo/2021/02/08/6020e623372b3.jpg;55;Tidak ditemukan dalam literatur – perlu pengisian manual;not_found;Sedang
Buntil daun talas;190;141;4.4;10.2;8;1.8;149;121;8.2;0;0;0;0;0;0;278.75;0.25;0;0;1;100;https://i0.wp.com/borobudurnews.com/wp-content/uploads/2021/05/buntil-daun-talas-khas-Magelang.jpg?fit=979%2C579&ssl=1;55;Trinidad et al. (2010);partial→talas;Sedang
Buras ;191;125.7;3.3;1.9;23.9;1.1;62;80;2;10;68;0.1;0.2;0;0;0;0.1;0.02;0.1;0;100;https://www.masakapahariini.com/wp-content/uploads/2022/06/resep-buras.jpg;55;Tidak ditemukan dalam literatur – perlu pengisian manual;not_found;Sedang
Burung sarang segar;192;281;37.5;0.3;32.1;0;337.5;18;3;0;0;0;0;0;0;0;0;0;0;0;100;https://premiumnest-5c4c.kxcdn.com/wp-content/uploads/2016/07/SS_white_900x600-4.jpg;55;Tidak ditemukan dalam literatur – perlu pengisian manual;not_found;Sedang
Cabai gembor merah segar;193;38;1.6;0.8;6.3;1.6;49;41;1.1;7;275;0.12;0.2;0;60;278.75;0.21;0.12;0;12.5;89;https://id-test-11.slatic.net/p/26cd07379e953e1da920c5c6d5b4bf00.jpg;55;Atkinson et al. (2008);token(merah)→nasi merah;Sedang
Cabai hijau segar;194;26;0.7;0.3;5.2;2.6;14;23;0.4;7;151;0.08;0.2;0;44;260;0.05;0.06;0.4;12.5;82;https://nilaigizi.com/assets/images/produk/produk_1537342967.jpg;25;"Marsono (2002); Atkinson et al. (2008)";token(hijau)→kacang hijau;Rendah
Cabai merah kering;195;367;15.9;6.2;61.8;6.75;160;370;2.3;25;181.5;0.75;1.8;0;0;278.75;0.4;0.3;3.5;12.5;85;https://images.tokopedia.net/img/cache/700/product-1/2020/1/7/44364556/44364556_3ec62498-a7f5-4370-9a73-06ca62573e39_1024_1024;55;Atkinson et al. (2008);token(merah)→nasi merah;Sedang
Cabai merah segar;196;36;1;0.3;7.3;1.4;29;24;0.5;23;272.4;0.12;0.2;0;60;278.75;0.05;0.09;3;12.5;85;https://asset-a.grid.id/crop/0x0:0x0/700x465/photo/2019/03/09/2750049933.jpg;55;Atkinson et al. (2008);token(merah)→nasi merah;Sedang
Cabai rawit segar;197;120;4.7;2.4;19.9;6.75;45;85;2.5;34;706.2;0.29;0.6;0;60;0;0.24;0.09;1.7;12.5;85;https://asset.kompas.com/crops/0bQZazreqC3rXuoZOPv1FDQWLl4=/0x0:1000x667/750x500/data/photo/2020/03/26/5e7cbe05c9d12.jpg;55;Tidak ditemukan dalam literatur – perlu pengisian manual;not_found;Sedang
Caisin segar;198;20;1.7;0.4;3.4;1.2;123;40;1.9;18;358.2;0.05;1.4;0;60;278.75;0.04;0.19;0.6;3;100;https://images.tokopedia.net/img/cache/700/product-1/2020/4/5/5400804/5400804_d23967b7-039f-4904-97d8-6a303aae6628_1051_1051.jpg;55;Tidak ditemukan dalam literatur – perlu pengisian manual;not_found;Sedang
Cakalang asar (asap papua);199;155;20.1;3.8;10.2;1.1;62;80;2;10;68;0.1;0.2;0;0;0;0.1;0.02;0.1;0;100;https://indonesiakaya.com/wp-content/uploads/2020/10/Ikan_Asar_yang_sudah_matang_dan_siap_untuk_disajikan_atau_diolah_lagi_.jpg;55;Tidak ditemukan dalam literatur – perlu pengisian manual;not_found;Sedang
Cake tape;200;323;4.9;11.5;50.1;1.4;131;83;2.6;0;0;0;0;0;0;278.75;0.38;0.16;0.3;0;100;https://resepkoki.id/wp-content/uploads/2016/12/Resep-Bolu-Tape.jpg;55;Tidak ditemukan dalam literatur – perlu pengisian manual;not_found;Sedang
Cammetutu;201;102;3.2;6;8.7;4.3;41;93;0.5;225;518;0.3;0.7;0;60;0;0.3;0.3;0.4;12.5;100;https://1.bp.blogspot.com/-Zmr_06Y7tCo/Xgw2ac9m9JI/AAAAAAAAEwg/qTFriUUdEGUpqOfGkkxvlY5STGOXhlUiQCLcBGAsYHQ/s1600/Camme%2BTuttu.png;55;Tidak ditemukan dalam literatur – perlu pengisian manual;not_found;Sedang
Cantel mentah;202;366;11;3.3;73;1.2;28;287;4.4;7;249;0;0;0;0;0;0.09;0.14;2.8;0;100;https://nilaigizi.com/assets/images/produk/produk_1565757095.jpg;55;Tidak ditemukan dalam literatur – perlu pengisian manual;not_found;Sedang
Cap cai sayur;203;97;5.8;6.3;4.2;0.6;287;89;1.8;225;0;0;0;0;0;278.75;0.21;0;0;1;100;https://awsimages.detik.net.id/community/media/visual/2021/12/25/resep-capcay-kuah-kental.jpeg?w=1200;15;Tidak ditemukan dalam literatur – perlu pengisian manual;not_found;Rendah
Carica papaya segar;204;24;1.9;0.2;3.7;1;51;33;1.8;0;0;0;0;0;0;278.75;0.32;0.07;0;12.5;60;https://i0.wp.com/ygi.or.id/wp-content/uploads/2021/10/Manfaat-pepaya-www.ygi_.or_.id_.jpg?resize=678%2C381&ssl=1;55;Tidak ditemukan dalam literatur – perlu pengisian manual;not_found;Sedang
Cassavastick;205;460;0.8;18.7;17.2;1.6;144;58;7.5;0;0;0;0;0;0;107;0.19;0.07;0.1;0;100;https://img-global.cpcdn.com/recipes/28197e7ad5840e48/680x482cq70/cassava-cheese-stick-with-veggies-foto-resep-utama.jpg;55;Tidak ditemukan dalam literatur – perlu pengisian manual;not_found;Sedang
Cempedak;206;116;3;0.4;28.6;1.1;62;80;2;10;68;0.1;0.2;0;0;0;0.1;0.02;0.1;0;100;https://images.genpi.co/uploads/kalbar/arsip/normal/2022/07/15/buah-cempedak-foto-istockphotocom-n3j5.jpg;55;Tidak ditemukan dalam literatur – perlu pengisian manual;not_found;Sedang
Cengkeh kering;207;330;5.2;8.9;57.4;6.75;337.5;100;4.9;225;775;0.3;0;0;60;0;0;0;0;0;100;https://nilaigizi.com/assets/images/produk/produk_1537345513.jpg;55;Tidak ditemukan dalam literatur – perlu pengisian manual;not_found;Sedang
Centel;208;332;11;3.3;73;1.1;62;80;2;10;68;0.1;0.2;0;0;0;0.1;0.02;0.1;0;100;https://img.freepik.com/free-photo/heap-millet-seeds-dark-background_1150-38166.jpg?w=1060&t=st=1683885686~exp=1683886286~hmac=d9a1010ca20cfd33db12bc7a1c50098ab7bba4f439fd6de5ee690bc62d2f9230;55;Tidak ditemukan dalam literatur – perlu pengisian manual;not_found;Sedang
Ceriping getuk singkong;209;462;1.2;20.7;67.7;0.6;337.5;172;8.2;0;0;0;0;0;0;152;0.29;0.02;0.5;0;100;https://cf.shopee.co.id/file/ee6c6b19853ec0734ceff90d980e685c;75;Atkinson et al. (2008);partial→singkong;Tinggi
Chicken teriyaki masakan;210;168;13;9.6;7.5;0.8;137;106;3.1;225;0;0;0;0;0;278.75;0.555;0;0;0;100;https://img-global.cpcdn.com/recipes/ff7dc38da72458fa/680x482cq70/ayam-teriyaki-ala-hokben-foto-resep-utama.jpg;0;Tidak ditemukan dalam literatur – perlu pengisian manual;not_found;Tidak signifikan (non-karbohidrat)
Chikiniku masakan;211;143;9.8;1.4;22.8;0.4;301;63;2;225;0;0;0;0;0;278.75;0.555;0;0;0;100;https://drive.google.com/file/d/1LZOGoU3M3XcPbU5_HaAZ26ybCTbiTXpT/view?usp=sharing;55;Tidak ditemukan dalam literatur – perlu pengisian manual;not_found;Sedang
Coklat bubuk;212;311;8;4;48.9;6.75;125;440;8.2;0;0;0;0;0;0;30;0.12;0;0.6;0;100;https://static.sehatq.com/content/review/image/1622196432.jpeg;55;Tidak ditemukan dalam literatur – perlu pengisian manual;not_found;Sedang
Coklat Manis batang;213;472;2;29.8;62.7;6.5;63;287;2.8;6;499.5;0;0;0;0;30;0.03;0.02;0;0;100;https://www.mampu.or.id/wp-content/uploads/2022/10/6007a9065cace.jpeg;55;Amalia et al. (2011) dalam Arif et al. (2013);token(manis)→jagung manis;Sedang
Coklat Pahit batang;214;504;5.5;52.9;29.2;6.75;98;440;4.4;20;708.3;0.75;2.5;0;2;60;0.05;0.08;1;0;100;https://nilaigizi.com/assets/images/produk/produk_1535873875.jpg;55;Tidak ditemukan dalam literatur – perlu pengisian manual;not_found;Sedang
Coklat Susu batang;215;381;9;35;53.6;3.4;200;200;2;100;405.5;0.49;2.3;0;54;30;0.08;0.3;0.5;0;100;https://www.nyonyor.com/wp-content/uploads/2018/11/Harga-Coklat-Batangan-Terbaru-540x350.jpg;31;Atkinson et al. (2008);partial→susu;Rendah
Combro ;216;210;1.6;6.6;35.8;1.1;62;80;2;10;68;0.1;0.2;0;0;0;0.1;0.02;0.1;0;100;https://assets.suaramerdeka.com/crop/7x38:699x495/750x500/webp/photo/2021/11/01/2899515089.jpg;55;Tidak ditemukan dalam literatur – perlu pengisian manual;not_found;Sedang
Corned Beef;217;241;16;25;0;1.1;62;80;2;10;68;0.1;0.2;0;0;0;0.1;0.02;0.1;0;100;https://www.jessicagavin.com/wp-content/uploads/2023/03/corned-beef-hash-15-1200.jpg;55;Tidak ditemukan dalam literatur – perlu pengisian manual;not_found;Sedang
Coto mangkasara kuda masakan;218;96;6.8;5.9;3.8;0;11;106;2.3;96;31;0.1;1;0;0;0;0.23;0.14;3.5;0;100;https://eljohnnews.com/wp-content/uploads/2018/08/Wisata-Kuliner-Coto-Makassar.png;55;Tidak ditemukan dalam literatur – perlu pengisian manual;not_found;Sedang
Coto mangkasara sapi masakan;219;84;6;6;1.4;0;8;104;4;90;25;0.3;0.6;0;0;0;0.16;0.14;0;0;100;https://asset.kompas.com/crops/ljY1r3f3HJaNEuLip3iARQOaK-E=/0x1226:3000x3226/750x500/data/photo/2021/06/11/60c2acf88c6f0.jpg;31;Atkinson et al. (2008);token(sapi)→susu sapi;Rendah
Cue Selar Kuning;220;145;27;2.3;0;1.1;62;80;2;10;68;0.1;0.2;0;0;0;0.1;0.02;0.1;0;100;https://images.tokopedia.net/img/cache/500-square/VqbcmM/2021/8/14/a5d8db60-6ecb-4ddc-9375-7d0e6c35ad79.jpg;75;Atkinson et al. (2008);token(kuning)→labu kuning;Tinggi
Cuka;221;12;0.1;0.1;5;0;7;10;0.5;21;37.8;0;0;0;0;0;0.24;0;0.7;0;100;https://images.bisnis.com/posts/2021/02/01/1350454/cuka.jpg;55;Tidak ditemukan dalam literatur – perlu pengisian manual;not_found;Sedang
Cumi-cumi goreng;222;265;40.6;10.1;0;0;62;270;2.7;86;81.9;0;0;0;56;0;0.09;0;3.5;0;100;https://i0.wp.com/resepmasakandapurarie.com/wp-content/uploads/2014/09/Resep-Cumi-Goreng-Tepung-Crispy-.jpg;40;Atkinson et al. (2008);partial→mi goreng;Rendah
Cumi-cumi segar;223;75;16.1;0.7;0.1;0;32;200;1.8;37;204.1;0.75;1.3;0;20;0;0.08;0;2.5;0;100;https://www.malang-guidance.com/wp-content/uploads/2018/02/Supplier-Cumi-Segar-Malang.jpg;0;Atkinson et al. (2008) – tidak mengandung karbohidrat;partial→cumi;Tidak signifikan (non-karbohidrat)
Daging Anak Sapi;224;190;19.1;12;0;0;62;196.5;4;108;191.5;0.105;1.05;0;0;0;0.135;0.055;0.45;0;100;https://media.istockphoto.com/id/1138359907/id/foto/daging-escalope-potongan-daging-mentah.jpg?s=612x612&w=0&k=20&c=z5mFkMyiVftjcWw5Ll8ghKdWcK0k6byDA6azNQXr7R8=;0;Atkinson et al. (2008) – tidak mengandung karbohidrat;token(daging)→daging sapi;Tidak signifikan (non-karbohidrat)
Daging Asap;225;191;32;6;0;0;62;196.5;4;108;191.5;0.105;1.05;0;0;0;0.135;0.055;0.45;0;100;https://asset.kompas.com/crops/hysnw0J-U1aA8CzBNW5j_uEC3s8=/0x476:1080x1196/750x500/data/photo/2022/03/22/6239bc36b14f4.jpg;0;Atkinson et al. (2008) – tidak mengandung karbohidrat;token(daging)→daging sapi;Tidak signifikan (non-karbohidrat)
Daging Babi Gemuk;226;457;11.6;45;0;0;62;196.5;4;108;191.5;0.105;1.05;0;0;0;0.135;0.055;0.45;0;100;https://assets.pikiran-rakyat.com/crop/0x53:1280x855/x/photo/2020/05/11/151297858.jpg;0;Atkinson et al. (2008) – tidak mengandung karbohidrat;token(daging)→daging sapi;Tidak signifikan (non-karbohidrat)
Daging Babi Kurus;227;376;14.1;35;0;0;62;196.5;4;108;191.5;0.105;1.05;0;0;0;0.135;0.055;0.45;0;100;https://png.pngtree.com/thumb_back/fw800/background/20220318/pngtree-photo-of-fresh-pork-and-lean-meat-image_1019860.jpg;0;Atkinson et al. (2008) – tidak mengandung karbohidrat;token(daging)→daging sapi;Tidak signifikan (non-karbohidrat)
Daging Domba;228;206;17.1;14.8;0;0;62;196.5;4;108;191.5;0.105;1.05;0;0;0;0.135;0.055;0.45;0;100;https://news.unair.ac.id/wp-content/uploads/2020/10/Daging-Domba.jpg;0;Atkinson et al. (2008) – tidak mengandung karbohidrat;token(daging)→daging sapi;Tidak signifikan (non-karbohidrat)
Daging Kambing;229;154;16.6;9.2;0;0;62;196.5;4;108;191.5;0.105;1.05;0;0;0;0.135;0.055;0.45;0;100;https://imgx.parapuan.co/crop/0x0:0x0/x/photo/2021/07/20/istock-538918713jpg-20210720042557.jpg;0;Atkinson et al. (2008) – tidak mengandung karbohidrat;exact;Tidak signifikan (non-karbohidrat)
Daging Kerbau;230;84;18.7;0.5;0;0;62;196.5;4;108;191.5;0.105;1.05;0;0;0;0.135;0.055;0.45;0;100;https://awsimages.detik.net.id/community/media/visual/2016/07/15/209987a0-2b65-461e-aec5-e7432a4012f2_169.jpg?w=700&q=90;0;Atkinson et al. (2008) – tidak mengandung karbohidrat;token(daging)→daging sapi;Tidak signifikan (non-karbohidrat)
Daging Kuda;231;118;18.1;4.1;0.9;0;62;196.5;4;108;191.5;0.105;1.05;0;0;0;0.135;0.055;0.45;0;100;https://awsimages.detik.net.id/community/media/visual/2021/07/29/fakta-daging-kuda-2.jpeg?w=724;0;Atkinson et al. (2008) – tidak mengandung karbohidrat;token(daging)→daging sapi;Tidak signifikan (non-karbohidrat)
Daging Sapi;232;207;18.8;14;0;0;62;196.5;4;108;191.5;0.105;1.05;0;0;0;0.135;0.055;0.45;0;100;https://asset.kompas.com/crops/loXNzgMXFEX_3avDpy_53_3rXsU=/1x0:1000x666/750x500/data/photo/2021/07/14/60ee601a87545.jpg;0;Atkinson et al. (2008) – tidak mengandung karbohidrat;exact;Tidak signifikan (non-karbohidrat)
Daun bangun-bangun segar;233;27;1.3;0.6;4;1;279;40;8.2;4;144;0;0;0;60;278.75;0.16;0.1;0;5;66;https://assets-a1.kompasiana.com/items/album/2021/11/23/bangun-bangun-bks-619c4900c26b7758a7749f33.jpg;15;Tidak ditemukan dalam literatur – perlu pengisian manual;not_found;Rendah
Daun Bawang;234;29;1.8;0.7;5.2;1.1;62;80;2;10;68;0.1;0.2;0;0;0;0.1;0.02;0.1;0;100;https://asset.kompas.com/crops/u8jpueVME4sJk32KP-0Rnjg9o1I=/479x0:1500x681/750x500/data/photo/2022/05/07/6275586c1ce7d.jpg;15;Tidak ditemukan dalam literatur – perlu pengisian manual;not_found;Rendah
Daun bawang  merah segar;235;41;2;0.3;7.8;2.1;60;40;2.3;30;90;0.1;0.3;0;60;0;0.1;0.1;0.2;11;67;https://media.istockphoto.com/id/597675376/id/foto/daun-bawang-merah-segar.jpg?s=1024x1024&w=is&k=20&c=vjx8lvI9LQGkXe24K8FT_GTriW-k3B1azWaSWpAiQwY=;55;Atkinson et al. (2008);token(merah)→nasi merah;Sedang
Daun bebuas segar;236;41;2.7;1;7.3;2.1;29;245;1.5;0;0;0;0;0;0;278.75;0.01;0;0;3;49;https://images.tokopedia.net/img/cache/500-square/VqbcmM/2021/3/26/eb897228-88e3-49ce-8fad-40ba10721e37.jpg;15;Tidak ditemukan dalam literatur – perlu pengisian manual;not_found;Rendah
Daun belem segar;237;50;4.4;1.4;7.8;1.9;337.5;151;7.5;0;0;0;0;0;0;278.75;0.05;0;0;12.5;81;https://lzd-img-global.slatic.net/g/p/92f6ecf8d15adbd5af6f3045c6bf6bbb.jpg_720x720q80.jpg;15;Tidak ditemukan dalam literatur – perlu pengisian manual;not_found;Rendah
Daun Beluntas;238;42;1.8;0.5;9.4;1.1;62;80;2;10;68;0.1;0.2;0;0;0;0.1;0.02;0.1;0;100;https://res.cloudinary.com/dk0z4ums3/image/upload/v1616413651/attached_image/5-manfaat-daun-beluntas-untuk-kesehatan.jpg;15;Tidak ditemukan dalam literatur – perlu pengisian manual;not_found;Rendah
Daun Cincau;239;122;6;1;26;1.1;62;80;2;10;68;0.1;0.2;0;0;0;0.1;0.02;0.1;0;100;https://cdns.klimg.com/merdeka.com/i/w/news/2020/09/04/1216320/content_images/670x335/20200904010226-2-ilustrasi-cincau-perdu-premna-oblongifolia-001-tantri-setyorini.jpg;15;Tidak ditemukan dalam literatur – perlu pengisian manual;not_found;Rendah
Daun Gandaria;240;60;3.1;0.3;14;1.1;62;80;2;10;68;0.1;0.2;0;0;0;0.1;0.02;0.1;0;100;https://www.socfindoconservation.co.id/asset/plant/701-1-pterospermum-javanicum.jpg;15;Tidak ditemukan dalam literatur – perlu pengisian manual;not_found;Rendah
Daun gedi besar segar;241;58;2.9;0.7;10;3.3;337.5;100;1.9;30;40;0.2;2.1;0;60;0;0.4;0.3;2.8;11;65;https://cdns.klimg.com/merdeka.com/i/w/news/2020/10/13/1231070/content_images/670x335/20201013233812-2-ilustrasi-daun-gedi-001-tantri-setyorini.jpg;15;Tidak ditemukan dalam literatur – perlu pengisian manual;not_found;Rendah
Daun gelang segar;242;30;1.3;0.7;5.8;1.3;337.5;210;8.2;5;333.3;0.31;1.2;0;60;278.75;0.01;0.14;0.7;1;52;https://images.tokopedia.net/img/cache/700/product-1/2018/1/9/12396679/12396679_0dc228fb-e120-4f24-9d2e-da5123ba2f53_500_443.jpg;15;Tidak ditemukan dalam literatur – perlu pengisian manual;not_found;Rendah
Daun gunda bali segar;243;50;4.6;0.9;7;1.4;167;62;0.5;0;0;0;0;0;0;278.75;0.05;0;0;12.5;49;https://www.satuharapan.com/uploads/pics/news_77177_1515750542.jpg;15;Tidak ditemukan dalam literatur – perlu pengisian manual;not_found;Rendah
Daun gunda serang segar;244;62;4.2;0.9;9.2;1.3;171;64;0.6;0;0;0;0;0;0;278.75;0.02;0;0;12.5;47;https://www.satuharapan.com/uploads/pics/news_77177_1515750542.jpgg;15;Tidak ditemukan dalam literatur – perlu pengisian manual;not_found;Rendah
Daun Jambu Mete muda;245;73;4.6;0.5;16.2;1.1;62;80;2;10;68;0.1;0.2;0;0;0;0.1;0.02;0.1;0;100;https://images.tokopedia.net/img/cache/500-square/VqbcmM/2022/6/12/d3d20ad6-e9fc-4656-9ad4-6ce95d19d6a4.jpg;19;Nainggolan & Adimunca (2005) dalam Arif et al. (2013);partial→jambu;Rendah
Daun jampang segar;246;34;3.8;0.5;5.3;1.4;21;245;1;0;0;0;0;0;0;278.75;0.03;0;0;3;47;https://lzd-img-global.slatic.net/g/ff/kf/S414251a362064f0283c21a801e20329ci.jpg_720x720q80.jpg;15;Tidak ditemukan dalam literatur – perlu pengisian manual;not_found;Rendah
Daun jawaw seluang segar;247;93;5;1.3;15.3;3.9;146;103;5.3;2;434;0.5;1.5;0;0;0;0.1;0.3;0;9;100;https://thumb.antvklik.com/images/thumbs/2022/11/28/638495d5b1931-daun-singkong_antvklik_1265_711.jpg;15;Tidak ditemukan dalam literatur – perlu pengisian manual;not_found;Rendah
Daun jonghe segar;248;27;2.1;0.7;4.4;2;253;192;8.2;0;0;0;0;0;0;278.75;0.01;0;0;1;45;https://images.tokopedia.net/img/cache/700/VqbcmM/2021/12/28/698aba7a-5d6b-4adc-be53-9088d5c02d4c.jpg;15;Tidak ditemukan dalam literatur – perlu pengisian manual;not_found;Rendah
Daun kacang ma segar;249;36;2.9;0.6;6.8;1.8;64;220;2.2;7;485.3;0.2;0.3;0;60;278.75;0.04;0.18;1.2;4;33;https://cdns.klimg.com/merdeka.com/i/w/news/2020/06/30/1193302/540x270/6-manfaat-daun-kacang-panjang-untuk-kesehatan-melancarkan-asi-hingga-cegah-anemia.jpg;15;Atkinson et al. (2008);partial→kacang;Rendah
Daun Kacang Panjang;250;34;4.1;0.4;5.8;2.4;133;220;4;6;69.2;0.27;1.2;0;0;0;0.18;0.07;0.7;0;100;https://assets-a2.kompasiana.com/items/album/2015/06/11/143403317310358818361.JPG?t=o&v=500;15;Waspadji et al. (2003);partial→kacang panjang;Rendah
Daun Kacang Panjang kukus;251;40;3.7;0.3;8;1.8;111;66;3.7;6;419.5;0.2;0.3;0;60;278.75;0.15;0.2;0.9;11;100;https://img-global.cpcdn.com/recipes/4ec6b371c573cabe/680x482cq70/sayur-bobor-lembayung-daun-kacang-panjang-foto-resep-utama.jpg;15;Waspadji et al. (2003);partial→kacang panjang;Rendah
Daun kacang panjang segar;252;30;3.1;0.3;5.8;1.7;200;66;4.5;7;458.6;0.2;0.3;0;60;278.75;0.33;0.2;1.1;12.5;65;https://images.tokopedia.net/img/cache/500-square/VqbcmM/2021/2/4/5c0dd4cf-a160-41ef-8b53-d6fe2c574194.jpg;15;Waspadji et al. (2003);partial→kacang panjang;Rendah
Daun kasbi/singkong karet segar;253;92;4;3.6;10.9;5.8;140;70;1.6;70;90;0.3;1.1;0;60;0;0.1;0.2;0.1;12.5;87;https://s1.bukalapak.com/img/63611371791/large/data.jpeg;75;Atkinson et al. (2008);partial→singkong;Tinggi
Daun Katuk;254;59;4.8;1;11;1.1;62;80;2;10;68;0.1;0.2;0;0;0;0.1;0.02;0.1;0;100;https://sikia.unair.ac.id/wp-content/uploads/2022/04/daunkatuk.png;15;Tidak ditemukan dalam literatur – perlu pengisian manual;not_found;Rendah
Daun katuk rebus;255;53;5.3;0.9;9.1;1.2;185;102;3.1;16;291.3;0.3;1.3;0;60;278.75;0;0.3;2.2;12.5;100;https://img-global.cpcdn.com/recipes/68161cf2088797fc/680x482cq70/rebus-daun-katuk-foto-resep-utama.jpg;75;Atkinson et al. (2008);token(rebus)→singkong rebus;Tinggi
Daun katuk segar;256;59;6.4;1;9.9;1.5;233;98;3.5;21;478.8;0.3;1.3;0;60;278.75;0;0.3;2.3;0;40;https://images.tokopedia.net/img/cache/500-square/product-1/2018/11/8/1626651/1626651_18da08cc-9923-436e-9efe-69934ac75af0_700_393.jpg;15;Tidak ditemukan dalam literatur – perlu pengisian manual;not_found;Rendah
Daun Kecipir;257;47;5;0.5;8.5;1.1;62;80;2;10;68;0.1;0.2;0;0;0;0.1;0.02;0.1;0;100;https://1.bp.blogspot.com/-moRYlTt2bEM/X9bjZhiWvSI/AAAAAAAAD_c/nVwXkhZK_00JrQf6hOIrTdhb3J_Ci30cQCLcBGAsYHQ/s1055/Psophocarpus%2Btetragonolobus%2BKecipir%2B19.jpg;15;Tidak ditemukan dalam literatur – perlu pengisian manual;not_found;Rendah
Daun Kedondong;258;59;2.8;0.3;13.4;1.1;62;80;2;10;68;0.1;0.2;0;0;0;0.1;0.02;0.1;0;100;https://images.tokopedia.net/img/cache/500-square/VqbcmM/2022/1/3/24b383ed-0957-44ff-a84e-63251c4d77ed.jpg;15;Tidak ditemukan dalam literatur – perlu pengisian manual;not_found;Rendah
Daun Kelor;259;82;6.7;1.7;14.3;1.1;62;80;2;10;68;0.1;0.2;0;0;0;0.1;0.02;0.1;0;100;https://diskes.badungkab.go.id/storage/diskes/image/WhatsApp%20Image%202023-01-30%20at%2013.55.59.jpeg;15;Tidak ditemukan dalam literatur – perlu pengisian manual;not_found;Rendah
Daun Kelor rebus;260;61;6.1;0.9;10;0.9;255;36;2.1;45;181.2;0.1;0.6;0;60;278.75;0.1;0.1;3.5;12.5;100;https://img-global.cpcdn.com/recipes/ed600b784cb28839/680x482cq70/daun-kelor-rebus-foto-resep-utama.jpg;75;Atkinson et al. (2008);token(rebus)→singkong rebus;Tinggi
Daun Kemangi;261;46;4;0.5;8.9;1.1;62;80;2;10;68;0.1;0.2;0;0;0;0.1;0.02;0.1;0;100;https://d1vbn70lmn1nqe.cloudfront.net/prod/wp-content/uploads/2021/11/01025747/ini-4-manfaat-daun-kemangi-yang-jarang-diketahui-halodoc.jpg;15;Tidak ditemukan dalam literatur – perlu pengisian manual;not_found;Rendah
Daun kenikir segar;262;45;3.7;0.5;6.6;5.8;328;65;2.7;6;431;0.1;0.6;0;60;12;0.5;0.3;3.5;0;36.3;https://assets.ayobandung.com/crop/0x0:0x0/750x500/webp/photo/2022/12/18/1000776031.jpg;15;Tidak ditemukan dalam literatur – perlu pengisian manual;not_found;Rendah
Daun kesum segar;263;48;4.5;0.8;9.1;1.6;125;142;2.6;11;174.7;0.4;1.2;0;60;278.75;0.01;0.1;1.6;4;53;https://id-test-11.slatic.net/p/764fec8a7c2b4aab6a2355fc945e85c7.png;15;Tidak ditemukan dalam literatur – perlu pengisian manual;not_found;Rendah
Daun kol sawi segar;264;22;2.1;0.5;3.6;0.9;200;92;3.2;19;386.2;0.1;0.2;0;60;278.75;0.03;0.2;0.6;3;87;https://asset.kompas.com/crops/MsuwGORqaxVW-qpj97DoEK4RTLs=/293x0:1145x568/780x390/data/photo/2021/09/27/61517629bbd33.jpg;10;Atkinson et al. (2008);partial→kol;Rendah
Daun Koro;265;23;3;0.3;3.7;1.1;62;80;2;10;68;0.1;0.2;0;0;0;0.1;0.02;0.1;0;100;https://tanamankoropedang.files.wordpress.com/2011/10/bunga-koro-pedang41.jpg;15;Tidak ditemukan dalam literatur – perlu pengisian manual;not_found;Rendah
Daun kubis segar;266;51;2.5;1.1;8;3.4;100;50;3.4;50;100;0.75;0.6;0;60;0;0.4;0.1;0.2;12.5;75;https://nilaigizi.com/assets/images/produk/produk_1599051215.jpg;10;Atkinson et al. (2008);partial→kubis;Rendah
Daun Kumak;267;14;1.3;0.3;2.3;1.1;62;80;2;10;68;0.1;0.2;0;0;0;0.1;0.02;0.1;0;100;https://blog.kuranesia.com/wp-content/uploads/2020/12/siomak-makanan-kura-kura-1024x768.jpg;15;Tidak ditemukan dalam literatur – perlu pengisian manual;not_found;Rendah
Daun Labu Siam;268;60;4;0.4;4.7;1.1;62;80;2;10;68;0.1;0.2;0;0;0;0.1;0.02;0.1;0;100;https://aksikata.com/wp-content/uploads/2019/05/daun-labu-siam.jpg;75;Atkinson et al. (2008);partial→labu;Tinggi
Daun Labu Waluh;269;30;3.6;0.6;4.5;1.1;62;80;2;10;68;0.1;0.2;0;0;0;0.1;0.02;0.1;0;100;https://www.parenting.co.id/img/images/B1.jpg;75;Atkinson et al. (2008);partial→labu;Tinggi
Daun lamtoro segar;270;87;8.3;1.8;14.4;3.3;337.5;174;3.9;10;197.7;0.5;1.4;0;60;278.75;0;0.1;2.3;12.5;40;https://images.tokopedia.net/img/cache/700/product-1/2019/8/18/2557427/2557427_56747d87-c701-4023-80e8-2afe684f3653_480_480.jpg;15;Tidak ditemukan dalam literatur – perlu pengisian manual;not_found;Rendah
Daun leilem segar;271;76;2.8;0.2;15.8;3.1;296;22;3.4;6;46;0.5;1.1;0;60;0;0.3;0.1;2.5;12.5;90;https://images.tokopedia.net/img/cache/500-square/VqbcmM/2021/9/25/83b72d5f-d787-44e2-8948-a39c39825c37.jpg;15;Tidak ditemukan dalam literatur – perlu pengisian manual;not_found;Rendah
Daun Leunca;272;45;4.7;0.5;8.1;1.1;62;80;2;10;68;0.1;0.2;0;0;0;0.1;0.02;0.1;0;100;https://www.bengkuluinteraktif.com/sites/default/files/articles/Pucuk%20Lumai.jpg;15;Tidak ditemukan dalam literatur – perlu pengisian manual;not_found;Rendah
Daun Lobak;273;30;2.3;0.4;5.8;1.1;62;80;2;10;68;0.1;0.2;0;0;0;0.1;0.02;0.1;0;100;https://cms.sehatq.com/public/img/article_img/9-manfaat-daun-lobak-yang-tidak-diduga-duga-1606467271.jpg;15;Tidak ditemukan dalam literatur – perlu pengisian manual;not_found;Rendah
Daun Lompong Tales;274;40;3;0.8;7.4;1.1;62;80;2;10;68;0.1;0.2;0;0;0;0.1;0.02;0.1;0;100;https://akcdn.detik.net.id/visual/2015/02/24/8175622a-42e8-494b-a380-e9a910f492bc_169.jpg?w=650;65;Tidak ditemukan dalam literatur – perlu pengisian manual;not_found;Sedang
Daun Mangkokan;275;54;3.7;0.3;11.8;1.1;62;80;2;10;68;0.1;0.2;0;0;0;0.1;0.02;0.1;0;100;https://i0.wp.com/resepkoki.id/wp-content/uploads/2017/08/daun-mangkokan-sajian-sedap.jpg?fit=960%2C631&ssl=1;15;Tidak ditemukan dalam literatur – perlu pengisian manual;not_found;Rendah
Daun matel ambon segar;276;71;6.8;1.6;11.5;4.6;93;95;8.2;0;0;0;0;0;0;49;0.08;0;0;12.5;100;https://i.ytimg.com/vi/lPwmWQFW8nU/maxresdefault.jpg;59;Waspadji et al. (2003);token(ambon)→pisang ambon;Sedang
Daun Melinjo;277;99;5;1.3;21.3;1.1;62;80;2;10;68;0.1;0.2;0;0;0;0.1;0.02;0.1;0;100;https://goleksayur.com/data/images/product/IMG10160.jpg;15;Tidak ditemukan dalam literatur – perlu pengisian manual;not_found;Rendah
Daun Mengkudu Kukus;278;63;3.8;1.5;11.5;2.4;300;43;6;0;0;0;0;0;2;278.75;0.08;0.1;3.5;11;100;https://img-global.cpcdn.com/recipes/49833231f339c1b4/680x482cq70/pilas-pindang-daun-mengkudu-foto-resep-utama.jpg;15;Tidak ditemukan dalam literatur – perlu pengisian manual;not_found;Rendah
Daun ndusuk segar;279;166;1.7;0.5;38.8;6.75;40;20;1.8;40;310;0.2;0.7;0;60;0;0.4;0.1;0.1;12.5;100;https://ngkiong.com/wp-content/uploads/2020/12/senggani-1-e1609032934136.jpg;15;Tidak ditemukan dalam literatur – perlu pengisian manual;not_found;Rendah
Daun Oyong;280;22;1;0.1;5.3;1.1;62;80;2;10;68;0.1;0.2;0;0;0;0.1;0.02;0.1;0;100;https://arafuru.com/wp-content/uploads/2014/08/menanam-gambas-agar-tumbuh-subur.jpg;15;Tidak ditemukan dalam literatur – perlu pengisian manual;not_found;Rendah
Daun oyong segar;281;22;1;0.1;5.3;2;21;44;2;40;295.5;0.1;0.2;0;60;278.75;0.08;0.1;0.8;0;65;https://cdn.antaranews.com/cache/730x487/2018/07/daun-oyong.jpg;15;Tidak ditemukan dalam literatur – perlu pengisian manual;not_found;Rendah
Daun Pakis;282;35;4;0.3;6.4;1.1;62;80;2;10;68;0.1;0.2;0;0;0;0.1;0.02;0.1;0;100;https://d1vbn70lmn1nqe.cloudfront.net/prod/wp-content/uploads/2022/11/11085513/Jarang-Diketahui-Ini-X-Manfaat-Sayur-Pakis-bagi-Kesehatan.jpg;15;Tidak ditemukan dalam literatur – perlu pengisian manual;not_found;Rendah
Daun pakis longgiho segar;283;54;2.2;3.6;3.1;2.1;40;80;0.7;70;500;0.4;0.1;0;60;0;0.4;0.3;0.2;8;70;https://id-live-01.slatic.net/p/e5fc6e2239f19bbaad5350801bd5ec35.jpg;15;Tidak ditemukan dalam literatur – perlu pengisian manual;not_found;Rendah
Daun pakis segar;284;39;4.5;0.4;6.9;2;136;159;2.3;20;201.9;0.2;0.3;0;60;278.75;0.02;0.1;0.5;3;70;https://images.tokopedia.net/img/cache/700/VqbcmM/2021/8/4/fc5f220f-8450-4e87-b3a6-6f9d1704ba02.jpg;15;Tidak ditemukan dalam literatur – perlu pengisian manual;not_found;Rendah
Daun pakis wambateu segar;285;53;3.4;1.2;7.2;4.8;30;100;0.3;20;200;0.2;0.3;0;60;0;0.555;0.2;0.3;6;70;https://id-test-11.slatic.net/p/9448936aa018ceea1ad7c824279ab700.jpg;15;Tidak ditemukan dalam literatur – perlu pengisian manual;not_found;Rendah
Daun paku segar;286;29;3.4;0.1;6.5;4.3;13;88;1.3;19;434;0.5;0.7;0;18;0;0.2;0.1;3.5;10;70;https://images.tokopedia.net/img/cache/700/VqbcmM/2021/8/4/fc5f220f-8450-4e87-b3a6-6f9d1704ba02.jpgg;15;Tidak ditemukan dalam literatur – perlu pengisian manual;not_found;Rendah
Daun pangisegar;287;104;3.9;0.6;17.9;6.75;256;22;1.8;4;266;0.75;0.5;0;55;0;0.4;0.1;0.1;12.5;90;https://img-cdn.medkomtek.com/rXX054UODp71SG3R3ZbIyuVlswY=/0x0/smart/filters:quality(75):strip_icc():format(webp)/article/cWS8XiCC8wtp6UT-piKna/original/057796300_1575283178-Daun-Pangi-Obati-HIV-AIDS-Mitos-atau-Fakta-by-basabali.jpg;15;Tidak ditemukan dalam literatur – perlu pengisian manual;not_found;Rendah
Daun pare segar;288;49;2.7;1;8.4;3;217;70;3.3;7;498;0.4;1.2;0;60;0;0.4;0.2;0.6;7;100;https://images.tokopedia.net/img/cache/700/VqbcmM/2021/11/14/84ab160b-18bb-4c17-815c-b86869bcd9a2.jpg;15;Tidak ditemukan dalam literatur – perlu pengisian manual;not_found;Rendah
Daun pepaya segar;289;87;8;2;11.9;1.5;337.5;63;0.8;4;775;0.2;1.5;0;60;278.75;0.15;0.3;1.9;0;71;https://images.tokopedia.net/img/cache/700/VqbcmM/2021/9/14/4beb22b7-d9e8-4689-9bb1-4446366b1b07.jpg;55;"Hoerudin (2012); Atkinson et al. (2008)";partial→pepaya;Sedang
Daun Pete Cina;290;128;12;6.5;12.4;1.1;62;80;2;10;68;0.1;0.2;0;0;0;0.1;0.02;0.1;0;100;https://images.tokopedia.net/img/cache/500-square/VqbcmM/2020/10/20/4d5b4825-c15e-4361-a51f-9918e6fb5835.png;15;Tidak ditemukan dalam literatur – perlu pengisian manual;not_found;Rendah
Daun Poh-pohan;291;37;2.5;0.8;6.9;1.1;62;80;2;10;68;0.1;0.2;0;0;0;0.1;0.02;0.1;0;100;https://cdns.klimg.com/merdeka.com/i/w/news/2020/11/09/1240320/content_images/670x335/20201109100132-1-daun-pohpohan-001-nurul-diva-kautsar.jpg;15;Tidak ditemukan dalam literatur – perlu pengisian manual;not_found;Rendah
Daun salam  bubuk;292;301;14.2;10.9;49;6.75;86;250;8.2;180;619;0.75;0.7;0;60;0;0.1;0.3;3.5;0;100;https://nilaigizi.com/assets/images/produk/produk_1537345863.jpg;15;Tidak ditemukan dalam literatur – perlu pengisian manual;not_found;Rendah
Daun selasih segar;293;62;4;0.5;10.5;5.3;122;16;8.2;3;259;0.4;0.7;0;60;0;0.5;0.1;0.2;12.5;53;https://asset-a.grid.id/crop/0x0:0x0/780x800/photo/bobofoto/original/20908_darimanakah-biji-selasih-berasal.jpg;15;Tidak ditemukan dalam literatur – perlu pengisian manual;not_found;Rendah
Daun Semanggi;294;45;4.4;8;0.5;1.1;62;80;2;10;68;0.1;0.2;0;0;0;0.1;0.02;0.1;0;100;https://d39wptbp5at4nd.cloudfront.net/media/21696_original_Daun-Semanggi-768x576.jpg;15;Tidak ditemukan dalam literatur – perlu pengisian manual;not_found;Rendah
Daun semanggi segar;295;45;4.4;0.5;8.5;1.9;98;90;7;64;520.7;0.5;0.3;0;60;278.75;0.01;0.3;0.7;6;90;https://images.tokopedia.net/img/cache/700/product-1/2016/6/6/7951466/7951466_2919c0d2-eeb8-404a-b52c-01d0a2a68662.jpg;15;Tidak ditemukan dalam literatur – perlu pengisian manual;not_found;Rendah
Daun simpur segar;296;53;3.2;2.5;7.6;1.6;228;194;3.5;0;0;0;0;0;0;278.75;0.02;0;0;5;100;https://www.socfindoconservation.co.id/asset/plant/537-3-dillenia-suffruticosa-griff-ex-hook.jpg;15;Tidak ditemukan dalam literatur – perlu pengisian manual;not_found;Rendah
Daun singkil segar;297;68;2;1;15.2;3.3;178;86;2.1;0;0;0;0;0;0;278.75;0.02;0;0;3;70;https://images.tokopedia.net/img/cache/700/VqbcmM/2020/7/8/a50ed9f6-7f6b-4a75-abd2-0d8b7aeb2f03.jpg;15;Tidak ditemukan dalam literatur – perlu pengisian manual;not_found;Rendah
Daun Singkong;298;73;6.8;1.2;13;2;30;68;1.5;10;70;0.1;0.5;0;0;0;0.1;0.04;0.6;0;100;https://s3-publishing-cmn-svc-prd.s3.ap-southeast-1.amazonaws.com/article/k6oXuilGJwEixYI9s0ubT/original/043951600_1631871725-Berbagai_Manfaat_Daun_Singkong_untuk_Kesehatan_Anda.jpg;75;Atkinson et al. (2008);partial→singkong;Tinggi
Daun singkong ambon segar;299;144;12.7;1.2;25.2;6.75;165;54;3.9;44;62.2;0.2;2.5;0;60;278.75;0.21;0.3;3.5;0;87;https://images.tokopedia.net/img/cache/700/product-1/2019/8/23/314662615/314662615_6e886ccb-20d5-4a20-9d8b-0a5b4f874482_494_494.jpg;75;Atkinson et al. (2008);partial→singkong;Tinggi
Daun singkong ampenan segar;300;50;6.2;1.1;7.1;2.4;337.5;123;2.7;49;570;0.2;1.3;0;60;0;0.5;0.1;1.6;0;87;https://images.tokopedia.net/img/cache/500-square/VqbcmM/2022/1/12/3cf5787e-7ef3-4d2e-ac6b-28f9f8e2c872.jpg;75;Atkinson et al. (2008);partial→singkong;Tinggi
Daun singkong kopang segar;301;74;6.3;0.7;10.7;4.6;142;115;1.7;32;382;0.2;1.5;0;60;0;0.5;0.3;1.9;0;87;https://ds393qgzrxwzn.cloudfront.net/resize/m500x500/cat1/img/images/0/xmCLZX6vfY.jpg;75;Atkinson et al. (2008);partial→singkong;Tinggi
Daun Singkong lodeh;302;55;4;0.5;8.5;2;30;68;1.5;10;70;0.1;0.5;0;0;0;0.1;0.04;0.6;0;100;https://asset.kompas.com/crops/mxv9DRtBdiPbq6Lb9lPvPEn4Mtk=/0x0:1000x667/750x500/data/photo/2020/10/21/5f8f3ec62aee7.jpg;75;Atkinson et al. (2008);partial→singkong;Tinggi
Daun Singkong rebus;303;31;3.7;0.6;4.8;1.6;160;50;2.6;13;14;0.1;2;0;60;278.75;0.02;0.1;1.7;12.5;100;https://img-global.cpcdn.com/recipes/0aba29b97a7b109f/680x482cq70/daun-singkong-rebus-ala-rm-padang-foto-resep-utama.jpg;75;Atkinson et al. (2008);partial→singkong;Tinggi
Daun singkong segar;304;50;6.2;1.1;7.1;2.4;166;99;1.3;17;23.1;0.1;2;0;60;278.75;0.04;0.1;1.8;0;87;https://images.tokopedia.net/img/cache/500-square/VqbcmM/2021/3/14/5b176e26-9bf1-486e-ba6f-ec448cf01472.jpg;75;Atkinson et al. (2008);partial→singkong;Tinggi
Daun Sintrong;305;36;2.6;0.9;6.1;1.1;62;80;2;10;68;0.1;0.2;0;0;0;0.1;0.02;0.1;0;100;https://images.tokopedia.net/img/cache/700/VqbcmM/2020/12/21/69e76fb4-86ba-4508-91a3-29ba9070212e.jpg;15;Tidak ditemukan dalam literatur – perlu pengisian manual;not_found;Rendah
Daun talas rebus;306;27;1.3;0.2;5.9;1.6;119;41;1.4;3;519.4;0.5;0.5;0;60;278.75;0;0.3;1.9;7;100;https://archive.netralnews.com/foto/2020/04/13/76-daun_talas_sangat_lezat_dibuat_masakan_buntil.jpg;55;Trinidad et al. (2010);partial→talas;Sedang
Daun talas segar;307;59;3;0.4;13.5;3;236;50;2.4;4;775;0.4;0.5;0;60;278.75;0.07;0.3;2;12.5;80;https://images.tokopedia.net/img/cache/700/product-1/2019/4/21/5808648/5808648_8744c29e-b9e5-475b-9c59-48324dc3e20e_348_348.jpg;55;Trinidad et al. (2010);partial→talas;Sedang
Daun Tales;308;71;4.1;2.1;12.3;1.1;62;80;2;10;68;0.1;0.2;0;0;0;0.1;0.02;0.1;0;100;https://fisipol.uma.ac.id/wp-content/uploads/2022/12/daun-talas.jpg;65;Tidak ditemukan dalam literatur – perlu pengisian manual;not_found;Sedang
Daun Tales rebus;309;27;1.3;0.2;5.9;1.1;62;80;2;10;68;0.1;0.2;0;0;0;0.1;0.02;0.1;0;100;https://cdn-2.tstatic.net/belitung/foto/bank/images/buntil-daun-talas.jpg;75;Atkinson et al. (2008);token(rebus)→singkong rebus;Tinggi
Daun tespong segar;310;70;2.9;0.3;13.9;2.3;155;65;2.5;72;0;0.15;0.9;0;60;278.75;0.05;0.3;1.4;12.5;60;https://images.tokopedia.net/img/cache/700/product-1/2020/6/11/batch-upload/batch-upload_c91521e8-a510-4026-8230-9be8e1313791.jpg;15;Tidak ditemukan dalam literatur – perlu pengisian manual;not_found;Rendah
Daun Ubi Jalar;311;47;2.8;0.4;10.4;2;30;68;1.5;10;70;0.1;0.5;0;0;0;0.1;0.04;0.6;0;100;https://assets.promediateknologi.id/crop/0x0:0x0/750x500/webp/photo/jawapos/2022/11/daun-ubi-jalar.jpg;61;Atkinson et al. (2008);partial→ubi jalar;Sedang
Daun Ubi Jalar kukus;312;56;3.1;0.3;13;2;30;68;1.5;10;70;0.1;0.5;0;0;0;0.1;0.04;0.6;0;100;https://cdnimage2.caping.co.id/news/20220228/2a/1619199045A782A517.jpg_480A0A1A80.webp;61;Atkinson et al. (2008);partial→ubi jalar;Sedang
Daun ubi kuning segar;313;62;3.7;0.3;11.1;6.4;170;40;0.6;10;0;0.2;0.5;0;60;0;0.3;0.3;1.2;4;75;https://images.tokopedia.net/img/cache/700/hDjmkQ/2021/1/17/dd16436c-6a1f-4900-8c9e-1e7654adf66b.jpg;75;Atkinson et al. (2008);token(kuning)→labu kuning;Tinggi
Daun ubi merah kukus;314;56;3.1;0.3;13;1.5;78;52;4.3;28;472.8;0.1;0.4;0;60;278.75;0;0.2;1.1;12.5;100;https://cdn1-production-images-kly.akamaized.net/53ShO_wlxOo4hIuWjKZKBK2QLvQ=/469x260/smart/filters:quality(75):strip_icc():format(webp)/kly-media-production/medias/2580229/original/025700500_1546586996-resep-tumis-daun-ubi-jalar.jpg;55;Atkinson et al. (2008);token(merah)→nasi merah;Sedang
Daun ubi merah segar;315;48;3;0.3;10.8;1.4;80;81;6.4;33;517.3;0;0.4;0;60;278.75;0.1;0.2;1.2;12.5;75;https://images.tokopedia.net/img/cache/700/VqbcmM/2022/3/8/938424e6-4195-4814-9f3a-dffa83482865.jpg;55;Atkinson et al. (2008);token(merah)→nasi merah;Sedang
Daun ubi putih segar;316;46;2.8;0.2;8.2;4.8;120;50;0.8;10;0;0.2;0.5;0;60;0;0.3;0.3;0.9;8;75;https://asset-a.grid.id/crop/0x0:0x0/700x465/photo/2019/10/08/983732094.jpg;72;"Atkinson et al. (2008); Waspadji et al. (2003)";token(putih)→nasi putih;Tinggi
Daun ubi tinta segar;317;55;1.7;0.1;11.9;6.75;120;40;0.6;10;0;0.2;0.5;0;60;0;0.2;0;0;7;75;https://static.wixstatic.com/media/47a984_0de71c01a4e447fb86743743e8cd94b3.jpg/v1/fill/w_582,h_291,al_c,q_80,usm_0.66_1.00_0.01,enc_auto/47a984_0de71c01a4e447fb86743743e8cd94b3.jpg;65;Tidak ditemukan dalam literatur – perlu pengisian manual;not_found;Sedang
Deblo ;318;260;2;15;53;1.1;62;80;2;10;68;0.1;0.2;0;0;0;0.1;0.02;0.1;0;100;https://img-global.cpcdn.com/recipes/613bae93e873b173/680x482cq70/deblo-foto-resep-utama.jpg;55;Tidak ditemukan dalam literatur – perlu pengisian manual;not_found;Sedang
Dendeng belut goreng;319;382;55.7;14.1;8;1.1;62;80;2;10;68;0.1;0.2;0;0;0;0.1;0.02;0.1;0;100;https://selerasa.com/wp-content/uploads/2015/11/images_dendeng-belut.JPG;76;Atkinson et al. (2008);token(goreng)→nasi goreng;Tinggi
Dendeng Daging Sapi;320;433;55;9;0;0;62;196.5;4;108;191.5;0.105;1.05;0;0;0;0.135;0.055;0.45;0;100;https://awsimages.detik.net.id/community/media/visual/2022/02/20/resep-dendeng-sapi-medan_43.jpeg?w=700&q=90;0;Atkinson et al. (2008) – tidak mengandung karbohidrat;partial→daging sapi;Tidak signifikan (non-karbohidrat)
Dendeng mujahir goreng;321;598;74.3;26.9;9.2;1.1;62;80;2;10;68;0.1;0.2;0;0;0;0.1;0.02;0.1;0;100;https://img-global.cpcdn.com/recipes/c49ebd05c391ae54/680x482cq70/dendeng-mujair-foto-resep-utama.jpg;76;Atkinson et al. (2008);token(goreng)→nasi goreng;Tinggi
Dideh darah ayam;322;77;13.8;1.9;0.7;0;62;196.5;4;108;191.5;0.105;1.05;0;0;0;0.135;0.055;0.45;0;100;https://blogger.googleusercontent.com/img/b/R29vZ2xl/AVvXsEh9d4T1r7jHqSELzd2b3KBFeJlzKWtbaUIbOrsHTyKYSr_SJvpO2EijjASugjDKlv0-WhFvsRpcskdPJx95G3cpox3XJVzjTbDJQaISa_egWAzjYl3Cd8Zb0hXWGcIGj8KavQ37Uu6qRvTtob_G9TAIxgfhI4Xz2yKfM_PuI3PixHmXXHJySQ70I4e9dQ/s600/dideh.jpg;0;Atkinson et al. (2008) – tidak mengandung karbohidrat;partial→ayam;Tidak signifikan (non-karbohidrat)
Dideh darah sapi;323;104;21.9;1.1;0;0;62;196.5;4;108;191.5;0.105;1.05;0;0;0;0.135;0.055;0.45;0;100;https://cdns.diadona.id/diadona.id/resized/640x320/news/2020/09/29/23311/664xauto-banyak-digemari-kuliner-asal-indonesia-ini-ternyata-terbuat-dari-darah-hewan-200929c.jpg;31;Atkinson et al. (2008);token(sapi)→susu sapi;Rendah
Djibokum masakan;324;248;10;2.3;40.9;0.1;116;110;2.8;225;0;0;0;0;0;278.75;0.555;0;0;0;100;https://drive.google.com/file/d/1LZOGoU3M3XcPbU5_HaAZ26ybCTbiTXpT/view?usp=sharing;55;Tidak ditemukan dalam literatur – perlu pengisian manual;not_found;Sedang
Dodol;325;395;3;5.7;81.2;1.1;62;80;2;10;68;0.1;0.2;0;0;0;0.1;0.02;0.1;0;100;https://asset.kompas.com/crops/e3JycmGm1r9fr7krT-Kj-p7R3m0=/32x18:1000x664/750x500/data/photo/2023/03/03/64014f11134b7.jpeg;75;Tidak ditemukan dalam literatur – perlu pengisian manual;not_found;Tinggi
Dodol bali;326;298;3.7;2.1;65.9;0.4;70;76;2.5;0;0;0;0;0;0;278.75;0.28;0;2.5;0;100;https://awsimages.detik.net.id/community/media/visual/2022/06/13/dodol-khas-bali-berbungkus-kulit-jagung-kering-buatan-perajin-dodol-di-desa-penglatan-kecamatan-buleleng-kabupaten-buleleng_169.jpeg?w=620;75;Tidak ditemukan dalam literatur – perlu pengisian manual;not_found;Tinggi
Dodol banjarmasin;327;368;2.6;8.6;70;0.5;51;180;3.3;48;96;0.4;2.5;0;0;0;0.04;0.07;2.3;0;100;https://indonesiakaya.com/wp-content/uploads/2020/10/4__Sentra_pembuatan_dodol_Kandangan_berada_di_kabupaten_Hulu_Sungai_Selatan_kota_Banjarmasin_Kalimantan_Selatan_edit.jpg;75;Tidak ditemukan dalam literatur – perlu pengisian manual;not_found;Tinggi
Dodol galamai;328;348;0.4;3.8;76.1;0.5;41;144;2.6;38;76;0.3;2.1;0;0;0;0.03;0.06;1.8;0;100;https://cdn.idntimes.com/content-images/community/2021/01/101186477-721573788678961-609266625911808050-n-0b2e3fe55c98e8dc089991ca6127b017-d50f4f0a2cefd2131bdbae4fd41bbbef.jpg;75;Tidak ditemukan dalam literatur – perlu pengisian manual;not_found;Tinggi
Dodol kedondong;329;331;1.9;7.6;63.8;1;90;55;2.3;0;0;0;0;0;0;278.75;0.11;0;0.8;5;100;https://smansabangko.sch.id/storage/smansabangko.sch.id/editor/irouKFVLfBSxITWbSup2WiqvqfbWRybMTVnpJgr8.jpg;45;Tidak ditemukan dalam literatur – perlu pengisian manual;not_found;Rendah
Dodol manado;330;373;4.3;16.5;51.9;0.4;41;142;2.4;35;72;0.3;2.1;0;0;0;0.04;0.06;2.1;0;100;https://cdn-2.tstatic.net/manado/foto/bank/images/dodol-amurang_khas-manado.jpg;75;Tidak ditemukan dalam literatur – perlu pengisian manual;not_found;Tinggi
Dodonkol ;331;17.5;3.3;2.3;39.5;1.45;47;64.5;1.15;30;118.65;0.1;0.3;0;23;0;0.1;0.065;0.1;5;100;https://www.piknikdong.com/wp-content/uploads/2022/06/Resep-Awug-Sederhana.jpg;10;Atkinson et al. (2008);partial→kol;Rendah
Domba daging gemuk segar;332;317;15.7;27.7;0;0;9;157;2.4;64;242.1;0.11;2.5;0;0;0;0.14;0.23;3.5;0;100;https://png.pngtree.com/png-vector/20210913/ourlarge/pngtree-fresh-lamb-ingredients-png-image_3922032.jpg;0;Atkinson et al. (2008) – tidak mengandung karbohidrat;token(daging)→daging sapi;Tidak signifikan (non-karbohidrat)
Domba daging kurus  segar;333;202;17.1;14.8;0;0;10;191;2.6;90;355;0.08;2.5;0;0;0;0.15;0.26;3.5;0;100;https://images.tokopedia.net/img/cache/700/VqbcmM/2020/11/2/63145b70-ef97-4649-af84-9b14cdc13519.jpg;0;Atkinson et al. (2008) – tidak mengandung karbohidrat;token(daging)→daging sapi;Tidak signifikan (non-karbohidrat)
Domba ginjal segar;334;100;16.6;3.3;1;0;13;237;8.2;155;276;0.48;2.4;0;60;0;0.51;0.3;3.5;12.5;100;https://media.istockphoto.com/id/1457294473/id/foto/ginjal-domba-segar-mentah-di-atas-talenan.jpg?s=612x612&w=0&k=20&c=coamiTuIqCOb7QJ-3vJkyY6CWF7hjKA75JGFQmQFCDw=;0;Tidak ditemukan dalam literatur – perlu pengisian manual;not_found;Tidak signifikan (non-karbohidrat)
Duku;335;63;1;0.2;16.1;1.1;62;80;2;10;68;0.1;0.2;0;0;0;0.1;0.02;0.1;0;100;https://upload.wikimedia.org/wikipedia/commons/thumb/5/50/Duku_Lansium_domesticum_Ripe.jpg/1200px-Duku_Lansium_domesticum_Ripe.jpg;55;Tidak ditemukan dalam literatur – perlu pengisian manual;not_found;Sedang
Durian;336;134;2.5;3;28;1.1;62;80;2;10;68;0.1;0.2;0;0;0;0.1;0.02;0.1;0;100;https://asset-a.grid.id/crop/0x0:0x0/x/photo/2023/01/20/alasan-mengapa-buah-durian-diseb-20230120035049.jpg;50;Waspadji et al. (2003);exact;Rendah
Duwet segar;337;80;0.5;0.6;18.2;0.9;33;138;1.3;16;92.7;0.75;0.3;0;60;0;0.02;0.01;2.5;0;67;https://t-2.tstatic.net/jogja/foto/bank/images/duwet-atau-jamblang_20181006_142430.jpg;55;Tidak ditemukan dalam literatur – perlu pengisian manual;not_found;Sedang
Eceng Gondok;338;18;1;0.2;3.8;1.1;62;80;2;10;68;0.1;0.2;0;0;0;0.1;0.02;0.1;0;100;https://unair.ac.id/wp-content/uploads/2022/11/Foto-by-detikFood.jpeg;55;Tidak ditemukan dalam literatur – perlu pengisian manual;not_found;Sedang
Embacang;339;98;1.4;0.2;25.4;1.1;62;80;2;10;68;0.1;0.2;0;0;0;0.1;0.02;0.1;0;100;https://s0.bukalapak.com/img/037360101/large/144135_2embacang.jpg;55;Tidak ditemukan dalam literatur – perlu pengisian manual;not_found;Sedang
Empal (daging) Goreng masakan;340;248;36.2;6.9;10.1;0;131;235;6.4;225;0;0;0;0;0;278.75;0.55;0;0;0;100;https://cdn-2.tstatic.net/batam/foto/bank/images/resep-empal.jpg;76;Atkinson et al. (2008);token(goreng)→nasi goreng;Tinggi
Empal Goreng;341;590;18.5;57;0;1.1;62;80;2;10;68;0.1;0.2;0;0;0;0.1;0.02;0.1;0;100;https://ikafood.com/wp-content/uploads/2020/09/Empal-Gepuk.jpg;76;Atkinson et al. (2008);token(goreng)→nasi goreng;Tinggi
Emping (kerupuk melinjo);342;345;12;1.5;71.5;0;100;400;5;0;0;0;0;0;0;0;0.2;0;0;0;100;https://cdns.klimg.com/merdeka.com/i/w/news/2020/09/24/1224077/540x270/cara-membuat-emping-melinjo-yang-gurih-dan-renyah-mudah-dipraktikkan.jpg;87;Waspadji et al. (2003);partial→kerupuk;Tinggi
Emping beras;343;403;10.6;2.2;85.3;0.2;11;240;0.3;1;113;0.3;2.4;0;0;0;0;0.16;0;0;100;https://id-test-11.slatic.net/p/8d475dd96749024eb4626810ea458829.jpg;72;"Atkinson et al. (2008); Indrasari et al. (2008)";token(beras)→beras putih;Tinggi
Emping komak;344;355;17.8;4.6;60.7;0;87;304;4.3;24;775;0.75;2.3;0;0;0;0;0;0.6;0;100;https://s2.bukalapak.com/img/762986024/large/Cemilan__Emping_Komak_Lombok_.jpg;55;Tidak ditemukan dalam literatur – perlu pengisian manual;not_found;Sedang
Encung asam segar;345;122;3.5;4.5;17.5;6.75;63;69;3.2;0;0;0;0;0;0;278.75;0.02;0;0;0;98;https://agretail.id/uploads/news/news_20200728174010_846.jpeg;55;Tidak ditemukan dalam literatur – perlu pengisian manual;not_found;Sedang
Enting-enting gepuk hello kity;346;538;13.6;30.3;52.6;0.2;81;248;1.6;0;0;0;0;0;0;202;0.555;0;0;0;100;https://lzd-img-global.slatic.net/g/p/46ae93d66169830341e0450a39d663b5.jpg_720x720q80.jpg_.webp;55;Tidak ditemukan dalam literatur – perlu pengisian manual;not_found;Sedang
Enting-enting gepuk kacang tanah;347;524;13.3;29.2;52;0.2;76;248;1.4;0;0;0;0;0;0;272;0.555;0;0;0;100;https://eventkampus.com/data/artikel/2/enting-enting-khas-salatiga-asal-usul-dan-kandungan-nutrisi-dalam-enting-enting.jpeg;14;Atkinson et al. (2008);partial→kacang tanah;Rendah
Enting-enting wijen;348;565;18.2;38.4;36.8;1.9;251;440;8.2;0;0;0;0;0;0;240;0.555;0;0;0;100;https://img-global.cpcdn.com/recipes/fb33825abf7ebb72/680x482cq70/enting-enting-kacang-wijen-foto-resep-utama.jpg;55;Tidak ditemukan dalam literatur – perlu pengisian manual;not_found;Sedang
Erbis;349;70;0.6;0;18.9;1.1;62;80;2;10;68;0.1;0.2;0;0;0;0.1;0.02;0.1;0;100;https://media.suara.com/pictures/653x366/2022/07/10/74690-ilustrasi-erbis.jpg;55;Tidak ditemukan dalam literatur – perlu pengisian manual;not_found;Sedang
Es krim;350;210;4;12.5;20.6;0;123;99;0.1;78;193.4;0;0.7;0;0;0;0.04;0.23;0.1;1;100;https://cdn0-production-images-kly.akamaized.net/HfkjSnesMVgDaS0dVGBUFFN6sZw=/1200x1200/smart/filters:quality(75):strip_icc():format(webp)/kly-media-production/medias/2769420/original/063670200_1554367843-birthday-break-caramel-461430.jpg;62;Atkinson et al. (2008);exact;Sedang
Es Krim (Coconut milk) ;351;156.7;3;1.7;32.7;1.1;62;80;2;10;68;0.1;0.2;0;0;0;0.1;0.02;0.1;0;100;https://cdn.nutritioninthekitch.com/wp-content/uploads/2022/03/Coconut-ice-cream-5-800x1184.jpg;62;Atkinson et al. (2008);partial→es krim;Sedang
Es Mambo ;352;152;0;0;37.6;1.1;62;80;2;10;68;0.1;0.2;0;0;0;0.1;0.02;0.1;0;100;https://www.masakapahariini.com/wp-content/uploads/2020/06/es-mambo.jpg;55;Tidak ditemukan dalam literatur – perlu pengisian manual;not_found;Sedang
Es Sirup ;353;44.8;0;0;11.3;0.3;50;85;2.5;0;0;0;0;0;0;0;0.2;0;0;0;100;https://cdn.yummy.co.id/content-images/images/20220619/xfaVB26SMb4zm5RAt72MsKdSiArIkWyc-31363535363231363533d41d8cd98f00b204e9800998ecf8427e.jpg?x-oss-process=image/resize,w_388,h_388,m_fixed,x-oss-process=image/format,webp;63;Atkinson et al. (2008);partial→sirup;Sedang
Fillet o-fish;354;270;12.3;15.9;19.3;0.2;239;272;1.8;225;0;0;0;0;0;278.75;0.555;0;0;0;100;https://www.recipetineats.com/wp-content/uploads/2018/08/Homemade-Filet-O-Fish_3.jpg;55;Tidak ditemukan dalam literatur – perlu pengisian manual;not_found;Sedang
Gadeng/Gadung kering;355;322;2.4;0.6;76.6;0;39;22;2.2;5;2;0.5;0.2;0;0;0;0.45;0.02;1;0;100;https://cf.shopee.co.id/file/4bd71bb1fd0ed9886cc4dd7af0f7b436;65;Tidak ditemukan dalam literatur – perlu pengisian manual;not_found;Sedang
Gado-gado;356;137;6.1;3.2;21;1.1;301;135;7.5;0;0;0;0;0;0;278.75;0.1;0;0;1;100;https://img.kurio.network/rlKzeW_1_iLZ-JMm9fFHX-rGdIE=/1200x1200/filters:quality(80)/https://kurio-img.kurioapps.com/22/06/22/53264347-b7ba-4257-852d-04e3d1b4e4e5.jpe;55;Tidak ditemukan dalam literatur – perlu pengisian manual;not_found;Sedang
Gadung kukus;357;88;0.8;0.3;20.9;1.1;62;80;2;10;68;0.1;0.2;0;0;0;0.1;0.02;0.1;0;100;https://img-global.cpcdn.com/recipes/51c229856c44e39a/680x482cq70/gadung-kukus-foto-resep-utama.jpg;65;Tidak ditemukan dalam literatur – perlu pengisian manual;not_found;Sedang
Gadung mentah;358;101;2.1;0.2;23.2;1.1;62;80;2;10;68;0.1;0.2;0;0;0;0.1;0.02;0.1;0;100;https://jernih.co/wp-content/uploads/gadung-1.jpg;65;Tidak ditemukan dalam literatur – perlu pengisian manual;not_found;Sedang
Gadung ubi kukus;359;88;0.6;0.3;20.9;0.9;26;47;0.4;6;584;0.2;0.2;0;0;0;0.03;0;0.4;0;100;https://img-global.cpcdn.com/recipes/51c229856c44e39a/1200x630cq70/photo.jpg;65;Tidak ditemukan dalam literatur – perlu pengisian manual;not_found;Sedang
Gadung ubi segar;360;100;0.9;0.3;23.5;2.1;79;66;0.9;8;687.2;0.2;0.2;0;0;0;0.23;0;0.5;2;85;https://images.tokopedia.net/img/cache/500-square/product-1/2019/5/8/6003009/6003009_42d1e66b-cf0c-44b1-bf85-82709633f561.png;65;Tidak ditemukan dalam literatur – perlu pengisian manual;not_found;Sedang
Gambas (Oyong);361;18;0.8;0.2;4.1;1.1;62;80;2;10;68;0.1;0.2;0;0;0;0.1;0.02;0.1;0;100;https://static.honestdocs.id/system/blog_articles/main_hero_images/000/001/679/original/15_Manfaat_Sayur_Gambas_%28Oyong%29_Bagi_Kesehatan.jpg;55;Tidak ditemukan dalam literatur – perlu pengisian manual;not_found;Sedang
Gambas lodeh;362;13;0.3;0.6;1.6;1.1;62;80;2;10;68;0.1;0.2;0;0;0;0.1;0.02;0.1;0;100;https://cdn.yummy.co.id/content-images/images/20210411/n8JWL5o9Saqut50aP4W9cCHqob98nCg8-31363138313239343736d41d8cd98f00b204e9800998ecf8427e.jpg?x-oss-process=image/resize,w_388,h_388,m_fixed,x-oss-process=image/format,webp;55;Tidak ditemukan dalam literatur – perlu pengisian manual;not_found;Sedang
Gandaria;363;68;0.7;0.1;18;1.1;62;80;2;10;68;0.1;0.2;0;0;0;0.1;0.02;0.1;0;100;https://awsimages.detik.net.id/community/media/visual/2019/12/27/cdbc1b24-d9d7-4212-a38f-f527093a21e6_43.jpeg?w=600&q=90;55;Tidak ditemukan dalam literatur – perlu pengisian manual;not_found;Sedang
Ganyong kukus;364;100;0.8;0.2;23.8;1.1;62;80;2;10;68;0.1;0.2;0;0;0;0.1;0.02;0.1;0;100;https://pbs.twimg.com/media/FaAqu9paIAEm13B?format=jpg&name=4096x4096;55;Tidak ditemukan dalam literatur – perlu pengisian manual;not_found;Sedang
Ganyong mentah;365;95;1;0.1;22.6;1.1;62;80;2;10;68;0.1;0.2;0;0;0;0.1;0.02;0.1;0;100;https://3.bp.blogspot.com/-NKNz9WU0oo8/WfobcfcbliI/AAAAAAAAAQk/yJ3EvQk5_xQucwTaboHstWVS56JUmjjxACLcBGAs/s1600/IMG_6745.JPG;55;Tidak ditemukan dalam literatur – perlu pengisian manual;not_found;Sedang
Ganyong rebus;366;100;0.8;0.2;23.8;0.9;15;65;0.9;0;0;0;0;0;0;0;0.04;0;0;6;100;https://assets-a1.kompasiana.com/items/album/2019/11/18/fb-img-1574037281653-5dd1e7e2d541df7e5258fdc2.jpg;75;Atkinson et al. (2008);token(rebus)→singkong rebus;Tinggi
Ganyong segar;367;77;0.6;0.2;18.4;0.8;15;67;1;0;0;0;0;0;0;0;0.1;0;0;9;65;https://id-test-11.slatic.net/p/b5d4ead3758c0c6492d33214e29bf296.jpg;55;Tidak ditemukan dalam literatur – perlu pengisian manual;not_found;Sedang
Gaplek;368;338;1.5;0.7;81.3;1.1;62;80;2;10;68;0.1;0.2;0;0;0;0.1;0.02;0.1;0;100;https://img-global.cpcdn.com/recipes/136bf6be239b77b2/1280x1280sq70/photo.webp;55;Tidak ditemukan dalam literatur – perlu pengisian manual;not_found;Sedang
Gatep segar;369;191;4.5;1.5;39.7;6.75;186;69;3.2;17;403.3;0.7;1.3;0;51;0;0.05;0.2;1.8;0;100;https://visitbali.id/images/data/2021/Sep/27/615168beaee801728.jpg;55;Tidak ditemukan dalam literatur – perlu pengisian manual;not_found;Sedang
Gatot;370;347;1.3;0.7;83.8;5.8;78;44;8.2;28;242;0.2;0.7;0;0;0;0.02;0.1;0.4;0;100;https://upload.wikimedia.org/wikipedia/commons/f/fb/19._Gathot_2.jpg;55;Tidak ditemukan dalam literatur – perlu pengisian manual;not_found;Sedang
Geblek;371;195;0.4;1.7;44.4;3.6;35;13;0.6;225;125;0.3;0.3;0;0;0.3;0.02;0;0.1;0;100;https://assets.pikiran-rakyat.com/crop/13x117:1065x1297/x/photo/2022/07/22/2059763332.jpg;55;Tidak ditemukan dalam literatur – perlu pengisian manual;not_found;Sedang
Gelatine;372;389;0;0;91;1.1;62;80;2;10;68;0.1;0.2;0;0;0;0.1;0.02;0.1;0;100;https://asset.kompas.com/crops/_L9e1vMf1G0xP0ebOzrif0YDzzQ=/0x0:1000x667/750x500/data/photo/2020/10/06/5f7c01379379a.jpg;55;Tidak ditemukan dalam literatur – perlu pengisian manual;not_found;Sedang
Gembili;373;95;1.5;0.1;22.4;1.1;62;80;2;10;68;0.1;0.2;0;0;0;0.1;0.02;0.1;0;100;https://awsimages.detik.net.id/community/media/visual/2020/05/04/47dff53b-5a39-4136-907a-51e3754353b1_169.png?w=650&q=90;65;Tidak ditemukan dalam literatur – perlu pengisian manual;not_found;Sedang
Gembili ubi segar;374;131;1.1;0.2;31.3;1.1;14;56;0.6;10;200;0.2;0.3;0;0;0;0.08;0;0.9;4;85;https://www.static-src.com/wcsstore/Indraprastha/images/catalog/full//101/MTA-48006729/tidak_ada_merk_umbi_gembili_500_gram_ubi_gembili_ketan_pulen_segar_full03_9aa38a1b.jpg;65;Tidak ditemukan dalam literatur – perlu pengisian manual;not_found;Sedang
Gemblong;375;274;1.7;5.4;55.5;2.2;69;55;3.3;0;0;0;0;0;0;0;0;0;0;0;100;https://asset.kompas.com/crops/I3Y-iWTZTZ0TLo5ZTtNqPtrya_s=/0x73:1280x926/750x500/data/photo/2020/08/16/5f3913fdc5e69.jpg;75;Tidak ditemukan dalam literatur – perlu pengisian manual;not_found;Tinggi
Gendar goreng;376;407;6.4;28.2;32;0.1;216;62;1.6;0;0;0;0;0;0;184;0.16;0;0.6;0;100;https://img-global.cpcdn.com/recipes/8740dfff5f5019cb/1200x630cq70/photo.jpg;76;Atkinson et al. (2008);token(goreng)→nasi goreng;Tinggi
Genjer segar;377;35;1.7;0.2;7.7;2.5;62;33;2.1;64;775;0;0;0;0;278.75;0.07;0.1;1.1;12.5;70;https://images.tokopedia.net/img/cache/700/product-1/2020/5/15/7845717/7845717_a5118472-420f-4bf5-a311-ff8401926d6d_1000_1000.jpg;55;Tidak ditemukan dalam literatur – perlu pengisian manual;not_found;Sedang
Geplak;378;350;1.4;14.4;53.6;1.8;151;43;2.1;0;0;0;0;0;0;120;0.12;0.02;0.8;0;100;https://www.tuguwisata.com/wp-content/uploads/2017/10/chefjourneys_3_10_2017_14_6_38_173.jpg;55;Tidak ditemukan dalam literatur – perlu pengisian manual;not_found;Sedang
Geplak jahe;379;462;3.1;24.4;57.7;3.3;212;161;6.6;0;0;0;0;0;0;272;0.12;0;0.1;0;100;https://id-live-01.slatic.net/p/e9d3d5c495903bfc0909965e77c210ad.jpg;55;Tidak ditemukan dalam literatur – perlu pengisian manual;not_found;Sedang
Gete kuah asam masakan;380;75;8.2;2;6;0;337.5;440;0.8;225;150;0.1;1.5;0;0;0;0;0;0.1;0;100;https://nilaigizi.com/assets/images/produk/produk_1535785356.jpg;55;Tidak ditemukan dalam literatur – perlu pengisian manual;not_found;Sedang
Getuk goreng;381;360;1.3;6.4;74.3;0.8;59;81;3.2;0;0;0;0;0;0;0;0.21;0;0.1;0;100;https://resepkoki.id/wp-content/uploads/2016/03/Resep-Getuk-goreng.jpg;76;Atkinson et al. (2008);token(goreng)→nasi goreng;Tinggi
Getuk Lindri ;382;171.4;4;4;32;1.1;62;80;2;10;68;0.1;0.2;0;0;0;0.1;0.02;0.1;0;100;https://asset-a.grid.id/crop/0x0:0x0/x/photo/2018/12/21/1509136869.jpg;75;Tidak ditemukan dalam literatur – perlu pengisian manual;not_found;Tinggi
Getuk pisang;383;144;1.1;0.4;34.1;0.4;48;32;1;0;0;0;0;0;0;278.75;0.55;0;0;0;100;https://asset.kompas.com/crops/l3xnQh1pGb-JXXnQlqwMVzdfRMo=/0x0:1000x667/750x500/data/photo/2022/12/25/63a7a3ef59ddd.jpeg;59;"Hoerudin (2012); Atkinson et al. (2008)";partial→pisang;Sedang
Getuk singkong;384;204;0.5;1.4;47.4;0.8;97;52;1.5;0;0;0;0;0;0;208;0.08;0;0.1;0;100;https://images.tokopedia.net/img/KRMmCm/2022/8/9/d04d11c4-f1e5-4595-8166-a53955b475ca.jpg;75;Atkinson et al. (2008);partial→singkong;Tinggi
Ginjal Babi;385;114;16.3;4.6;0.8;1.1;62;80;2;10;68;0.1;0.2;0;0;0;0.1;0.02;0.1;0;100;https://s1.bukalapak.com/img/6117974221/large/GINJAL_BABI___PORK_KIDNEY_.jpg;0;Tidak ditemukan dalam literatur – perlu pengisian manual;not_found;Tidak signifikan (non-karbohidrat)
Ginjal Domba;386;105;16.6;3.3;1;1.1;62;80;2;10;68;0.1;0.2;0;0;0;0.1;0.02;0.1;0;100;https://images.tokopedia.net/img/cache/500-square/VqbcmM/2022/6/21/c055064b-bb60-4818-b25b-4213572335df.jpg;0;Tidak ditemukan dalam literatur – perlu pengisian manual;not_found;Tidak signifikan (non-karbohidrat)
Ginjal Sapi;387;141;15;8.1;0.9;0;62;196.5;4;108;191.5;0.105;1.05;0;0;0;0.135;0.055;0.45;0;100;https://i0.wp.com/herald.id/wp-content/uploads/2023/01/google.jpg?fit=521%2C405&ssl=1;31;Atkinson et al. (2008);token(sapi)→susu sapi;Rendah
Gudeg ;388;53;1.6;1.6;8.8;1.1;62;80;2;10;68;0.1;0.2;0;0;0;0.1;0.02;0.1;0;100;https://cdn1-production-images-kly.akamaized.net/IpYTbngk7MSDqY-O2zh-l35oxxs=/1200x1200/smart/filters:quality(75):strip_icc():format(jpeg)/kly-media-production/medias/776636/original/012158200_1417956101-gudeg.jpg;55;Tidak ditemukan dalam literatur – perlu pengisian manual;not_found;Sedang
Gudeg sayur;389;160;3.3;9.2;16;2.3;62;55;8.2;0;0;0;0;0;0;166;0.15;0;0;0;100;https://1.bp.blogspot.com/-dubLmtxl4XI/V9NzynrpH4I/AAAAAAAAZTY/Mh8U8r2Fy58EWteb0ARFDyZWj7Wot4n0ACLcB/s1600/A%2BGUDEG%2BBASAH%2BIG.jpg;15;Tidak ditemukan dalam literatur – perlu pengisian manual;not_found;Rendah
Gula Aren;390;368;0;0;95;0;75;35;3;15;390.4;0.04;0;0;0;0;0;0.01;0.5;0;100;https://pertanian.uma.ac.id/wp-content/uploads/2023/02/61b16531c9fe7.jpg;68;Atkinson et al. (2008);token(gula)→gula pasir;Sedang
Gula Kelapa;391;386;3;10;76;0;76;37;2.6;2;0;0;0;0;0;0;0;0.3;0.5;0;100;https://centralagrolestari.com/public/storage/pos/images/1626581730.jpg;68;Atkinson et al. (2008);token(gula)→gula pasir;Sedang
Gula Merah Tebu belum dimurnikan;392;356;0.4;0.5;90.6;0;90;204;1.9;131;229.5;0.1;0.7;0;0;0;0.1;0.025;0.25;0;100;https://img.my-best.id/content_section/choice_component/contents/31f66e56783bda930982232d7debc6ca.jpg?ixlib=rails-4.3.1&q=70&lossless=0&w=690&fit=max&s=3f720921b474d65bdf6d775ab995d54c;0;Atkinson et al. (2008) – tidak mengandung karbohidrat;partial→ikan;Tidak signifikan (non-karbohidrat)
Gula putih;393;394;0;0;94;0;5;1;0.1;1;4.75;0;0;0;0;0;0;0;0;0;100;https://s0.bukalapak.com/bukalapak-kontenz-production/content_attachments/88280/original/manfaat_gula_pasir_main_image.jpg;68;Atkinson et al. (2008);token(gula)→gula pasir;Sedang
Gulai asam keueung masakan;394;52;10;0.5;1.8;0;62;102;0.3;225;141;0;1;0;0;0;0.18;0.3;0;0;100;https://img-global.cpcdn.com/recipes/8f989c17e5803c3b/680x482cq70/gulai-asam-keueng-asam-pedas-tongkol-seafoodfestival-foto-resep-utama.jpg;55;Tidak ditemukan dalam literatur – perlu pengisian manual;not_found;Sedang
Gulai ikan masakan;395;106;16.5;3.3;2.5;0;306;196;4.8;225;0;0;0;0;0;278.75;0.32;0;0;0;100;https://sweetrip.id/wp-content/uploads/2022/10/1.jpg;0;Atkinson et al. (2008) – tidak mengandung karbohidrat;partial→ikan;Tidak signifikan (non-karbohidrat)
Gulai ikan paya masakan;396;148;10;9.8;5;0;103;82;0.7;225;256;0.1;0.9;0;0;0;0.26;0.02;0;0;100;https://www.glory-travel.com/wp-content/uploads/2018/11/o1AJ9qDyyJNSpZWhUgGYc3MngFqoAN6WRcGHHcyTN6eXyGCVk.jpg;0;Atkinson et al. (2008) – tidak mengandung karbohidrat;partial→ikan;Tidak signifikan (non-karbohidrat)
Gulai kambing;397;126;4.2;9.4;6.2;0;45;73;1.3;225;138;0.2;1.1;0;0;0;0.13;0.01;0;0;100;https://kbu-cdn.com/dk/wp-content/uploads/gulai-kambing.jpg;0;Atkinson et al. (2008) – tidak mengandung karbohidrat;token(kambing)→daging kambing;Tidak signifikan (non-karbohidrat)
Gulai keumamah masakan;398;110;5.9;8.2;3.2;0;32;96;1;225;121;0.2;0.9;0;0;0;0.33;0.04;0;0;100;https://img-global.cpcdn.com/recipes/d43cbe5d1ad0490d/680x482cq70/gulai-keumamah-foto-resep-utama.jpg;55;Tidak ditemukan dalam literatur – perlu pengisian manual;not_found;Sedang
Gulai pakis;399;143;4;11.4;6;1.4;337.5;124;1.7;0;0;0;0;0;0;278.75;0.35;0;0;1;100;https://www.agrowindo.com/wp-content/uploads/2017/06/Gulai-pakis-agrowindo.jpg;55;Tidak ditemukan dalam literatur – perlu pengisian manual;not_found;Sedang
Gulai pliek;400;176;7.3;14.9;3.2;0;39;54;1.4;225;285;0.3;0.6;0;0;0;0;0;0;0;100;https://mediakom.kemkes.go.id/wp-content/uploads/2021/08/kuah-pliek-u.png;55;Tidak ditemukan dalam literatur – perlu pengisian manual;not_found;Sedang
Gulai tiram masakan;401;132;9;7.2;7.8;0;53;134;3.7;225;133;0.75;0.7;0;0;0;0.29;0.12;0;0;100;https://img-global.cpcdn.com/recipes/09856a93968f8df1/1200x630cq70/photo.jpg;55;Tidak ditemukan dalam literatur – perlu pengisian manual;not_found;Sedang
Gurame asem manis masakan;402;192;12.7;10.1;12.7;0;283;169;1.1;0;0;0;0;0;0;278.75;0.1;0;0;0;100;https://d12man5gwydfvl.cloudfront.net/wp-content/uploads/2020/03/shutterstock_1561182373.jpg;55;Amalia et al. (2011) dalam Arif et al. (2013);token(manis)→jagung manis;Sedang
Gurandil;403;218;0.5;2.5;48.5;3.1;50;25;2.8;0;0;0;0;0;0;0;0.19;0;0;0;100;https://i.ytimg.com/vi/xDsBbOWMWJo/maxresdefault.jpg;55;Tidak ditemukan dalam literatur – perlu pengisian manual;not_found;Sedang
Ham;404;389;16.9;35;0.3;0;10;136;2.5;112;775;0.11;0.4;0;0;0;0.555;0.3;3.5;0;100;https://bakeitwithlove.com/wp-content/uploads/2021/12/glazed-honey-ham-sq.jpg;55;Tidak ditemukan dalam literatur – perlu pengisian manual;not_found;Sedang
Hangop;405;65;10;1;3.5;0;180;190;0.2;126;374.4;0;0;0;22;0;0.03;0.3;0.2;0;100;https://www.lekkerensimpel.com/wp-content/uploads/2016/10/IMG_0381-2.jpg;55;Tidak ditemukan dalam literatur – perlu pengisian manual;not_found;Sedang
Hati Babi;406;134;19.7;4.8;1.7;1.1;62;80;2;10;68;0.1;0.2;0;0;0;0.1;0.02;0.1;0;100;https://media.suara.com/pictures/653x366/2019/10/10/41737-ilustrasi-hati-babi-pixabaychodarat.jpg;0;Tidak ditemukan dalam literatur – perlu pengisian manual;not_found;Tidak signifikan (non-karbohidrat)
Hati Sapi;407;136;19.7;3.2;6;0;62;196.5;4;108;191.5;0.105;1.05;0;0;0;0.135;0.055;0.45;0;100;https://doktersehat.com/wp-content/uploads/2022/04/hati-sapi-doktersehat.jpg;31;Atkinson et al. (2008);token(sapi)→susu sapi;Rendah
Havermout;408;390;14.2;7.4;68.2;1.1;62;80;2;10;68;0.1;0.2;0;0;0;0.1;0.02;0.1;0;100;https://id-test-11.slatic.net/p/2055593e09b807e28ea3fd9b8756b103.jpg;55;Tidak ditemukan dalam literatur – perlu pengisian manual;not_found;Sedang
Hofa/Ubi hutan segar;409;127;1.2;0.5;29.5;3.4;30;8;0.7;3;4;0.1;0.2;0;0;0;0.3;0.05;0.6;0;85;https://www.mongabay.co.id/wp-content/uploads/2015/05/sikapa02.jpg;65;Tidak ditemukan dalam literatur – perlu pengisian manual;not_found;Sedang
Ikan asar merah masakan;410;146;17.7;5.9;5.6;0;100;240;4;170;310;0.3;1.4;0;0;0;0;0;0;0;100;https://t-2.tstatic.net/medan/foto/bank/images2/Resep-Ikan-Asar-dan-Cara-Membuatnya-Hidangan-Khas-Maluku.jpg;0;Atkinson et al. (2008) – tidak mengandung karbohidrat;partial→ikan;Tidak signifikan (non-karbohidrat)
Ikan Asin bilis goreng;411;380;33.6;27.5;0;0;90;204;1.9;131;229.5;0.1;0.7;0;0;0;0.1;0.025;0.25;0;100;https://img-global.cpcdn.com/recipes/446879a009d58694/1200x630cq70/photo.jpg;0;Atkinson et al. (2008) – tidak mengandung karbohidrat;partial→ikan;Tidak signifikan (non-karbohidrat)
Ikan Asin gabus goreng;412;456;46.5;24.4;0;0;90;204;1.9;131;229.5;0.1;0.7;0;0;0;0.1;0.025;0.25;0;100;https://images.tokopedia.net/img/cache/700/product-1/2019/7/27/6486945/6486945_99c1b375-e266-42bb-b539-f5731fb74114_960_960.jpg;0;Atkinson et al. (2008) – tidak mengandung karbohidrat;partial→ikan;Tidak signifikan (non-karbohidrat)
Ikan Asin japuh goreng;413;348;18.7;29.5;0;0;90;204;1.9;131;229.5;0.1;0.7;0;0;0;0.1;0.025;0.25;0;100;https://img-global.cpcdn.com/recipes/756a62f3201bd80c/1200x630cq70/photo.jpg;0;Atkinson et al. (2008) – tidak mengandung karbohidrat;partial→ikan;Tidak signifikan (non-karbohidrat)
Ikan Asin kering;414;193;42;1.5;0;0;200;300;0;0;0;0;0;0;0;0;0.01;0;0;0;70;https://cdn2.tstatic.net/tribunnewswiki/foto/bank/images/ikan-asinn.jpg;0;Atkinson et al. (2008) – tidak mengandung karbohidrat;partial→ikan;Tidak signifikan (non-karbohidrat)
Ikan Asin pari goreng;415;430;58.2;23.6;0;0;90;204;1.9;131;229.5;0.1;0.7;0;0;0;0.1;0.025;0.25;0;100;https://img-global.cpcdn.com/recipes/Recipe_2015_01_31_12_33_39_810_87c9c03bd7c9a069b268/680x482cq70/ikan-pari-goreng-foto-resep-utama.jpg;0;Atkinson et al. (2008) – tidak mengandung karbohidrat;partial→ikan;Tidak signifikan (non-karbohidrat)
Ikan Asin pepetek goreng;416;652;40.4;54.3;0;0;90;204;1.9;131;229.5;0.1;0.7;0;0;0;0.1;0.025;0.25;0;100;https://img-global.cpcdn.com/recipes/63c1692184e591d6/1200x630cq70/photo.jpg;0;Atkinson et al. (2008) – tidak mengandung karbohidrat;partial→ikan;Tidak signifikan (non-karbohidrat)
Ikan Asin sirinding goreng;417;319;6.9;31.7;0;0;90;204;1.9;131;229.5;0.1;0.7;0;0;0;0.1;0.025;0.25;0;100;https://images.tokopedia.net/img/cache/700/product-1/2020/2/4/7723047/7723047_740a394f-4f87-467c-bb24-6ff77d857edd_1224_1224.jpg;0;Atkinson et al. (2008) – tidak mengandung karbohidrat;partial→ikan;Tidak signifikan (non-karbohidrat)
Ikan Asin teri goreng;418;430;33.4;32.4;0;0;90;204;1.9;131;229.5;0.1;0.7;0;0;0;0.1;0.025;0.25;0;100;https://img-global.cpcdn.com/recipes/15714e008b15f3e0/680x482cq70/teri-segar-goreng-tanpa-minyak-foto-resep-utama.jpg;0;Atkinson et al. (2008) – tidak mengandung karbohidrat;partial→ikan;Tidak signifikan (non-karbohidrat)
Ikan Bader (Tawes);419;198;19;13;0;0;90;204;1.9;131;229.5;0.1;0.7;0;0;0;0.1;0.025;0.25;0;100;https://3.bp.blogspot.com/-QIgcZ7K-sU4/XCHN03j4UGI/AAAAAAAAGjQ/Lmq-K-j5qQgIR-aSasCnx01eQ9bND4pfwCLcBGAs/s1600/ikan%2Btawes%2B1.jpg;0;Atkinson et al. (2008) – tidak mengandung karbohidrat;partial→ikan;Tidak signifikan (non-karbohidrat)
Ikan balong segar;420;107;16.5;3.9;1.5;0;54;202;2;86;253.4;0.5;1;0;0;0;0.05;0.1;2.5;0;100;https://upload.wikimedia.org/wikipedia/commons/9/98/Maroon_Clown_Fish444.jpg;0;Atkinson et al. (2008) – tidak mengandung karbohidrat;partial→ikan;Tidak signifikan (non-karbohidrat)
Ikan bambangan segar;421;112;20;1.3;3.7;0;98;120;3;148;258.7;0;0.1;0;0;0;0.07;0;0.3;0;100;https://workamerica.co/wp-content/uploads/2020/03/kakap-merah.jpg;0;Atkinson et al. (2008) – tidak mengandung karbohidrat;partial→ikan;Tidak signifikan (non-karbohidrat)
Ikan Bandeng;422;129;20;4.8;0;0;90;204;1.9;131;229.5;0.1;0.7;0;0;0;0.1;0.025;0.25;0;100;https://images.tokopedia.net/blog-tokopedia-com/uploads/2021/08/Featured_Manfaat-Ikan-Bandeng.jpg;0;Atkinson et al. (2008) – tidak mengandung karbohidrat;exact;Tidak signifikan (non-karbohidrat)
Ikan bandeng presto masakan;423;296;17.1;20.3;11.3;0;337.5;440;1.9;0;0;0;0;0;0;278.75;0.14;0;0;12.5;100;https://www.philips.com/c-dam/b2c/id_ID/experience/ho/cooking/iikan-goreng-thumbnail.jpg;0;Atkinson et al. (2008) – tidak mengandung karbohidrat;partial→ikan;Tidak signifikan (non-karbohidrat)
Ikan banjar segar;424;111;19.4;0.9;4.8;0;68;278;7.3;99;338.7;0.2;0.6;0;60;0;0.03;0.2;3.5;0;100;https://altarafish.com/wp-content/uploads/2019/02/kembung-banjar-2.jpg;0;Atkinson et al. (2008) – tidak mengandung karbohidrat;partial→ikan;Tidak signifikan (non-karbohidrat)
Ikan baronang segar;425;78;14.5;0.6;3.7;0;26;440;3.8;26;692;0.75;2.5;0;0;0;0.2;0.04;3;0;100;https://assets.ayobandung.com/crop/0x0:0x0/750x500/webp/photo/tangerangraya/2021/10/Baronang1.jpg;0;Atkinson et al. (2008) – tidak mengandung karbohidrat;partial→ikan;Tidak signifikan (non-karbohidrat)
Ikan baung bakar;426;144;17.8;5.8;5.2;0;18;169;0;168;236;0.1;0.7;0;0;0;0;0;1.3;0;100;https://dherdian.files.wordpress.com/2014/12/ikan-baung.jpg;0;Atkinson et al. (2008) – tidak mengandung karbohidrat;partial→ikan;Tidak signifikan (non-karbohidrat)
Ikan baung segar;427;123;15.1;5.5;3.3;0;5;146;1.3;32;349;0.1;0.7;0;0;0;0.2;0.03;1.2;0;100;https://www.pustakadunia.com/media/posts/9/green-baung.jpg;0;Atkinson et al. (2008) – tidak mengandung karbohidrat;partial→ikan;Tidak signifikan (non-karbohidrat)
Ikan Bawal;428;96;19;1.7;0;0;90;204;1.9;131;229.5;0.1;0.7;0;0;0;0.1;0.025;0.25;0;100;https://cdn0-production-images-kly.akamaized.net/C-d15AzyqyZ6g3FXgdgNiM0vT8w=/881x0:3882x3001/1200x1200/filters:quality(75):strip_icc():format(webp)/kly-media-production/medias/3083206/original/068408300_1584935571-shutterstock_1543262462.jpg;0;Atkinson et al. (2008) – tidak mengandung karbohidrat;partial→ikan;Tidak signifikan (non-karbohidrat)
Ikan Bekasang;429;138;14;0.7;7.4;0;90;204;1.9;131;229.5;0.1;0.7;0;0;0;0.1;0.025;0.25;0;100;https://www.surabayapagi.com/po-content/photo/big/a782bead716a8dbee3762c8c79ec4e54.jpg;0;Atkinson et al. (2008) – tidak mengandung karbohidrat;partial→ikan;Tidak signifikan (non-karbohidrat)
Ikan Belida bakar;430;128;18;3;7.2;0;58;134;0;225;198;0.1;0.4;0;0;0;0.555;0.17;1.5;0;100;https://nilaigizi.com/assets/images/produk/produk_1535645437.JPG;0;Atkinson et al. (2008) – tidak mengandung karbohidrat;partial→ikan;Tidak signifikan (non-karbohidrat)
Ikan Belida segar;431;80;14.7;1.4;2.2;0;303;315;1.3;41;356;0;0.8;0;0;0;0.555;0.14;1.4;0;100;https://asset.kompas.com/crops/1fAzPKIXKLg0zUIFq1noM_71D44=/73x0:916x562/750x500/data/photo/2021/09/07/6137430f50e33.jpg;0;Atkinson et al. (2008) – tidak mengandung karbohidrat;partial→ikan;Tidak signifikan (non-karbohidrat)
Ikan Belut Segar goreng;432;417;25.9;19.4;32;0;90;204;1.9;131;229.5;0.1;0.7;0;0;0;0.1;0.025;0.25;0;100;https://kbu-cdn.com/dk/wp-content/uploads/belut-goreng-crispy.jpg;0;Atkinson et al. (2008) – tidak mengandung karbohidrat;partial→ikan;Tidak signifikan (non-karbohidrat)
Ikan Belut Segar mentah;433;82;6.7;1;10.9;0;90;204;1.9;131;229.5;0.1;0.7;0;0;0;0.1;0.025;0.25;0;100;https://images.tokopedia.net/img/cache/700/VqbcmM/2021/8/9/57ed09de-9e7e-4d05-9de8-d85353362446.jpg;0;Atkinson et al. (2008) – tidak mengandung karbohidrat;partial→ikan;Tidak signifikan (non-karbohidrat)
Ikan Beunteur;434;66;14;0;0;0;90;204;1.9;131;229.5;0.1;0.7;0;0;0;0.1;0.025;0.25;0;100;https://agrozine.id/wp-content/uploads/2022/10/Ikan-Wader.jpg;0;Atkinson et al. (2008) – tidak mengandung karbohidrat;partial→ikan;Tidak signifikan (non-karbohidrat)
Ikan biawan segar;435;90;14.9;2.5;2.1;0;125;265;1;35;207;0.4;0.6;0;0;0;0.36;0.03;2.9;0;100;https://panennews.com/wp-content/uploads/2020/06/Ikan-Biawan.jpg;0;Atkinson et al. (2008) – tidak mengandung karbohidrat;partial→ikan;Tidak signifikan (non-karbohidrat)
Ikan bili segar;436;88;14.2;0.7;6.2;0;27;440;1.5;217;202;0;2.5;0;0;0;0.555;0.09;2.7;0;100;https://cdn.shopify.com/s/files/1/0592/8633/products/Ikan_Bilis.jpg?v=1523265834;0;Atkinson et al. (2008) – tidak mengandung karbohidrat;partial→ikan;Tidak signifikan (non-karbohidrat)
Ikan bubara segar;437;100;14.7;2.4;4.9;0;90;90;0.4;225;390;0.7;0.8;0;0;0;0;0;0;0;100;https://cdn.antaranews.com/cache/800x533/2021/09/17/IMG-20210917-WA0002_2.jpg;0;Atkinson et al. (2008) – tidak mengandung karbohidrat;partial→ikan;Tidak signifikan (non-karbohidrat)
Ikan bulan-bulan segar;438;134;25.5;1.3;5;0;29;29;0.5;197;489;0.1;0.5;0;0;0;0.3;0.02;0.8;0;100;https://upload.wikimedia.org/wikipedia/commons/1/1a/Megalops_cyprinoides2.jpg;0;Atkinson et al. (2008) – tidak mengandung karbohidrat;partial→ikan;Tidak signifikan (non-karbohidrat)
Ikan cakalang asap mentah;439;204;34.2;5.6;1.9;0;14;399;1.3;176;588;0.3;0.7;0;0;0;0.53;0.07;0;0;70;https://jurnal6.com/wp-content/uploads/2021/11/received_532156504848726.jpeg;0;Atkinson et al. (2008) – tidak mengandung karbohidrat;partial→ikan;Tidak signifikan (non-karbohidrat)
Ikan cakalang asin mentah;440;198;36.5;2.2;5.5;0;236;346;3.7;225;302.1;0;0;0;0;0;0.06;0;0;0;70;https://images.tokopedia.net/img/cache/700/VqbcmM/2021/7/7/76b181bf-a94c-4a34-a2b4-5e1c4ba01dc5.jpg;0;Atkinson et al. (2008) – tidak mengandung karbohidrat;partial→ikan;Tidak signifikan (non-karbohidrat)
Ikan cakalang hati segar;441;120;11.3;3.9;10;0;30;30;0.9;225;280;0.75;2.5;0;0;0;0;0;0.2;0;100;https://assets.pikiran-rakyat.com/crop/0x0:0x0/x/photo/2022/07/13/2233154868.jpg;0;Atkinson et al. (2008) – tidak mengandung karbohidrat;partial→ikan;Tidak signifikan (non-karbohidrat)
Ikan cakalang jantung segar;442;116;11.2;1.2;10.2;0;10;40;3.4;225;250;0.5;1.9;0;0;0;0;0;0.1;0;100;https://assets.pikiran-rakyat.com/crop/0x0:0x0/x/photo/2022/07/13/2233154868.jpg;0;Atkinson et al. (2008) – tidak mengandung karbohidrat;partial→ikan;Tidak signifikan (non-karbohidrat)
Ikan cakalang perut segar;443;86;10.2;1.1;8.7;0;20;110;2.1;225;210;0.3;2.5;0;0;0;0.24;0;0.3;0;100;https://assets.pikiran-rakyat.com/crop/0x0:0x0/x/photo/2022/07/13/2233154868.jpg;0;Atkinson et al. (2008) – tidak mengandung karbohidrat;partial→ikan;Tidak signifikan (non-karbohidrat)
Ikan cakalang segar;444;107;19.6;0.7;5.5;0;23;242;2.9;66;239;0.2;0.6;0;0;0;0.17;0.05;3.5;0;100;https://assets.pikiran-rakyat.com/crop/0x0:0x0/x/photo/2022/07/13/2233154868.jpg;0;Atkinson et al. (2008) – tidak mengandung karbohidrat;partial→ikan;Tidak signifikan (non-karbohidrat)
Ikan calo/ peda mentah;445;81;11.4;1.9;3.8;0;337.5;174;8.2;0;0;0;0;0;0;0;0;0;0;0;100;https://assets.ayobandung.com/crop/0x0:0x0/750x500/webp/photo/2021/11/22/2261616866.jpg;0;Atkinson et al. (2008) – tidak mengandung karbohidrat;partial→ikan;Tidak signifikan (non-karbohidrat)
Ikan daun segar;446;101;11.5;4.1;4.6;0;80;210;0.8;120;270;0.1;0.9;0;0;0;0.08;0.07;0.1;0;100;https://nilaigizi.com/assets/images/produk/produk_1535461660.jpg;0;Atkinson et al. (2008) – tidak mengandung karbohidrat;partial→ikan;Tidak signifikan (non-karbohidrat)
Ikan Ekor Kuning;447;109;17;4;0;0;90;204;1.9;131;229.5;0.1;0.7;0;0;0;0.1;0.025;0.25;0;100;https://id-live-01.slatic.net/p/a050c6abf2757b9dd5d9e179ac5f6f58.jpg;0;Atkinson et al. (2008) – tidak mengandung karbohidrat;partial→ikan;Tidak signifikan (non-karbohidrat)
Ikan Gabus asap mentah;448;261;38.1;2.3;21.9;0;337.5;440;2.9;225;410;0.4;0.8;0;0;0;0.1;0.1;3.5;0;80;https://id-test-11.slatic.net/p/bb5a949dcbe534ed2ecdfd98a8e9c07b.jpg;0;Atkinson et al. (2008) – tidak mengandung karbohidrat;partial→ikan;Tidak signifikan (non-karbohidrat)
Ikan Gabus kering;449;292;58;4;0;0;15;100;0.1;0;0;0;0;0;0;0;0.1;0;0;0;80;https://nilaigizi.com/assets/images/produk/produk_1535646586.jpg;0;Atkinson et al. (2008) – tidak mengandung karbohidrat;partial→ikan;Tidak signifikan (non-karbohidrat)
Ikan Gabus segar;450;74;25.2;1.7;0;0;170;139;0.1;65;254;0.3;0.4;0;0;0;0.4;0.2;0.1;0;100;https://images.tokopedia.net/img/cache/500-square/VqbcmM/2020/10/17/13ad7cdb-015a-4298-a4ef-f698a1143555.jpg;0;Atkinson et al. (2008) – tidak mengandung karbohidrat;partial→ikan;Tidak signifikan (non-karbohidrat)
Ikan gete goreng;451;267;23.1;19.4;0.2;0;337.5;440;0.8;225;440;0.1;1.9;0;0;0;0;0;0.2;0;100;https://nilaigizi.com/assets/images/produk/produk_1535646628.jpg;0;Atkinson et al. (2008) – tidak mengandung karbohidrat;partial→ikan;Tidak signifikan (non-karbohidrat)
Ikan hitam segar;452;101;10.3;3.7;6.7;0;50;140;0.4;70;210;0;0.4;0;0;0;0;0.1;0.1;0;100;https://www.fishbase.se/images/species/Lachr_u2.jpg;0;Atkinson et al. (2008) – tidak mengandung karbohidrat;partial→ikan;Tidak signifikan (non-karbohidrat)
Ikan hiu kering;453;298;46.3;3.6;20.2;0;335;440;2.5;225;775;0.5;2;0;0;0;0.555;0.11;3.5;0;100;https://nilaigizi.com/assets/images/produk/produk_1535646676.jpg;0;Atkinson et al. (2008) – tidak mengandung karbohidrat;partial→ikan;Tidak signifikan (non-karbohidrat)
Ikan hiu segar;454;57;10.7;0.3;2.2;0;75;206;2;0;0;0.02;0;0;0;0;0.05;0;0;0;100;https://awsimages.detik.net.id/community/media/visual/2021/10/21/ilustrasi-ikan-hiu.jpeg?w=1200;0;Atkinson et al. (2008) – tidak mengandung karbohidrat;partial→ikan;Tidak signifikan (non-karbohidrat)
Ikan kacangan segar;455;77;15.6;0.9;1.6;0;94;170;1.7;0;0;0;0;0;0;0;0.07;0;0;0;100;https://gratisongkir-storage.com/products/900x900/GgmwAfyK453X.jpg;15;Atkinson et al. (2008);partial→kacang;Rendah
Ikan kakap segar;456;92;20;0.7;0;0;20;200;1;0;0;0;0;0;0;0;0.05;0;0;0;100;https://d1vbn70lmn1nqe.cloudfront.net/prod/wp-content/uploads/2022/11/30105045/Tinggi-Protein-Ini-X-Manfaat-Ikan-Kakap-untuk-Kesehatan.jpg;0;Atkinson et al. (2008) – tidak mengandung karbohidrat;partial→ikan;Tidak signifikan (non-karbohidrat)
Ikan kakatua segar;457;82;11.4;1.2;6.4;0;20;160;0.4;90;300;0.1;0.3;0;0;0;0;0;0.2;0;100;https://jagalaut.id/wp-content/uploads/2022/05/IMG_3929.jpg;0;Atkinson et al. (2008) – tidak mengandung karbohidrat;partial→ikan;Tidak signifikan (non-karbohidrat)
Ikan kapar segar;458;132;17;6.7;0.8;0;151;272;1.2;78;229;0.75;0.7;0;0;0;0.07;0.03;0;0;100;https://upload.wikimedia.org/wikipedia/commons/b/b0/Belont_hasselt_100523-1755_sap.JPG;0;Atkinson et al. (2008) – tidak mengandung karbohidrat;partial→ikan;Tidak signifikan (non-karbohidrat)
Ikan katombo asin;459;162;31.7;2.8;0.3;0;279;440;4.6;225;342.2;0.75;0;0;0;0;0.09;0;0;0;70;https://img-global.cpcdn.com/recipes/4e1636ada1bc35e0/1200x630cq70/photo.jpg;0;Atkinson et al. (2008) – tidak mengandung karbohidrat;partial→ikan;Tidak signifikan (non-karbohidrat)
Ikan kawalinya segar;460;110;12.6;4.2;5.4;0;80;300;1.5;225;300;0.2;1.4;0;0;0;0;0;0.2;0;100;https://assets.ayobandung.com/crop/0x0:0x0/x/photo/2022/03/18/236634727.png;0;Atkinson et al. (2008) – tidak mengandung karbohidrat;partial→ikan;Tidak signifikan (non-karbohidrat)
Ikan kayu kering;461;302;70.7;1.9;0.4;0;313;22;4.1;225;775;0;1.8;0;0;0;0.555;0.04;3.5;0;100;https://nilaigizi.com/assets/images/produk/produk_1535646769.jpg;0;Atkinson et al. (2008) – tidak mengandung karbohidrat;partial→ikan;Tidak signifikan (non-karbohidrat)
Ikan Kembung;462;103;22;1;0;0;90;204;1.9;131;229.5;0.1;0.7;0;0;0;0.1;0.025;0.25;0;100;https://asset.kompas.com/crops/G41p2wbQwOBGvIZvV4aU4qOQtBQ=/0x0:1000x667/750x500/data/photo/2023/03/18/64153daddd7cc.jpg;0;Atkinson et al. (2008) – tidak mengandung karbohidrat;partial→ikan;Tidak signifikan (non-karbohidrat)
Ikan kima segar;463;70;10.8;0.7;5.2;0;53;72;2;225;101;0.5;0.5;0;0;0;0.22;0.05;3.5;0;100;https://asset-a.grid.id/crop/0x0:0x0/x/photo/2022/01/19/kima-yic-artikel-by-tionjpg-20220119124005.jpg;0;Atkinson et al. (2008) – tidak mengandung karbohidrat;partial→ikan;Tidak signifikan (non-karbohidrat)
Ikan Lais bakar;464;147;17.5;6.5;5.4;0;54;194;0.1;142;209;0;0.5;0;0;0;0;0;0;0;100;https://dotdolan.com/wp-content/uploads/2022/04/Olahan-Lais_IG-@rukurukuresto-e1649583973110.jpeg;0;Atkinson et al. (2008) – tidak mengandung karbohidrat;partial→ikan;Tidak signifikan (non-karbohidrat)
Ikan Layang;465;109;22;1.7;0;0;90;204;1.9;131;229.5;0.1;0.7;0;0;0;0.1;0.025;0.25;0;100;https://lintasbalikpapan.com/asset/foto_berita/Ikan_Layang_2.jpg;0;Atkinson et al. (2008) – tidak mengandung karbohidrat;partial→ikan;Tidak signifikan (non-karbohidrat)
Ikan layur segar;466;82;18;1;0.4;0;48;229;2.2;0;0;0;0;0;0;0;0.04;0;0;0;49;https://ikanwiki.com/gambar/gambar_besar/ikanlay.webp;0;Atkinson et al. (2008) – tidak mengandung karbohidrat;partial→ikan;Tidak signifikan (non-karbohidrat)
Ikan lehoma segar;467;90;20.4;0.9;0;0;88;270;0.7;56;281;0.3;0.9;0;0;0;0.32;0.03;0.2;0;100;https://2.bp.blogspot.com/-hcHeOSZ-k-M/VkNmXVXuJFI/AAAAAAAABPU/lU_LNkEOoHo/s1600/MAlalugis.jpg;0;Atkinson et al. (2008) – tidak mengandung karbohidrat;partial→ikan;Tidak signifikan (non-karbohidrat)
Ikan Lele goreng;468;252;19.9;19.1;0;0;90;204;1.9;131;229.5;0.1;0.7;0;0;0;0.1;0.025;0.25;0;100;https://kbu-cdn.com/dk/wp-content/uploads/lele-goreng-bumbu-lengkuas.jpg;0;Atkinson et al. (2008) – tidak mengandung karbohidrat;partial→ikan;Tidak signifikan (non-karbohidrat)
Ikan Lemuru;469;112;20;3;0;0;90;204;1.9;131;229.5;0.1;0.7;0;0;0;0.1;0.025;0.25;0;100;https://images.tokopedia.net/img/cache/700/product-1/2020/6/12/101531639/101531639_f8f0374d-3534-4642-84c3-530d9b1fb3f0_690_690.jpg;0;Atkinson et al. (2008) – tidak mengandung karbohidrat;partial→ikan;Tidak signifikan (non-karbohidrat)
Ikan lidah segar;470;104;15.6;3.2;2;0;30;143;2;0;0;0;0;0;0;0;0.03;0;0;0;100;https://homemadeindonesia.com/apihmi/images/datatoko/K3DE232FF89_brg66792.jpg;0;Atkinson et al. (2008) – tidak mengandung karbohidrat;partial→ikan;Tidak signifikan (non-karbohidrat)
Ikan lomak asin mentah;471;258;40.3;2.3;18.9;0;140;279;2.3;225;485.1;0.75;0;0;0;0;0.1;0.3;3.5;0;100;https://images.tokopedia.net/img/cache/500-square/VqbcmM/2022/5/31/7abefabd-7a9c-4faa-91f8-6a17ff7d0616.jpg;0;Atkinson et al. (2008) – tidak mengandung karbohidrat;partial→ikan;Tidak signifikan (non-karbohidrat)
Ikan malalugis segar;472;99;20.6;1.4;0.9;0;164;330;0.5;76;282;0.2;0.9;0;0;0;0.3;0.02;0.5;0;100;https://upload.wikimedia.org/wikipedia/commons/thumb/b/bb/Decapterus_koheru_%28koheru%29.jpg/1200px-Decapterus_koheru_%28koheru%29.jpg;0;Atkinson et al. (2008) – tidak mengandung karbohidrat;partial→ikan;Tidak signifikan (non-karbohidrat)
Ikan Mas;473;86;16;2;0;0;90;204;1.9;131;229.5;0.1;0.7;0;0;0;0.1;0.025;0.25;0;100;https://static.republika.co.id/uploads/images/inpicture_slide/ikan-mas_220111065132-645.jpg;0;Atkinson et al. (2008) – tidak mengandung karbohidrat;partial→ikan;Tidak signifikan (non-karbohidrat)
Ikan Mas goreng;474;188;19.3;12.2;0;0;90;204;1.9;131;229.5;0.1;0.7;0;0;0;0.1;0.025;0.25;0;100;https://cdn1-production-images-kly.akamaized.net/PoXdFBAzit7rJj6MDEQSxQ35dT8=/0x462:5162x3371/1200x675/filters:quality(75):strip_icc():format(webp)/kly-media-production/medias/2930376/original/062217400_1570175183-shutterstock_445394449.jpg;0;Atkinson et al. (2008) – tidak mengandung karbohidrat;partial→ikan;Tidak signifikan (non-karbohidrat)
Ikan Mas pepes;475;209;15.2;11.3;11.8;0.5;337.5;440;6.1;74;276.7;0.1;1.9;0;0;278.75;0.13;0.1;2.4;0;100;https://assets.pikiran-rakyat.com/crop/0x0:0x0/x/photo/2022/01/06/1877204615.jpg;0;Atkinson et al. (2008) – tidak mengandung karbohidrat;partial→ikan;Tidak signifikan (non-karbohidrat)
Ikan mayong segar;476;97;17.9;2;0.4;0;40;100;2.5;0;0;0;0;0;0;0;0.1;0;0;0;89;https://homemadeindonesia.com/apihmi/images/datatoko/K0B6216F87F_brg17106.jpg;0;Atkinson et al. (2008) – tidak mengandung karbohidrat;partial→ikan;Tidak signifikan (non-karbohidrat)
Ikan Mujair dendeng goreng;477;598;74.3;26.9;9.2;0;90;204;1.9;131;229.5;0.1;0.7;0;0;0;0.1;0.025;0.25;0;100;https://img-global.cpcdn.com/recipes/c49ebd05c391ae54/680x482cq70/dendeng-mujair-foto-resep-utama.jpg;0;Atkinson et al. (2008) – tidak mengandung karbohidrat;partial→ikan;Tidak signifikan (non-karbohidrat)
Ikan Mujair dendeng mentah;478;582;68.3;15.2;37.2;0;90;204;1.9;131;229.5;0.1;0.7;0;0;0;0.1;0.025;0.25;0;100;https://images.tokopedia.net/img/cache/700/VqbcmM/2021/5/21/38d1433b-a298-46d1-8f07-797840199762.jpg.webp;0;Atkinson et al. (2008) – tidak mengandung karbohidrat;partial→ikan;Tidak signifikan (non-karbohidrat)
Ikan Mujair goreng;479;416;46.9;23.9;0;0;90;204;1.9;131;229.5;0.1;0.7;0;0;0;0.1;0.025;0.25;0;100;https://kurio-img.kurioapps.com/22/10/07/3521e216-d7b3-498d-a045-95973e196c36.jpg;0;Atkinson et al. (2008) – tidak mengandung karbohidrat;partial→ikan;Tidak signifikan (non-karbohidrat)
Ikan Mujair pepes;480;121;21.7;2.8;0.8;0;90;204;1.9;131;229.5;0.1;0.7;0;0;0;0.1;0.025;0.25;0;100;https://sweetrip.id/wp-content/uploads/2022/10/a-pepeas.jpg;0;Atkinson et al. (2008) – tidak mengandung karbohidrat;partial→ikan;Tidak signifikan (non-karbohidrat)
Ikan Mujair segar;481;89;18.7;1;0;0;90;204;1.9;131;229.5;0.1;0.7;0;0;0;0.1;0.025;0.25;0;100;https://s4.bukalapak.com/img/9282888648/large/1792856_scaled.jpg;0;Atkinson et al. (2008) – tidak mengandung karbohidrat;partial→ikan;Tidak signifikan (non-karbohidrat)
Ikan nasu metti segar;482;154;16.8;5;10.5;0;80;244;1.6;225;488;0.2;1.2;0;0;0;0.47;0.15;3.5;0;100;https://img-global.cpcdn.com/recipes/a9e68b1f59b7db4c/680x482cq70/ikan-kuah-kuning-nasu-bale-menre-bhs-bugis-foto-resep-utama.jpg;0;Atkinson et al. (2008) – tidak mengandung karbohidrat;partial→ikan;Tidak signifikan (non-karbohidrat)
Ikan oci kembung segar;483;125;21.3;3.4;2.2;0;136;69;0.8;214;245;0.2;1.1;0;0;0;0.26;0.03;0.2;0;80;https://d1vbn70lmn1nqe.cloudfront.net/prod/wp-content/uploads/2022/10/17065323/Jarang-Disadari-Ini-X-Manfaat-Ikan-Kembung-bagi-Kesehatan.jpg;0;Atkinson et al. (2008) – tidak mengandung karbohidrat;partial→ikan;Tidak signifikan (non-karbohidrat)
Ikan Papuyu bakar;484;152;17.6;6.1;6.7;0;244;227;3.4;225;224;0.2;1;0;0;0;0;0;0;0;100;https://img-global.cpcdn.com/recipes/c0df8c1401aba288/1200x630cq70/photo.jpg;0;Atkinson et al. (2008) – tidak mengandung karbohidrat;partial→ikan;Tidak signifikan (non-karbohidrat)
Ikan papuyu/ betok segar;485;120;14.3;4.9;4.6;0;329;436;1.5;225;169;0.75;1.1;0;0;0;0;0.05;3.1;0;100;https://www.researchgate.net/publication/334733354/figure/fig1/AS:785755827888128@1564350196700/Gambar-5-Papuyu-Anabas-testudineus.ppm;0;Atkinson et al. (2008) – tidak mengandung karbohidrat;partial→ikan;Tidak signifikan (non-karbohidrat)
Ikan Patin bakar;486;144;17.5;6.3;4.3;0;191;232;1.4;225;230;0.1;0.7;0;0;0;0;0;0;0;100;https://awsimages.detik.net.id/community/media/visual/2022/05/16/resep-ikan-patin-bakar-bumbu-kecap-pedas_43.jpeg?w=1200;0;Atkinson et al. (2008) – tidak mengandung karbohidrat;partial→ikan;Tidak signifikan (non-karbohidrat)
Ikan Patin segar;487;132;17;6.6;1.1;0;31;173;1.6;77;346;0.7;0.8;0;7;0;0.2;0.03;1.7;0;100;https://trubus.id/wp-content/uploads/2022/08/Tiga-Olahan-Enak-Berbahan-Baku-Ikan-Patin-dok.-trubus.jpg;0;Atkinson et al. (2008) – tidak mengandung karbohidrat;partial→ikan;Tidak signifikan (non-karbohidrat)
Ikan peda banjar mentah;488;156;28;4;2;0;174;316;3.1;59;368.8;0;0.5;0;4;0;0.1;0.1;3.5;0;90;https://images.tokopedia.net/img/cache/500-square/product-1/2020/4/28/7175728/7175728_25c6290f-ccb7-47d2-a15c-1266d270670a_1000_1000.jpg;0;Atkinson et al. (2008) – tidak mengandung karbohidrat;partial→ikan;Tidak signifikan (non-karbohidrat)
Ikan Pepetek;489;176;32;4.4;0;0;90;204;1.9;131;229.5;0.1;0.7;0;0;0;0.1;0.025;0.25;0;100;https://upload.wikimedia.org/wikipedia/commons/1/18/Eubleekeria_splendens.jpg;0;Atkinson et al. (2008) – tidak mengandung karbohidrat;partial→ikan;Tidak signifikan (non-karbohidrat)
Ikan Pindang banjar mentah;490;157;28;4.2;1.8;0;50;100;1;0;0;0;0;0;0;0;0.1;0;0;0;100;https://images.tokopedia.net/img/cache/700/VqbcmM/2020/9/9/44e37968-f73e-414b-85e9-9827c1aa143d.jpg;0;Atkinson et al. (2008) – tidak mengandung karbohidrat;partial→ikan;Tidak signifikan (non-karbohidrat)
Ikan Pindang benggol mentah;491;170;31;4.2;0;0;50;100;1;0;0;0;0;0;0;0;0.1;0;0;0;100;https://images.tokopedia.net/img/cache/700/product-1/2020/5/18/100272860/100272860_f2502f9f-9d38-4cdd-b059-e7ca97aa1eff_663_663;0;Atkinson et al. (2008) – tidak mengandung karbohidrat;partial→ikan;Tidak signifikan (non-karbohidrat)
Ikan Pindang layang mentah;492;153;30;2.8;0;0;60;200;3;0;0;0;0;0;0;0;0.07;0;0;0;100;https://cf.shopee.co.id/file/0e26765825aea3e4317d06e1bdc59e54;0;Atkinson et al. (2008) – tidak mengandung karbohidrat;partial→ikan;Tidak signifikan (non-karbohidrat)
Ikan Pindang selar mentah;493;142;27;3;0;0;60;200;3;0;0;0;0;0;0;0;0.07;0;0;0;100;https://s3.dimanaja.com/resep/cover/pindang-ikan-selar-e069d05.webp;0;Atkinson et al. (2008) – tidak mengandung karbohidrat;partial→ikan;Tidak signifikan (non-karbohidrat)
Ikan sale lais mentah;494;415;61.3;17.6;2.9;0;258;440;7;225;488;0.75;1;0;0;0;0.03;0.1;3.5;0;100;https://images.tokopedia.net/img/cache/700/product-1/2016/10/28/4294887/4294887_93a595e0-6049-492f-9da8-1a9d01d36dba.jpg;0;Atkinson et al. (2008) – tidak mengandung karbohidrat;partial→ikan;Tidak signifikan (non-karbohidrat)
Ikan Sale segar;495;534;40.2;39.3;4.9;0;90;204;1.9;131;229.5;0.1;0.7;0;0;0;0.1;0.025;0.25;0;100;https://www.bengkulutoday.com/sites/default/files/article/2021-04/salai.jpg;0;Atkinson et al. (2008) – tidak mengandung karbohidrat;partial→ikan;Tidak signifikan (non-karbohidrat)
Ikan saluang kering mentah;496;284;34.1;9.9;14.6;0;337.5;440;8.2;225;263;0.75;2.5;0;0;0;0.49;0.03;0;0;100;https://cf.shopee.co.id/file/7c26ef3abb212c815cac1b6bb8aa7314;0;Atkinson et al. (2008) – tidak mengandung karbohidrat;partial→ikan;Tidak signifikan (non-karbohidrat)
Ikan saluang segar;497;113;13.9;4.9;3.4;0;337.5;440;1.9;51;182;0.75;2.5;0;0;0;0.21;0.02;1.8;0;89;https://upload.wikimedia.org/wikipedia/id/0/0d/Rasbora-borapatensis.jpg;0;Atkinson et al. (2008) – tidak mengandung karbohidrat;partial→ikan;Tidak signifikan (non-karbohidrat)
Ikan sanggang masakan;498;240;21.7;7.7;20.7;0;159;362;8.2;225;159;0.75;2.5;0;0;0;0.51;0.02;0;0;100;https://img-global.cpcdn.com/recipes/fafa134ca5a95acb/680x482cq70/ikan-bakar-kelabau-ala-mamak-tya-foto-resep-utama.jpg;0;Atkinson et al. (2008) – tidak mengandung karbohidrat;partial→ikan;Tidak signifikan (non-karbohidrat)
Ikan sarden segar;499;109;19.9;1.8;3.4;0;95;440;1.3;225;227;0.3;2;0;0;0;0.26;0.03;3.5;0;100;https://asset-a.grid.id/crop/0x0:0x0/700x465/photo/2020/02/17/2999385616.jpg;0;Atkinson et al. (2008) – tidak mengandung karbohidrat;partial→ikan;Tidak signifikan (non-karbohidrat)
Ikan Segar;500;113;17;4.5;0;0;90;204;1.9;131;229.5;0.1;0.7;0;0;0;0.1;0.025;0.25;0;100;https://awsimages.detik.net.id/community/media/visual/2018/10/29/00c23498-0ad9-42cc-b788-2a04cd3e8fc5.jpeg?w=650&q=90;0;Atkinson et al. (2008) – tidak mengandung karbohidrat;partial→ikan;Tidak signifikan (non-karbohidrat)
Ikan Selar kering;501;194;38;3.5;0;0;90;204;1.9;131;229.5;0.1;0.7;0;0;0;0.1;0.025;0.25;0;100;https://awsimages.detik.net.id/community/media/visual/2022/01/03/cara-menggoreng-ikan-selar-1_43.jpeg?w=700&q=90;0;Atkinson et al. (2008) – tidak mengandung karbohidrat;partial→ikan;Tidak signifikan (non-karbohidrat)
Ikan selar kuning cue mentah;502;138;27;3.3;0;0;50;100;2;0;0;0;0;0;0;0;0.1;0;0;0;90;https://upload.wikimedia.org/wikipedia/commons/3/3e/Selaro_leptole_100812-6006_tdp.jpg;0;Atkinson et al. (2008) – tidak mengandung karbohidrat;partial→ikan;Tidak signifikan (non-karbohidrat)
Ikan selar segar;503;100;18.8;2.2;0;0;40;179;0.5;43;392.6;0.1;0.3;0;0;0;0.37;0.2;3.4;0;48;https://upload.wikimedia.org/wikipedia/commons/thumb/3/3e/Selaro_leptole_100812-6006_tdp.jpg/1200px-Selaro_leptole_100812-6006_tdp.jpg;0;Atkinson et al. (2008) – tidak mengandung karbohidrat;partial→ikan;Tidak signifikan (non-karbohidrat)
Ikan Sepat kering;504;289;38;14;0;0;90;204;1.9;131;229.5;0.1;0.7;0;0;0;0.1;0.025;0.25;0;100;https://nnc-media.netralnews.com/286497-ikan%20sepat%20kering-kompasiana.jpg;0;Atkinson et al. (2008) – tidak mengandung karbohidrat;partial→ikan;Tidak signifikan (non-karbohidrat)
Ikan sepat segar;505;84;15.2;0.6;4.7;0;68;171;2.1;211;198;0.7;0.6;0;0;0;0.16;0.03;1.9;0;75;https://i0.wp.com/agrotek.id/hewan/wp-content/uploads/2021/07/Jenis-Ciri-Habitat-dan-Makanan-Ikan-Sepat.jpg?fit=1366%2C768&ssl=1;0;Atkinson et al. (2008) – tidak mengandung karbohidrat;partial→ikan;Tidak signifikan (non-karbohidrat)
Ikan sidat segar;506;81;11.4;1.9;3.8;0;118;174;3;46;245.9;0;1.5;0;0;0;0;0.3;3.2;0;100;https://mfcepusluh.bpsdmkp.kkp.go.id/asset/foto_berita/SIDAT_OK_-1.jpg;0;Atkinson et al. (2008) – tidak mengandung karbohidrat;partial→ikan;Tidak signifikan (non-karbohidrat)
Ikan sunu asin mentah;507;199;34.1;3.8;7.1;0;94;92;2.2;225;57;0.1;2.5;0;0;0;0.555;0.13;3.5;0;100;https://s1.bukalapak.com/img/10859818002/large/data.jpeg;0;Atkinson et al. (2008) – tidak mengandung karbohidrat;partial→ikan;Tidak signifikan (non-karbohidrat)
Ikan sunu segar;508;111;13.3;3.4;6.7;0;86;174;1.2;91;197;0;0.6;0;0;0;0.555;0.1;0.2;0;70;https://upload.wikimedia.org/wikipedia/commons/3/32/Plectropomus_leopardus.jpg;0;Atkinson et al. (2008) – tidak mengandung karbohidrat;partial→ikan;Tidak signifikan (non-karbohidrat)
Ikan tahuman segar;509;88;15.9;0.9;4.1;0;221;223;0;24;364;0.4;0.7;0;0;0;0.2;0.25;1.6;0;100;https://rimbakita.com/wp-content/uploads/2021/01/ikan-toman.jpg;15;"Waspadji et al. (2003); Atkinson et al. (2008)";partial→tahu;Rendah
Ikan tarmon segar;510;96;19.5;1.1;2;0;9;129;0.3;43;154;0.1;0.5;0;0;0;0.15;0.02;1.7;0;100;https://nakamaaquatics.id/wp-content/uploads/2018/05/Indo-Pasific-Tarpon.png;0;Atkinson et al. (2008) – tidak mengandung karbohidrat;partial→ikan;Tidak signifikan (non-karbohidrat)
Ikan telan segar;511;95;15.8;0.7;6.5;0;337.5;354;0.2;58;294;0.75;1.2;0;0;0;0.18;0.02;1.9;0;100;https://blogger.googleusercontent.com/img/a/AVvXsEgba6E89_I30f-0A_i3n5JS5xSCizdlJInQuk2baiseXg5ni9m3oW5P_m19BjUXNHT5-TTWCNUPtQwytE_eODWyGe9_yv6W5m6EzITwy12weA1rdZE5V5qnaUYlq_0ekxES9VRKpBrBYvmP0Bu2B4coMg1fx1gKJXs4andJfgUVrKfxbkUp1G0rB-240Q=w1200-h630-p-k-no-nu;0;Atkinson et al. (2008) – tidak mengandung karbohidrat;partial→ikan;Tidak signifikan (non-karbohidrat)
Ikan telur asin mentah;512;358;20.7;26.4;9.4;0;48;311;8.2;225;59;0.4;2.5;0;0;0;0.21;0.3;2.1;0;100;https://i0.wp.com/resepkoki.id/wp-content/uploads/2017/09/Fish-roe.jpg?fit=540%2C404&ssl=1;0;Atkinson et al. (2008) – tidak signifikan;partial→telur;Tidak signifikan (non-karbohidrat)
Ikan Tembang;513;204;16;15;0;0;90;204;1.9;131;229.5;0.1;0.7;0;0;0;0.1;0.025;0.25;0;100;https://images.tokopedia.net/img/cache/500-square/VqbcmM/2022/4/19/87543f36-a30b-438c-87df-cc28f4fef66c.jpg;0;Atkinson et al. (2008) – tidak mengandung karbohidrat;partial→ikan;Tidak signifikan (non-karbohidrat)
Ikan tempahas segar;514;101;15.1;4.1;1;0;32;163;0;50;320;0.7;0.6;0;0;0;0.02;0.05;1.5;0;100;https://upload.wikimedia.org/wikipedia/commons/thumb/7/7d/Wallagonia_leerii.jpg/1200px-Wallagonia_leerii.jpg;0;Atkinson et al. (2008) – tidak mengandung karbohidrat;partial→ikan;Tidak signifikan (non-karbohidrat)
Ikan tepung mentah;515;316;60.1;6.5;22.4;0;337.5;440;8.2;0;0;0;0;0;0;0;0;0;0;0;100;https://www.hypermart.co.id/wp-content/uploads/elementor/thumbs/39-p5q08kcf3d0lwn296wiprds6lco6xhci500fw5m7fc.jpg;0;Atkinson et al. (2008) – tidak mengandung karbohidrat;partial→ikan;Tidak signifikan (non-karbohidrat)
Ikan terbang segar;516;98;19.6;1.7;1;0;90;190;0.6;90;320;0.1;0.5;0;0;0;0;0.1;0.1;0;100;https://cdn1-production-images-kly.akamaized.net/2nIB6HIv40IwoVBiHpf01GwGYG4=/1280x720/smart/filters:quality(75):strip_icc():format(webp)/kly-media-production/medias/1379786/original/078541800_1476951455-ikan-terbang.jpg;0;Atkinson et al. (2008) – tidak mengandung karbohidrat;partial→ikan;Tidak signifikan (non-karbohidrat)
Ikan Teri bubuk;517;277;60;2.3;1.8;0;90;204;1.9;131;229.5;0.1;0.7;0;0;0;0.1;0.025;0.25;0;100;https://healthycornersby.com/wp-content/uploads/2020/02/WhatsApp-Image-2020-02-24-at-9.55.30-AM.jpeg;0;Atkinson et al. (2008) – tidak mengandung karbohidrat;partial→ikan;Tidak signifikan (non-karbohidrat)
Ikan Teri kering;518;170;33.4;3;0;0;90;204;1.9;131;229.5;0.1;0.7;0;0;0;0.1;0.025;0.25;0;100;https://cdn0-production-images-kly.akamaized.net/4bbReyz-sVqbGn_hW5cfWFGKH3k=/735x0:1734x1332/469x625/filters:quality(75):strip_icc():format(webp)/kly-media-production/medias/2874061/original/070741100_1565075348-shutterstock_1277489326.jpg;0;Atkinson et al. (2008) – tidak mengandung karbohidrat;partial→ikan;Tidak signifikan (non-karbohidrat)
Ikan Teri Kering tawar;519;331;68.7;4.2;0;0;90;204;1.9;131;229.5;0.1;0.7;0;0;0;0.1;0.025;0.25;0;100;https://id-live-01.slatic.net/p/2c66b75ba7c1ae5fc1aff0e6ba330871.jpg;0;Atkinson et al. (2008) – tidak mengandung karbohidrat;partial→ikan;Tidak signifikan (non-karbohidrat)
Ikan Teri Nasi kering;520;144;32.5;0.6;0;2;30;68;1.5;10;70;0.1;0.5;0;0;0;0.1;0.04;0.6;0;100;https://s0.bukalapak.com/img/54156313/large/teri_nasi.jpg;0;Atkinson et al. (2008) – tidak mengandung karbohidrat;partial→ikan;Tidak signifikan (non-karbohidrat)
Ikan teri segar;521;74;10.3;1.4;4.1;0;337.5;253;3.9;225;126.1;0.75;0.2;0;0;28;0.24;0.1;1.9;0;100;https://imgx.parapuan.co/crop/158x87:1101x703/945x630/photo/2022/03/17/istock-1338406521jpg-20220317072335.jpg;0;Atkinson et al. (2008) – tidak mengandung karbohidrat;partial→ikan;Tidak signifikan (non-karbohidrat)
Ikan Teri tepung;522;347;48.8;6.4;19.6;2;30;68;1.5;10;70;0.1;0.5;0;0;0;0.1;0.04;0.6;0;100;https://kbu-cdn.com/dk/wp-content/uploads/teri-kriuk.jpg;0;Atkinson et al. (2008) – tidak mengandung karbohidrat;partial→ikan;Tidak signifikan (non-karbohidrat)
Ikan titang segar;523;82;17.4;0.4;2.3;0;145;130;1.8;110;275;0.1;0.8;0;0;0;0.555;0.03;1.5;0;100;https://www.greeners.co/wp-content/uploads/2021/06/Ikan-Kiper.jpg;0;Atkinson et al. (2008) – tidak mengandung karbohidrat;partial→ikan;Tidak signifikan (non-karbohidrat)
Ikan tongkol segar;524;100;13.7;1.5;8;0;92;440;1.7;202;227;0.2;1.6;0;0;0;0.35;0.03;3.5;0;100;https://upload.wikimedia.org/wikipedia/commons/5/5d/Euthyn_affin_101018-8111_tdp.jpg;10;Atkinson et al. (2008);partial→kol;Rendah
Ikan turi segar;525;96;19.2;2;0.2;0;337.5;340;0.8;225;300;0.1;2;0;0;0;0;0;0;0;100;https://www.garnesia.com/images/vendor/v4934.jpg;0;Atkinson et al. (2008) – tidak mengandung karbohidrat;partial→ikan;Tidak signifikan (non-karbohidrat)
Intip goreng;526;474;7.6;21.6;62.3;1.2;36;64;2.5;0;38;0.05;0.5;0;0;200;0.25;0.03;0.8;0;100;https://img-global.cpcdn.com/recipes/4dece0e171a7ee52/1200x630cq70/photo.jpg;76;Atkinson et al. (2008);token(goreng)→nasi goreng;Tinggi
Itik alabio daging dendeng mentah;527;496;30.3;33.5;18.4;0;135;370;8.2;225;478;0.7;0.3;0;0;0;0;0;0;0;100;https://2.bp.blogspot.com/-SbmA8hgkc0o/WJCLWXFxWdI/AAAAAAAAAew/-RmRX3YjJ3EtldaLu6fvsQoQvowStN2OwCLcB/s1600/287162783_4_644x461_dendeng-itik-rina-asli-amuntai-rumah-tangga.jpg;0;Atkinson et al. (2008) – tidak mengandung karbohidrat;token(daging)→daging sapi;Tidak signifikan (non-karbohidrat)
Jagung grontol;528;156;2.7;1.3;33.3;1.1;62;80;2;10;68;0.1;0.2;0;0;0;0.1;0.02;0.1;0;100;https://img-global.cpcdn.com/recipes/763fb46246f99eb2/680x482cq70/grontol-jagung-foto-resep-utama.jpg;52;"Atkinson et al. (2008); Richana et al. (2012)";partial→jagung;Rendah
Jagung Kuning giling;529;361;8.7;4.5;72.4;1.1;62;80;2;10;68;0.1;0.2;0;0;0;0.1;0.02;0.1;0;100;https://i0.wp.com/hobiternak.com/wp-content/uploads/2018/10/Jagung-Giling.jpg?ssl=1;52;"Atkinson et al. (2008); Richana et al. (2012)";partial→jagung;Rendah
Jagung Kuning muda;530;129;4.1;1.3;30.3;1.1;62;80;2;10;68;0.1;0.2;0;0;0;0.1;0.02;0.1;0;100;https://asset.kompas.com/crops/HUdXp3hvaVaonEfuXn7HIdFl66A=/100x98:900x632/750x500/data/photo/2023/04/25/6447c89e49faa.jpg;52;"Atkinson et al. (2008); Richana et al. (2012)";partial→jagung;Rendah
Jagung Kuning pipil baru;531;307;7.9;3.4;63.6;1.1;62;80;2;10;68;0.1;0.2;0;0;0;0.1;0.02;0.1;0;100;https://img.freepik.com/free-photo/heap-grains-maiz-background-pile_1417-409.jpg?w=1060&t=st=1684231990~exp=1684232590~hmac=fe077cdb34e08b9400fe5947a004f01634731054b42142ff29ea2ae9c6a7c519;52;"Atkinson et al. (2008); Richana et al. (2012)";partial→jagung;Rendah
Jagung kuning pipil kering mentah;532;366;9.8;7.3;69.1;2.2;30;440;2.3;5;79.4;0.1;2.5;0;60;278.75;0.12;0.12;1.8;3;100;https://images.tokopedia.net/img/cache/700/VqbcmM/2021/3/9/46770004-bb6d-4090-9004-d533f57099b6.jpg;52;"Atkinson et al. (2008); Richana et al. (2012)";partial→jagung;Rendah
Jagung Kuning pipil lama;533;355;9.2;3.9;73.7;1.1;62;80;2;10;68;0.1;0.2;0;0;0;0.1;0.02;0.1;0;100;https://img.freepik.com/free-photo/heap-grains-maiz-background-pile_1417-409.jpg?w=1060&t=st=1684231990~exp=1684232590~hmac=fe077cdb34e08b9400fe5947a004f01634731054b42142ff29ea2ae9c6a7c519;52;"Atkinson et al. (2008); Richana et al. (2012)";partial→jagung;Rendah
Jagung kuning pipil rebus;534;154;3.8;3.5;28.4;0.7;7;171;0.5;5;56.4;0.1;2.5;0;60;234;0.08;0.1;1.7;0;100;https://asset-a.grid.id/crop/0x0:0x0/700x0/photo/2021/11/13/webpnet-resizeimage-2021-11-1-20211113101409.jpg;52;"Atkinson et al. (2008); Richana et al. (2012)";partial→jagung;Rendah
Jagung Kuning segar;535;140;4.7;1.3;33.1;1.1;62;80;2;10;68;0.1;0.2;0;0;0;0.1;0.02;0.1;0;100;https://img.freepik.com/free-photo/fresh-corn-wooden-table_93675-128402.jpg?w=1060&t=st=1684232021~exp=1684232621~hmac=042e896b6f66894e080286eff787ce22c624d05b8a23aca7b2a8697e1db9c2a4;52;"Atkinson et al. (2008); Richana et al. (2012)";partial→jagung;Rendah
Jagung kuning tepung;536;355;9.2;3.9;73.7;6.75;10;256;2.4;11;24.4;0.23;1.7;0;0;278.75;0.38;0.02;0.3;0;100;https://asset.kompas.com/crops/DML-7ulQtT9LImhG3ktsEsZGSvk=/0x0:780x520/780x390/data/photo/2020/06/28/5ef8bf9a2b929.jpg;52;"Atkinson et al. (2008); Richana et al. (2012)";partial→jagung;Rendah
Jagung muda;537;35;2.2;0.1;7.4;1.1;62;80;2;10;68;0.1;0.2;0;0;0;0.1;0.02;0.1;0;100;https://images.tokopedia.net/img/cache/700/VqbcmM/2021/5/30/92010621-b054-4943-a591-999d1a51d8f6.jpg;52;"Atkinson et al. (2008); Richana et al. (2012)";partial→jagung;Rendah
Jagung muda kuning mentah;538;147;5.1;0.7;31.5;1.3;6;122;1.1;5;33.6;0.13;0.9;0;60;261;0.24;0.1;0.8;9;100;https://cdn0-production-images-kly.akamaized.net/TEujZlJaBxECV4gi2Q1Wsm-MQEM=/1200x675/smart/filters:quality(75):strip_icc():format(jpeg)/kly-media-production/medias/2861087/original/051181600_1563862977-corn-4318296_1920.jpg;52;"Atkinson et al. (2008); Richana et al. (2012)";partial→jagung;Rendah
Jagung muda rebus;539;142;5;0.7;30.3;0.8;5;105;0.8;5;24.3;0.2;0.9;0;60;225;0.15;0;0.7;0;100;https://img-global.cpcdn.com/recipes/692c7955006bca76/1200x630cq70/photo.jpg;52;"Atkinson et al. (2008); Richana et al. (2012)";partial→jagung;Rendah
Jagung pipil var. harapan kering;540;367;6.2;5.1;76.2;1.1;62;80;2;10;68;0.1;0.2;0;0;0;0.1;0.02;0.1;0;100;https://s2.bukalapak.com/img/7921308452/large/IMG_20180418_WA0037_scaled.jpg;52;"Atkinson et al. (2008); Richana et al. (2012)";partial→jagung;Rendah
Jagung pipil var. metro kering;541;368;5.5;4.6;78;1.1;62;80;2;10;68;0.1;0.2;0;0;0;0.1;0.02;0.1;0;100;https://cdn.antaranews.com/cache/800x533/2011/05/20110519103631tanaman.gif;52;"Atkinson et al. (2008); Richana et al. (2012)";partial→jagung;Rendah
Jagung Putih giling;542;361;8.7;4.5;72.4;1.1;62;80;2;10;68;0.1;0.2;0;0;0;0.1;0.02;0.1;0;100;https://s.alicdn.com/@sc04/kf/Af5e0567d01f840f1be84540684200cabd.png;52;"Atkinson et al. (2008); Richana et al. (2012)";partial→jagung;Rendah
Jagung Putih muda;543;129;4.1;1.3;30.3;1.1;62;80;2;10;68;0.1;0.2;0;0;0;0.1;0.02;0.1;0;100;https://awsimages.detik.net.id/community/media/visual/2023/01/30/resep-tumis-jagung-muda-dan-ayam-1_43.jpeg?w=480;52;"Atkinson et al. (2008); Richana et al. (2012)";partial→jagung;Rendah
Jagung Putih pipil baru;544;307;7.9;3.4;63.6;1.1;62;80;2;10;68;0.1;0.2;0;0;0;0.1;0.02;0.1;0;100;https://sg-live-01.slatic.net/p/2d3e9d117d7da5fe175c4490faa98074.jpg;52;"Atkinson et al. (2008); Richana et al. (2012)";partial→jagung;Rendah
Jagung Putih pipil lama;545;355;9.2;3.9;73.7;1.1;62;80;2;10;68;0.1;0.2;0;0;0;0.1;0.02;0.1;0;100;https://sg-live-01.slatic.net/p/2d3e9d117d7da5fe175c4490faa98074.jpg;52;"Atkinson et al. (2008); Richana et al. (2012)";partial→jagung;Rendah
Jagung Putih segar;546;140;4.7;1.3;33.1;1.1;62;80;2;10;68;0.1;0.2;0;0;0;0.1;0.02;0.1;0;100;https://cdn.timesmedia.co.id/images/2018/05/01/Jagung-Putih-Bukalapak.jpg;52;"Atkinson et al. (2008); Richana et al. (2012)";partial→jagung;Rendah
Jagung Rebus ;547;175;1.8;1.8;35;1.1;62;80;2;10;68;0.1;0.2;0;0;0;0.1;0.02;0.1;0;100;https://asset.kompas.com/crops/L0i8I7tD8bIDLcs9nVG_Ok9egfI=/0x0:1000x667/750x500/data/photo/2021/10/05/615b9e713eeda.jpg;48;Amalia et al. (2011) dalam Arif et al. (2013);exact;Rendah
Jagung Sayur (tumis) ;548;148.9;10.4;10.4;20.1;1.45;47;64.5;1.15;30;118.65;0.1;0.3;0;23;0;0.1;0.065;0.1;5;100;https://ibusayur.my.id/wp-content/uploads/2022/08/ibusayur.my.id-sayur-nangka-51661b26-eb56-4072-8613-65cb6b4c2ecb.png;52;"Atkinson et al. (2008); Richana et al. (2012)";partial→jagung;Rendah
Jagung titi;549;374;9.4;2.2;79.1;0.8;14;142;2.9;0;0;0.75;0;0;0;278.75;0.2;0;0;0;100;https://www.goodnewsfromindonesia.id/uploads/post/large-jagung-titi-khas-nusa-tenggara-timur-tagar-auto-x2-6d59375d908da9e03022e47ce4038409.jpg;52;"Atkinson et al. (2008); Richana et al. (2012)";partial→jagung;Rendah
Jahe;550;51;1.5;1;10.1;1.1;62;80;2;10;68;0.1;0.2;0;0;0;0.1;0.02;0.1;0;100;https://s3-publishing-cmn-svc-prd.s3.ap-southeast-1.amazonaws.com/article/yGGUi3g36leAkNBWE0jT6/original/044762400_1598525725-Ini-Bedanya-Manfaat-Jahe-Merah-Jahe-Putih-dan-Jahe-Emprit-shutterstock_585874265.jpg;55;Tidak ditemukan dalam literatur – perlu pengisian manual;not_found;Sedang
Jali;551;289;11;4;61;1.1;62;80;2;10;68;0.1;0.2;0;0;0;0.1;0.02;0.1;0;100;https://statics.indozone.news/content/2020/11/20/qEsjPJP/jali-jali-superfood-dengan-pemanfaatan-terbatas-di-indonesia98_700.jpg;55;Tidak ditemukan dalam literatur – perlu pengisian manual;not_found;Sedang
Jam selai;552;239;0.5;0.6;64.5;1;20;20;1;30;73.1;0.09;0;0;0;0;0.01;0.07;0;0;100;https://i0.wp.com/pinkkorset.com/wp-content/uploads/2016/07/selai.jpg;55;Tidak ditemukan dalam literatur – perlu pengisian manual;not_found;Sedang
Jambal goreng;553;286;48.5;9.2;2.3;1.1;62;80;2;10;68;0.1;0.2;0;0;0;0.1;0.02;0.1;0;100;https://img-global.cpcdn.com/recipes/c8380e9b21a49f17/680x482cq70/ikan-asin-jambal-goreng-renyah-tips-foto-resep-utama.jpg;76;Atkinson et al. (2008);token(goreng)→nasi goreng;Tinggi
Jambu Air;554;46;0.6;0;11.8;1.1;62;80;2;10;68;0.1;0.2;0;0;0;0.1;0.02;0.1;0;100;https://demfarm.id/wp-content/uploads/2022/08/rose-apples-or-chomphu-isolated-on-white-backgroun-2021-09-03-19-03-57-utc-1024x768.jpg;19;Nainggolan & Adimunca (2005) dalam Arif et al. (2013);partial→jambu;Rendah
Jambu Biji;555;49;0.9;0.3;12.2;2.4;14;28;1.1;10;52.8;0;0.3;0;27;25;0.02;0.03;0.8;12.5;82;https://asset.kompas.com/crops/4TGyZIJJ3wev1NuC6g-2Pggg6tA=/51x58:931x644/750x500/data/photo/2022/10/28/635b7364a7089.jpg;19;Nainggolan & Adimunca (2005) dalam Arif et al. (2013);exact;Rendah
Jambu biji putih tidak berbiji;556;61;0.9;0.3;15.4;1.1;62;80;2;10;68;0.1;0.2;0;0;0;0.1;0.02;0.1;0;100;https://asset.kompas.com/crops/5tqZoxNrD7W4y60L4TJeRG9hIDM=/2x1:1000x667/375x240/data/photo/2021/06/15/60c8497419234.jpg;19;Nainggolan & Adimunca (2005) dalam Arif et al. (2013);partial→jambu biji;Rendah
Jambu Bol;557;56;0.6;0.3;14.2;1.1;62;80;2;10;68;0.1;0.2;0;0;0;0.1;0.02;0.1;0;100;https://asset.kompas.com/crops/CRaVBVmC7B0888k4y86iwwNsCvo=/0x41:1000x707/750x500/data/photo/2021/06/15/60c82d8d8e0d2.jpg;19;Nainggolan & Adimunca (2005) dalam Arif et al. (2013);partial→jambu;Rendah
Jambu Monyet buah;558;64;0.7;0.6;15.8;2.45;20;31;0.6;4;171.2;0.1;0.25;0;9;0;0.1;0.03;0.3;10;100;https://images.tokopedia.net/img/cache/500-square/product-1/2018/1/7/15542540/15542540_dac5a5c7-8e74-415d-b2c9-2725481acb7d_705_628.jpg;19;Nainggolan & Adimunca (2005) dalam Arif et al. (2013);partial→jambu;Rendah
Jampang huma mentah;559;350;6.2;1.4;78.2;1.7;329;254;5.3;53;396.7;0.7;1.6;0;33;0;0.51;0.3;0.7;0;100;https://assets.tokko.io/ff2dd45e-0891-49db-bf59-8cb4abad9ad1/products/images/4332adf2-41b4-4e4c-8a05-404d66b7d3b7;55;Tidak ditemukan dalam literatur – perlu pengisian manual;not_found;Sedang
Jamur Coklat (kulat siau);560;45;2.5;3.9;0;1.45;47;64.5;1.15;30;118.65;0.1;0.3;0;23;0;0.1;0.065;0.1;5;100;https://img-global.cpcdn.com/recipes/a08c63a31c3cf541/680x482cq70/kolat-tiungkulat-siaujamur-merahjamur-kalimantanjamur-hutan-foto-resep-utama.jpg;15;Tidak ditemukan dalam literatur – perlu pengisian manual;not_found;Rendah
Jamur encik;561;296;9.4;1.1;62;0;5;277;5.3;2;0;0.2;2.5;0;0;0;0.555;0.1;0;0;95;https://asset-a.grid.id//crop/0x0:0x0/700x0/photo/2019/10/29/3488789990.jpg;15;Tidak ditemukan dalam literatur – perlu pengisian manual;not_found;Rendah
Jamur kuping kering;562;294;16;0.9;64.6;6.75;51;223;6.7;174;726.1;0.29;2.5;0;11;0;0.11;0.3;2.7;0;100;https://asset.kompas.com/crops/3caJpamNwFqn62cq9Tf8ZRPsIh4=/0x41:1000x707/750x500/data/photo/2021/12/06/61ad642aaebd0.jpg;15;Tidak ditemukan dalam literatur – perlu pengisian manual;not_found;Rendah
Jamur kuping segar;563;21;3.8;0.6;0.9;5.1;3;94;1.7;17;33.4;0.19;0.1;0;1;0;0.1;0.09;0.1;5;100;https://res.cloudinary.com/dk0z4ums3/image/upload/v1677240659/attached_image/10-manfaat-jamur-kuping-bagi-kesehatan-yang-sayang-dilewatkan.jpg;15;Tidak ditemukan dalam literatur – perlu pengisian manual;not_found;Rendah
Jamur merang segar;564;30;3.5;0.2;4;2.4;14;117;1;6;300;0.3;0.8;0;0;0;0.02;0.2;0.5;0;100;https://images.tokopedia.net/img/cache/500-square/VqbcmM/2021/5/18/4d757a05-da96-4e08-9f32-3d899e031add.jpg;15;Tidak ditemukan dalam literatur – perlu pengisian manual;not_found;Rendah
Jamur Putih (kulat putih);565;48;2.8;4.1;2.9;1.45;47;64.5;1.15;30;118.65;0.1;0.3;0;23;0;0.1;0.065;0.1;5;100;https://www.nahuby.sk/images/fotosutaz/2011/09/28/peter_stalnik_288950.jpg;72;"Atkinson et al. (2008); Waspadji et al. (2003)";token(putih)→nasi putih;Tinggi
Jamur sagu;566;48;1.9;3.2;2.8;1;10;90;0.6;100;440;0.6;0.6;0;0;0;0.2;0.2;3.5;0;95;https://www.teropongmalut.com/wp-content/uploads/2022/09/IMG-20220903-WA0037.jpg;70;Haliza et al. (2006) dalam Arif et al. (2013);partial→sagu;Sedang
Jamur tiram segar;567;30;1.9;0.1;5.5;3.6;9;83;0.7;22;226;0;0.8;0;0;0;0.3;0.2;1;0;100;https://asset.kompas.com/crops/3R88xEE7NLaT0rK6S_XENi_1zd8=/4x6:996x667/750x500/data/photo/2021/05/20/60a5f01d9e454.jpg;15;Tidak ditemukan dalam literatur – perlu pengisian manual;not_found;Rendah
Jangang bintatoeng masakan;568;107;5.3;2.2;16.5;0;64;61;2.5;225;406;0.2;0.8;0;0;0;0.18;0.02;3.4;0;100;https://img-global.cpcdn.com/recipes/6c2521b843621d65/1200x630cq70/photo.jpg;55;Tidak ditemukan dalam literatur – perlu pengisian manual;not_found;Sedang
Jantung Pisang segar;569;31;1.2;0.3;7.1;3.2;30;50;0.1;3;524;0.09;0.3;0;60;170;0.05;0.03;0.8;10;25;https://asset.kompas.com/crops/2zx51z9WAiu1a3cgaM959AQ3FfU=/0x0:1000x667/750x500/data/photo/2021/07/30/610382161a0ea.jpeg;59;"Hoerudin (2012); Atkinson et al. (2008)";partial→pisang;Sedang
Japilus;570;500;1.2;25.1;67.3;0.4;186;29;4.9;0;0;0;0;0;0;0;0.17;0.03;0.4;0;100;https://id-test-11.slatic.net/p/d809d741c919c2e26bf7e8d56c038b2a.jpg;55;Tidak ditemukan dalam literatur – perlu pengisian manual;not_found;Sedang
Jaruk Tigarun;571;48;2.5;4.2;0;1.1;62;80;2;10;68;0.1;0.2;0;0;0;0.1;0.02;0.1;0;100;https://img-global.cpcdn.com/recipes/5c50bcf45854e703/680x482cq70/jaruk-kembang-tigarun-foto-resep-utama.jpg;55;Tidak ditemukan dalam literatur – perlu pengisian manual;not_found;Sedang
Jawawut;572;334;9.7;3.5;73.4;1.1;62;80;2;10;68;0.1;0.2;0;0;0;0.1;0.02;0.1;0;100;https://cdn.idntimes.com/content-images/community/2019/06/jewawut-c5d88cea040490164bd3275c6903bfa3.jpg;55;Tidak ditemukan dalam literatur – perlu pengisian manual;not_found;Sedang
Jenang ;573;381.7;9.5;9.5;65.8;1.1;62;80;2;10;68;0.1;0.2;0;0;0;0.1;0.02;0.1;0;100;https://cdn.idntimes.com/content-images/community/2022/01/fromandroid-fbaa0f050bd3678e2e78518c3020f9f9_600x400.jpg;55;Tidak ditemukan dalam literatur – perlu pengisian manual;not_found;Sedang
Jengkol segar;574;192;5.4;0.3;40.7;1.5;4;150;0.7;60;241;0.3;0.6;0;0;0;0.05;0.2;0.5;12.5;95;https://asset.kompas.com/crops/O1NhMjXQxojyWCncDswDkrWpdS4=/0x76:1000x742/750x500/data/photo/2021/09/20/6147fb289e795.jpg;10;Atkinson et al. (2008);partial→kol;Rendah
Jeruk Bali;575;48;0.6;0.2;12.4;2.45;20;31;0.6;4;171.2;0.1;0.25;0;9;0;0.1;0.03;0.3;10;100;https://d1vbn70lmn1nqe.cloudfront.net/prod/wp-content/uploads/2021/11/15053620/Jeruk-Bali-Kaya-Vitamin-C-Ini-Manfaatnya-untuk-Kesehatan.jpg;37;"Hoerudin (2012); Atkinson et al. (2008)";partial→jeruk;Rendah
Jeruk banjar segar;576;61;0.8;0.2;14.1;5.4;9;13;0.2;3;79;0.1;0.1;0;9;0;0.12;0.03;0.3;12.5;72;https://images.tokopedia.net/img/cache/250-square/VqbcmM/2022/6/20/c671b4ac-5716-43f7-a15a-3a946e27c869.jpg?ect=4g;37;"Hoerudin (2012); Atkinson et al. (2008)";partial→jeruk;Rendah
Jeruk Garut;577;44;0.8;0.3;10.9;2.45;20;31;0.6;4;171.2;0.1;0.25;0;9;0;0.1;0.03;0.3;10;100;https://niagatani.id/public/uploads/all/dPV6XsNI9r3rTpv9M1svWGkSKVRoALQcCIJTueAk.jpg;14;Hasan et al. (2011) dalam Arif et al. (2013);partial→garut;Rendah
Jeruk Kalamansi segar;578;39;0.3;0.3;8.9;2.3;42;85;0.5;3;82;0.3;0.1;0;1;0.3;0.02;0.1;0;12.5;100;https://lzd-img-global.slatic.net/g/ff/kf/Sd9344c04c7df41bb8787ac8325e92891D.jpg_200x200q80.jpg_.webp;37;"Hoerudin (2012); Atkinson et al. (2008)";partial→jeruk;Rendah
Jeruk Manis;579;45;0.9;0.2;11.2;2.45;20;31;0.6;4;171.2;0.1;0.25;0;9;0;0.1;0.03;0.3;10;100;https://img.okezone.com/content/2015/07/30/298/1187784/tips-pilih-jeruk-berkualitas-baik-segar-oOeyrrcWKr.jpg;40;Atkinson et al. (2008);exact;Rendah
Jeruk Nipis;580;37;0.8;0.1;12.3;2.45;20;31;0.6;4;171.2;0.1;0.25;0;9;0;0.1;0.03;0.3;10;100;https://asset-a.grid.id/crop/0x0:0x0/700x465/photo/2020/03/02/2284586354.png;37;"Hoerudin (2012); Atkinson et al. (2008)";partial→jeruk;Rendah
Jeruk ragi segar;581;49;0.7;0.2;11.1;0.5;36;67;0.7;4;457.3;0.75;0.2;0;0;68;0.03;0.03;0.2;12.5;59;https://images.tokopedia.net/img/cache/250-square/hDjmkQ/2021/1/3/2de49603-36db-48fc-9749-df7946340f62.png;37;"Hoerudin (2012); Atkinson et al. (2008)";partial→jeruk;Rendah
Jotang;582;32;1.9;0.3;7.1;1.1;62;80;2;10;68;0.1;0.2;0;0;0;0.1;0.02;0.1;0;100;https://upload.wikimedia.org/wikipedia/commons/4/44/Acmel_panic_100301-0161_sbrg.jpg;55;Tidak ditemukan dalam literatur – perlu pengisian manual;not_found;Sedang
Jukku pallu kaloa masakan;583;15;15.2;4.3;8.8;0;40;170;1.1;225;153;0.6;1.1;0;0;0;0.3;0.14;3.5;0;100;https://blue.kumparan.com/image/upload/fl_progressive,fl_lossy,c_fill,q_auto:best,f_jpg,w_480/bj0crytdzulie8ypcyxz.jpg;55;Tidak ditemukan dalam literatur – perlu pengisian manual;not_found;Sedang
Kabau segar;584;130;6.7;0.3;25.2;2.9;4;204;0.5;1;397.8;0.2;0.5;0;60;0;0.555;0.1;0.3;12.5;95;https://images.tokopedia.net/img/cache/700/VqbcmM/2021/6/3/255b2a88-b862-413f-a0cc-ebcd29434199.jpg.webp;55;Tidak ditemukan dalam literatur – perlu pengisian manual;not_found;Sedang
Kaburan ubi segar;585;133;1;0.2;32.2;0.7;65;50;0.6;10;775;0.2;0.2;0;0;0;0.01;0;0.3;0;81;https://foto.kontan.co.id/fHSXSoMtEpGrecd0KCpAArEf5W0=/smart/2018/12/10/1579520447p.jpg;65;Tidak ditemukan dalam literatur – perlu pengisian manual;not_found;Sedang
Kabuto;586;250;2.6;2.5;35.4;1.8;35;49;1.1;2;218;0;0;0;0;0;0.1;0.1;0.6;0;100;https://cdn0-production-images-kly.akamaized.net/hZKL7YCCO0DmgDk3ROjdgSZ6lJc=/174x0:841x667/1200x1200/filters:quality(75):strip_icc():format(webp)/kly-media-production/medias/3242002/original/017665300_1600417068-shutterstock_1339481684.jpg;55;Tidak ditemukan dalam literatur – perlu pengisian manual;not_found;Sedang
Kacang Andong;587;356;20.5;4.1;61.6;2.4;133;220;4;6;69.2;0.27;1.2;0;0;0;0.18;0.07;0.7;0;100;https://bibitbunga.com/wp-content/uploads/2017/03/manfaat-kacang-koro-untuk-kesehatan.jpg;15;Atkinson et al. (2008);partial→kacang;Rendah
Kacang Arab;588;330;23.8;1.4;60.2;2.4;133;220;4;6;69.2;0.27;1.2;0;0;0;0.18;0.07;0.7;0;100;https://img.okezone.com/content/2021/02/04/298/2356167/mengenal-chickpea-kacang-arab-penuh-nutrisi-yang-baik-untuk-tubuh-ahltPCXlfV.jpg;15;Atkinson et al. (2008);partial→kacang;Rendah
Kacang atom;589;533;27.8;38.1;28.8;2.5;87;423;3;0;0;0;0;0;0;0;0.06;0;0;0;100;https://img-global.cpcdn.com/recipes/74c03b7bf26daaf4/680x482cq70/sukro-kacang-atom-foto-resep-utama.jpg;15;Atkinson et al. (2008);partial→kacang;Rendah
Kacang babi kering;590;341;30.4;3.2;51.3;4.5;178;440;6.8;13;775;0.75;2.5;0;0;87;0.23;0.3;2.8;0;80;https://www.static-src.com/wcsstore/Indraprastha/images/catalog/full//110/MTA-29695870/no_brand_bubuk_biji_koro_benguk_hitam_-_kacang_babi_-_kacang_kowas_kering_1_kg_full10_rcfasmvl.jpg;15;Atkinson et al. (2008);partial→kacang;Rendah
Kacang belimbing (kecipir) kering;591;400;34.4;16.9;34.1;6.75;337.5;182;6.8;37;775;0.75;2;0;0;0;0.3;0.3;3;0;100;https://i0.wp.com/resepkoki.id/wp-content/uploads/2018/03/kecipir2.jpg?fit=500%2C500&ssl=1;15;Atkinson et al. (2008);partial→kacang;Rendah
Kacang Belimbing rebus;592;204;16.9;8.8;17.5;4.8;230;180;3.3;43;775;0.75;2.3;0;0;0;0.2;0.3;0.7;0;100;https://cdn1-production-images-kly.akamaized.net/TNGJxQzLI6y-VeIWmj2-GBuyLBQ=/1200x900/smart/filters:quality(75):strip_icc():format(jpeg)/kly-media-production/medias/2729965/original/086034000_1550232841-foto_kecipir.JPG;15;Atkinson et al. (2008);partial→kacang;Rendah
Kacang Belimbing tempe;593;212;17.5;10;12.9;2.4;133;220;4;6;69.2;0.27;1.2;0;0;0;0.18;0.07;0.7;0;100;https://akcdn.detik.net.id/community/media/visual/2020/06/15/jenis-biji-untuk-bahan-baku-tempe-2_43.jpeg?w=250&q=;15;Atkinson et al. (2008);partial→kacang;Rendah
Kacang beracun segar;594;118;4.4;1.5;21.6;0;50;50;1.7;10;40;0.3;1;0;0;0;0.43;0;0;0;100;https://cdn.timesmedia.co.id/images/2021/01/26/Kacang-Merah-2.jpg;15;Atkinson et al. (2008);partial→kacang;Rendah
Kacang Bogor goreng;595;479;12.7;23.2;58.9;1.2;135;184;2.9;0;0;0;0;0;0;0;0.25;0.3;3.5;0;35;https://img-global.cpcdn.com/recipes/375c798c374e2ef5/680x482cq70/kacang-bogor-goreng-foto-resep-utama.jpg;15;Atkinson et al. (2008);partial→kacang;Rendah
Kacang bogor kering;596;370;16;6;65;6.75;85;264;4.2;44;775;0.75;2.5;0;0;0;0.18;0.26;3.5;0;100;https://id-live-01.slatic.net/p/255d3fb8b6f1958112878b186718fe18.jpg;15;Atkinson et al. (2008);partial→kacang;Rendah
Kacang Bogor rebus;597;161;7.7;2.8;27.1;2;56;134;1.4;0;0;0;0;0;0;0;0.1;0;0;0;35;https://pbs.twimg.com/media/ErcuMzmVcAQFOI9.jpg;15;Atkinson et al. (2008);partial→kacang;Rendah
Kacang bogor segar;598;165;7.7;3.1;27.4;2.5;96;126;5.3;6;537;0.41;1.2;0;29;0;0.32;0.3;2.7;0;100;https://images.tokopedia.net/img/cache/700/VqbcmM/2021/9/4/81363626-bddb-4204-9c60-a98a15ea01e3.jpg;15;Atkinson et al. (2008);partial→kacang;Rendah
Kacang Endel biji;599;331;25;1;58;2.4;133;220;4;6;69.2;0.27;1.2;0;0;0;0.18;0.07;0.7;0;100;https://asset.kompas.com/crops/OD4HIuyUqbZ89QTHXDG9oEb8fz4=/12x8:1280x853/750x500/data/photo/2022/09/04/6314132a253b9.jpg;15;Atkinson et al. (2008);partial→kacang;Rendah
Kacang ercis segar;600;129;12.4;0.7;18.3;6.75;40;130;2.3;4;310;0.3;2.1;0;60;0;0.29;0.05;2.7;0;45;https://assets.ayobandung.com/crop/0x0:0x0/750x500/webp/photo/2022/05/24/2609424364.jpg;15;Atkinson et al. (2008);partial→kacang;Rendah
kacang galing segar;601;336;23.1;1.7;59.5;0;80;400;5;0;0;0;0;0;0;0;0.555;0;0;0;95;https://encrypted-tbn0.gstatic.com/images?q=tbn:ANd9GcQO_j0Sg_ZZ80_RJolJolWTEGad7VA92qgQPlzgyHiFkA4AbHc0XsxKxaiASj54WcIld-Q&usqp=CAU;15;Atkinson et al. (2008);partial→kacang;Rendah
Kacang goyang;602;516;14.7;31.1;44.4;0;34;230;0.7;2;365;0.6;1.7;0;0;0;0;0;0;0;100;https://cdn2.tstatic.net/tribunnewswiki/foto/bank/images/Ilustrasi-kacang-goyang-khas-Sulawesi2.jpg;15;Atkinson et al. (2008);partial→kacang;Rendah
Kacang Gude biji;603;336;20.7;1.4;62;2.4;133;220;4;6;69.2;0.27;1.2;0;0;0;0.18;0.07;0.7;0;100;https://d39wptbp5at4nd.cloudfront.net/media/22860_original_IMG-20180318-WA0017.jpg;15;Atkinson et al. (2008);partial→kacang;Rendah
Kacang gude biji kering;604;316;20.7;1;58;4.6;146;440;4.7;16;775;0.75;2.5;0;19;0;0.3;0.19;2.4;0;100;https://ahligizi.id/blog/wp-content/uploads/2022/03/gude.jpg;15;Atkinson et al. (2008);partial→kacang;Rendah
Kacang Gude biji muda;605;114;7;0.6;20.8;2.4;133;220;4;6;69.2;0.27;1.2;0;0;0;0.18;0.07;0.7;0;100;https://filebroker-cdn.lazada.co.id/kf/S7e8dd05201e2416882c2894863f7f8b6p.jpg;15;Atkinson et al. (2008);partial→kacang;Rendah
Kacang Gude muda;606;123;8.4;0.6;1.8;2.4;133;220;4;6;69.2;0.27;1.2;0;0;0;0.18;0.07;0.7;0;100;https://encrypted-tbn3.gstatic.com/licensed-image?q=tbn:ANd9GcQ-WwJwMnCRCqMGqKYWLzBXYcge9l9VJFl2QEaMNuuTtVlE90nV6aXt0RWOG86w90qXNZpQvzXPNwnBX_Q;15;Atkinson et al. (2008);partial→kacang;Rendah
Kacang gude rebus;607;147;9;0.5;27.5;3.4;50;175;2;14;775;0.75;2.5;0;12;0;0.1;0.07;3.5;0;100;https://img-global.cpcdn.com/recipes/dba1205c0417dd10/680x482cq70/gule-kacang-gude-dan-pepaya-foto-resep-utama.jpg;15;Atkinson et al. (2008);partial→kacang;Rendah
Kacang hijau kering;608;323;22.9;1.5;56.8;6.75;223;319;7.5;42;775;0.75;2.5;0;60;223;0.46;0.15;1.5;10;100;https://cf.shopee.co.id/file/b416e2ddeda943e915e6b496b1e6bb0f;25;"Marsono (2002); Atkinson et al. (2008)";partial→kacang hijau;Rendah
kacang hijau rebus;609;109;8.7;0.5;18.3;1.5;95;149;1.5;225;657.8;0.75;2.5;0;18;120;0.12;0.04;0.4;3;100;https://cdns.klimg.com/merdeka.com/i/w/news/2019/11/19/1126920/540x270/tips-dan-cara-membuat-sari-kacang-hijau-yang-benar-untuk-kesuburan.jpg;25;"Marsono (2002); Atkinson et al. (2008)";partial→kacang hijau;Rendah
Kacang hijau var. bakti kering;610;350;17.1;1.8;70.7;2.4;133;220;4;6;69.2;0.27;1.2;0;0;0;0.18;0.07;0.7;0;100;https://cdn.hellosehat.com/wp-content/uploads/2017/10/e3bdc474-shutterstock_1458579881.jpg?w=1200&q=75;25;"Marsono (2002); Atkinson et al. (2008)";partial→kacang hijau;Rendah
Kacang hijau var. siwalik kering;611;339;20.8;2.1;64.6;2.4;133;220;4;6;69.2;0.27;1.2;0;0;0;0.18;0.07;0.7;0;100;https://cdns.klimg.com/merdeka.com/i/w/news/2019/10/28/1121036/540x270/7-alasan-konsumsi-kacang-hijau-baik-untuk-wanita.jpg;25;"Marsono (2002); Atkinson et al. (2008)";partial→kacang hijau;Rendah
Kacang hitam kering;612;346;16.6;1.7;66.1;6.75;70;300;4.7;3;0;0.75;2.5;0;28;0;0.16;0.1;2.1;0;100;https://s3.bukalapak.com/img/3905433584/large/1_kg_000000_Tausi_Douchi_Dou_chi_Black_Soy_Bean_Kacang_Hitam.jpg;15;Atkinson et al. (2008);partial→kacang;Rendah
Kacang Ijo;613;345;22.2;1.2;62.9;2.4;133;220;4;6;69.2;0.27;1.2;0;0;0;0.18;0.07;0.7;0;100;https://cdn0-production-images-kly.akamaized.net/EfXY7zn0w4mfhomUUiKK4dlg2Cs=/1200x675/smart/filters:quality(75):strip_icc():format(jpeg)/kly-media-production/medias/704437/original/Kacang_Hijau_0714.jpg;15;Atkinson et al. (2008);partial→kacang;Rendah
Kacang Kapri Goreng ;614;445;11;11;65.5;2.4;133;220;4;6;69.2;0.27;1.2;0;0;0;0.18;0.07;0.7;0;100;https://sc04.alicdn.com/kf/HTB1TBuVqKuSBuNjSsziq6zq8pXae.jpg;15;Atkinson et al. (2008);partial→kacang;Rendah
Kacang Kapri muda;615;98;6.7;0.4;17.7;2.4;133;220;4;6;69.2;0.27;1.2;0;0;0;0.18;0.07;0.7;0;100;https://idnmedis.com/wp-content/uploads/2020/03/VEPEA34285_3.jpg;15;Atkinson et al. (2008);partial→kacang;Rendah
Kacang Kedelai basah;616;286;30.2;15.6;30.1;2.4;133;220;4;6;69.2;0.27;1.2;0;0;0;0.18;0.07;0.7;0;100;https://tempebumbung.files.wordpress.com/2016/01/biji-kedelai.jpg;15;"Marsono (2002); Atkinson et al. (2008)";partial→kacang kedelai;Rendah
Kacang kedelai goreng;617;521;32.2;37.7;22.9;6.75;296;440;6.5;225;0;0.75;2.5;0;0;20;0.4;0.3;3.5;0;100;https://img-global.cpcdn.com/recipes/e4e2747431572f24/680x482cq70/kacang-kedelai-goreng-foto-resep-utama.jpg;15;"Marsono (2002); Atkinson et al. (2008)";partial→kacang kedelai;Rendah
Kacang kedelai kering;618;381;40.4;16.7;24.9;3.2;222;440;8.2;210;713.4;0.75;2.5;0;60;31;0.52;0.12;1.2;0;100;https://images.tokopedia.net/img/cache/500-square/VqbcmM/2020/10/26/a9bc5ef4-e063-4d3f-933e-50af2da28c3e.jpg;15;"Marsono (2002); Atkinson et al. (2008)";partial→kacang kedelai;Rendah
Kacang Kedelai kukus;619;75;4.1;2.1;10.7;2.4;133;220;4;6;69.2;0.27;1.2;0;0;0;0.18;0.07;0.7;0;100;https://img2.beritasatu.com/cache/beritasatu/910x580-2/20082012110024.jpg;15;"Marsono (2002); Atkinson et al. (2008)";partial→kacang kedelai;Rendah
Kacang kedelai rebus;620;189;20.2;8.2;12.7;1.6;91;270;3.9;181;615;0.75;2.5;0;4;15;0.2;0.04;0.5;0;100;https://assets.pikiran-rakyat.com/crop/0x0:0x0/x/photo/2020/07/27/1000907679.jpg;15;"Marsono (2002); Atkinson et al. (2008)";partial→kacang kedelai;Rendah
Kacang kedelai segar;621;286;30.2;15.6;30.1;2.9;196;440;6.9;28;775;0.75;2.5;0;0;95;0.555;0.26;1.8;0;100;https://media.istockphoto.com/id/998946502/id/foto/closeup-kacang-kedelai-segar.jpg?s=1024x1024&w=is&k=20&c=YDjNN-yd20A-KQODXpi8thMiAjzFk3UXPMd82G1mMbA=;15;"Marsono (2002); Atkinson et al. (2008)";partial→kacang kedelai;Rendah
Kacang komak segar;622;327;16.4;4.3;55.8;0.5;74;282;4;22;775;0.75;2.1;0;0;0;0.555;0.12;0.1;0;45;https://sendme.co.id/img/1649134785.jpg;15;Atkinson et al. (2008);partial→kacang;Rendah
Kacang kuning kering;623;355;17;2.5;66;6.75;140;220;5.8;1;0;0.7;2.5;0;58;0;0.47;0.08;1.9;0;100;https://img.lovepik.com/photo/20211125/medium/lovepik-soybean-picture_501067376.jpg;15;Atkinson et al. (2008);partial→kacang;Rendah
Kacang lebui /iris kering;624;346;16.5;1.5;66.6;6.75;144;368;3.4;17;775;0.75;2.5;0;60;0;0.555;0.2;0;0;100;https://upload.wikimedia.org/wikipedia/commons/thumb/5/58/Cajanus_caja_080716-1078_ayot.jpg/640px-Cajanus_caja_080716-1078_ayot.jpg;15;Atkinson et al. (2008);partial→kacang;Rendah
Kacang mekah polong segar;625;22;1.1;1;3.4;1.1;63;296;1;2;69.2;0.3;0;0;60;116;0.02;0;0.4;0;91;https://media.istockphoto.com/id/146924220/id/foto/kacang-polong-segar-dalam-polong-kacang-polong.jpg?s=1024x1024&w=is&k=20&c=2OA86bH3o03hV8E94FD9yW2ClYjN6E3Q1UeajU8bXVE=;15;Atkinson et al. (2008);partial→kacang;Rendah
Kacang mentega kering;626;344;16.7;2.1;64.6;6.75;110;300;6.7;1;10;0.7;2.5;0;0;0;0.21;0.07;1.2;0;100;https://asset.kompas.com/crops/9lQ0OMqPUCFReecNr0lCP8bJB-M=/128x85:1152x768/750x500/data/photo/2021/04/23/60826e8d1d256.jpg;15;Atkinson et al. (2008);partial→kacang;Rendah
Kacang Merah;627;336;23.1;1.7;59.5;2.4;133;220;4;6;69.2;0.27;1.2;0;0;0;0.18;0.07;0.7;0;100;https://static.honestdocs.id/system/blog_articles/main_hero_images/000/002/101/original/Manfaat_Kacang_Merah_Bagi_Kesehatan_dan_Kecantikan.jpg;24;"Marsono (2002); Atkinson et al. (2008)";exact;Rendah
Kacang merah /banda kering;628;350;13.9;3;66.9;6.75;84;242;6.8;19;775;0;2.5;0;60;0;0.15;0.3;0.3;0;100;https://id-test-11.slatic.net/p/b97d57abeab6df73f51d9895a292c74d.jpg;24;"Marsono (2002); Atkinson et al. (2008)";partial→kacang merah;Rendah
Kacang merah kering;629;314;22.1;1.1;56.2;4;337.5;429;8.2;11;775;0.65;2.5;0;60;0;0.4;0.3;2.2;0;100;https://asset.kompas.com/crops/nBiP6zOU-h9McvCAclGFwsJwevo=/6x64:806x597/750x500/data/photo/2022/02/16/620c996b3cb39.jpg;24;"Marsono (2002); Atkinson et al. (2008)";partial→kacang merah;Rendah
Kacang Merah kering rebus;630;158;10.3;0.9;28.2;2.6;160;149;3.7;6;311;0.27;1.5;0;0;0;0.2;0.09;0.8;0;100;https://asset.kompas.com/crops/Nas6r0JWAfSTCuULYQOzawPHY1I=/59x3:885x554/780x390/data/photo/2022/02/16/620ca71bcdae7.jpg;24;"Marsono (2002); Atkinson et al. (2008)";partial→kacang merah;Rendah
Kacang merah segar;631;171;11;2.2;28;2.1;293;134;3.7;7;360.7;0.34;1.4;0;0;10;0.15;0.15;1.1;0;100;https://o-cdn-cas.sirclocdn.com/parenting/images/manfaat-kacang-merah.width-800.format-webp.webp;24;"Marsono (2002); Atkinson et al. (2008)";partial→kacang merah;Rendah
Kacang Merah segar rebus;632;144;10;1;24.7;3.5;144;150;2.8;6;311;0.27;1.5;0;0;0;0.1;0.08;0.7;0;100;https://cdn1-production-images-kly.akamaized.net/sw7MW5kTq2GgNjLOMmVju4J51qI=/546x0:1994x1448/1200x900/filters:quality(75):strip_icc():format(webp)/kly-media-production/medias/2578999/original/060869200_1546581834-shutterstock_197295407.jpg;24;"Marsono (2002); Atkinson et al. (2008)";partial→kacang merah;Rendah
Kacang merah tua kering;633;280;16.7;1.6;63.2;4.6;209;335;6.4;19;775;0.69;2.5;0;0;0;0.1;0.08;2;6;100;https://sc04.alicdn.com/kf/A4b18aaaf0bb940ba95877544b057be6cK.jpg;24;"Marsono (2002); Atkinson et al. (2008)";partial→kacang merah;Rendah
Kacang mete/biji jambu monyet goreng;634;629;20.4;56.3;19.8;1.1;337.5;440;8;13;641.7;0.75;2.5;0;5;0;0.37;0.22;1.8;0;100;https://img-global.cpcdn.com/recipes/4f25cc206ec3ac25/680x482cq70/kacang-metemede-goreng-dengan-tips-foto-resep-utama.jpg;15;Atkinson et al. (2008);partial→kacang;Rendah
Kacang mete/biji jambu monyet segar;635;616;16.3;48.4;28.7;0.9;26;440;3.8;26;692;0.75;2.5;0;5;0;0.555;0.03;0;0;69;https://sambikelen.lombokutarakab.go.id/assets/files/artikel/sedang_14889020189829709594_313eba7317.jpg;15;Atkinson et al. (2008);partial→kacang;Rendah
Kacang negara;636;480;18.4;19.1;58.5;6.75;34;404;8.2;225;385;0.75;2.5;0;0;0;0.555;0.05;2.6;0;100;https://cdns.klimg.com/merdeka.com/i/w/news/2020/04/30/1172565/content_images/670x335/20200430152447-1-ilustrasi-kacang-tunggak-001-rizqi-adnamazida.jpg;15;Atkinson et al. (2008);partial→kacang;Rendah
Kacang Panjang;637;44;2.7;0.3;7.8;2.4;133;220;4;6;69.2;0.27;1.2;0;0;0;0.18;0.07;0.7;0;100;https://s3-publishing-cmn-svc-prd.s3.ap-southeast-1.amazonaws.com/article/gZoi3RpBmq4C4Hoi6kh2h/original/007943700_1622441473-Kacang-Panjang.jpg;15;Waspadji et al. (2003);exact;Rendah
Kacang Panjang biji;638;357;17.3;1.5;70;2.4;133;220;4;6;69.2;0.27;1.2;0;0;0;0.18;0.07;0.7;0;100;https://cf.shopee.co.id/file/85c586f13afe37142fd479dec06fa623;15;Waspadji et al. (2003);partial→kacang panjang;Rendah
Kacang Panjang kukus;639;39;3;0.6;7.6;1.7;100;91;1.2;28;199;0.11;0.5;0;60;205;0.02;0.1;0.3;12.5;100;https://asset-a.grid.id/crop/0x0:0x0/700x465/photo/2021/08/20/kacang-panjangjpg-20210820065144.jpg;15;Waspadji et al. (2003);partial→kacang panjang;Rendah
Kacang Panjang tumis;640;150;2.5;12.5;7;2.4;133;220;4;6;69.2;0.27;1.2;0;0;0;0.18;0.07;0.7;0;100;https://asset.kompas.com/crops/If5HOEMwzIA4cyaXwjSvrF79U2E=/1x25:963x667/750x500/data/photo/2021/02/27/6039ddfacfede.jpg;15;Waspadji et al. (2003);partial→kacang panjang;Rendah
Kacang ranti polong;641;37;3.1;0.2;7.9;2.5;103;126;0.8;0;0;0;0;0;0;278.75;0.02;0;0;6;83;https://www.andrafarm.co.id/_andra_farm/gambar_kelompok/a140.jpg;15;Atkinson et al. (2008);partial→kacang;Rendah
Kacang sukro;642;484;8.8;26.1;57.7;1.8;49;194;2.5;0;0;0;0;0;0;0;0.06;0;0;0;100;https://icalan.id/userfile/filemanager/834//lz-olshop_1630921772-uTyPi.jpeg;15;Atkinson et al. (2008);partial→kacang;Rendah
Kacang Sukro Putih ;643;488;25.6;25.6;59.6;2.4;133;220;4;6;69.2;0.27;1.2;0;0;0;0.18;0.07;0.7;0;100;https://cdn1.productnation.co/stg/sites/5/5cbfb08983c9b.jpeg;15;Atkinson et al. (2008);partial→kacang;Rendah
Kacang Tanah atom;644;535;27.8;38.1;28.8;2.4;133;220;4;6;69.2;0.27;1.2;0;0;0;0.18;0.07;0.7;0;100;https://assets.ayobandung.com/crop/0x0:0x0/750x500/webp/photo/2022/11/21/4260757127.jpg;14;Atkinson et al. (2008);partial→kacang tanah;Rendah
Kacang tanah goreng;645;564;25.5;44.4;25.5;2.8;106;390;4.1;0;0;0;0;0;0;0;0.4;0;0;0;100;https://cdn.rasa.my/2018/10/Untitled-design33.png;14;Atkinson et al. (2008);partial→kacang tanah;Rendah
Kacang Tanah kacang sari;646;561;25.5;43.8;26;2.4;133;220;4;6;69.2;0.27;1.2;0;0;0;0.18;0.07;0.7;0;100;https://mmc.tirto.id/image/otf/1024x535/2017/07/12/susu-kacang-tanah--ISTOCK.jpg;14;Atkinson et al. (2008);partial→kacang tanah;Rendah
Kacang tanah kering;647;525;27.9;42.7;17.4;2.4;316;440;5.7;31;466.5;0.75;1.9;0;0;30;0.44;0.27;1.4;0;100;https://imgx.parapuan.co/crop/0x0:0x0/x/photo/2022/03/02/khasiat-kacang-tanah-sebagai-oba-20220302010109.jpg;14;Atkinson et al. (2008);partial→kacang tanah;Rendah
Kacang Tanah Rebus ;648;385;14;31;13;1;89;273;1.9;36;536.2;0.75;2.2;0;0;0;0.1;0;0;0;100;https://img-global.cpcdn.com/recipes/ff019c14f757cfbf/1200x630cq70/photo.jpg;14;Atkinson et al. (2008);partial→kacang tanah;Rendah
Kacang Tanah rebus berkulit;649;360;13.5;31.2;12.8;2.4;133;220;4;6;69.2;0.27;1.2;0;0;0;0.18;0.07;0.7;0;100;https://www.wikihow.com/images/8/85/Boil-Peanuts-Step-14-Version-2.jpg;14;Atkinson et al. (2008);partial→kacang tanah;Rendah
Kacang Tanah rempeyek;650;513;17.5;32.5;44.3;2.4;133;220;4;6;69.2;0.27;1.2;0;0;0;0.18;0.07;0.7;0;100;https://img.okezone.com/content/2020/06/15/298/2230610/resep-peyek-kacang-tanah-dan-udang-rebon-renyah-bikin-terus-ngunyah-3j0ZqjZUGs.jpg;14;Atkinson et al. (2008);partial→kacang tanah;Rendah
Kacang Tanah sangan berselaput;651;569;28.8;48.4;15.8;2.4;133;220;4;6;69.2;0.27;1.2;0;0;0;0.18;0.07;0.7;0;100;https://myxo.com.my/wp-content/uploads/2016/01/Bold-Grade-Kernels-700x700.jpg;14;Atkinson et al. (2008);partial→kacang tanah;Rendah
Kacang tanah sangan tanpa selaput;652;559;26.9;44.2;23.6;2.6;74;393;1.9;33;202.3;0;1.7;0;0;0;0.3;0;3.5;0;100;https://t-2.tstatic.net/palembang/foto/bank/images/kacang-tanah1-kacang-tanah-tanpa-kulit.jpg;14;Atkinson et al. (2008);partial→kacang tanah;Rendah
Kacang tanah sari;653;561;25.5;43.8;26;2.2;50;324;3.1;0;0;0;0;0;0;0;0.08;0;0;0;100;https://halalstore.jp/wp-content/uploads/2019/07/k-367-kacang-tanah-sariraya-500g-480yen.jpg;14;Atkinson et al. (2008);partial→kacang tanah;Rendah
Kacang Telur ;654;748;20.8;20.8;124.8;0;62;196.5;4;108;191.5;0.105;1.05;0;0;0;0.135;0.055;0.45;0;100;https://img-global.cpcdn.com/recipes/18de1fa4c4094900/400x400cq70/photo.jpg;15;Atkinson et al. (2008);partial→kacang;Rendah
Kacang tolo / tunggak kering;655;331;24.4;1.9;56.6;1.6;337.5;399;8.2;15;7.8;0.75;2.5;0;60;0;0.06;0.2;3.5;0;100;https://id-live-01.slatic.net/p/ff99e4641bb6620735a89a1caf898a14.jpg;15;Atkinson et al. (2008);partial→kacang;Rendah
Kacang tolo rebus;656;138;10.7;1.1;22.6;0.9;165;172;4;13;6.7;0.75;2.5;0;0;0;0.01;0.17;3.2;0;100;https://img-global.cpcdn.com/recipes/e486ea31cffe0892/680x482cq70/kacang-tolo-kacang-tunggak-rebus-5307-foto-resep-utama.jpg;15;Atkinson et al. (2008);partial→kacang;Rendah
Kacang Tunggak (tolo);657;342;22.9;1.4;61.6;2.4;133;220;4;6;69.2;0.27;1.2;0;0;0;0.18;0.07;0.7;0;100;https://res.cloudinary.com/dk0z4ums3/image/upload/v1610970899/attached_image/jangan-lewatkan-5-manfaat-kacang-tolo-ini.jpg;15;Atkinson et al. (2008);partial→kacang;Rendah
Kacang Tunggak rebus;658;138;10.7;1.1;22.6;2.4;133;220;4;6;69.2;0.27;1.2;0;0;0;0.18;0.07;0.7;0;100;https://cf.shopee.co.id/file/68892d4ed119d6c119cabdbe11503188;15;Atkinson et al. (2008);partial→kacang;Rendah
Kacang Tunggak rempeyek;659;451;11.2;20.2;59.7;2.4;133;220;4;6;69.2;0.27;1.2;0;0;0;0.18;0.07;0.7;0;100;https://img-global.cpcdn.com/recipes/dc9828ce49f235aa/680x482cq70/peyek-kacang-tunggaktemas-foto-resep-utama.jpg;15;Atkinson et al. (2008);partial→kacang;Rendah
Kacang tunis kering;660;351;12.2;1.2;72.9;6.75;120;220;6.9;1;0;0.75;2.5;0;0;0;0.555;0.13;2.5;0;100;https://sc01.alicdn.com/kf/Aa651abed773a47af8e91ae2da51df3de0.jpg;15;Atkinson et al. (2008);partial→kacang;Rendah
Kacang uci kering;661;358;23.4;2.4;60.6;6.75;269;264;0.5;13;775;0.35;0;0;20;0;0.1;0.2;2.5;2;100;https://asset.kompas.com/crops/XHI8qd19XKfLu13brPQP23b8fo0=/65x67:891x618/750x500/data/photo/2022/02/17/620dc04a8ab8f.jpg;15;Atkinson et al. (2008);partial→kacang;Rendah
Kacang urei kering;662;354;12.8;1.8;69.3;6.75;220;220;5.1;1;0;0.7;2.5;0;0;0;0.55;0.05;3.5;0;100;1200px-Painted_Pony_Bean.JPG (1200×900) (wikimedia.org);15;Atkinson et al. (2008);partial→kacang;Rendah
Kadada katembe;663;110;4.5;6.9;7.1;3.9;26;77;0;178;131;0.2;0.7;0;46;0;0.1;0;3.5;12.5;100;https://2.bp.blogspot.com/-Kl9M50i67tY/Wn-7saMXs0I/AAAAAAAAHh4/hHbFU4Fy0s4M8zegnfa_q3kpze8Z5xjXgCLcBGAs/w1200-h630-p-k-no-nu/LogoLicious_20180205_134921.png;55;Tidak ditemukan dalam literatur – perlu pengisian manual;not_found;Sedang
Kaholeo masakan;664;413;28.7;19.8;29.8;0;337.5;440;0;0;775;0.1;2.5;0;0;0;0.555;0.03;3.5;0;100;https://img-global.cpcdn.com/recipes/e82d99f1eb64c14b/680x482cq70/ikan-teri-kaholeo-masak-asam-khas-buton-sulawesi-foto-resep-utama.jpg;55;Tidak ditemukan dalam literatur – perlu pengisian manual;not_found;Sedang
Kakap;665;92;20;0.7;0;1.1;62;80;2;10;68;0.1;0.2;0;0;0;0.1;0.02;0.1;0;100;https://d1vbn70lmn1nqe.cloudfront.net/prod/wp-content/uploads/2022/11/30105045/Tinggi-Protein-Ini-X-Manfaat-Ikan-Kakap-untuk-Kesehatan.jpg;55;Tidak ditemukan dalam literatur – perlu pengisian manual;not_found;Sedang
Kalakai;666;66;2.8;6.8;3.4;1.1;62;80;2;10;68;0.1;0.2;0;0;0;0.1;0.02;0.1;0;100;https://upload.wikimedia.org/wikipedia/commons/2/28/Stenoc_palus_100625-5191_mms.JPG;55;Tidak ditemukan dalam literatur – perlu pengisian manual;not_found;Sedang
Kalio jeroan masakan;667;163;16.5;9;4.1;0;102;268;7.1;225;0;0;0;0;0;278.75;0.555;0;0;0;100;https://img-global.cpcdn.com/recipes/2031e463b74f84a0/1200x630cq70/photo.jpg;55;Tidak ditemukan dalam literatur – perlu pengisian manual;not_found;Sedang
Kalio kikil (tunjang) masakan;668;122;13.8;5.7;3.9;0;154;59;3.4;225;0;0;0;0;0;278.75;0.38;0;0;0;100;https://asset.kompas.com/crops/mqYtGN3S_jZncBl0Ug8aj0WNS0E=/0x0:1000x667/750x500/data/photo/2021/03/01/603c964830992.jpg;55;Tidak ditemukan dalam literatur – perlu pengisian manual;not_found;Sedang
Kalio otak masakan;669;157;8.1;8.8;11.4;0;212;69;3.3;225;0;0;0;0;0;278.75;0.45;0;0;0;100;https://asset-a.grid.id/crop/0x0:0x0/700x465/photo/sasefoto/original/32036_kalio-otak.JPG;55;Tidak ditemukan dalam literatur – perlu pengisian manual;not_found;Sedang
Kalio telur masakan;670;193;10.6;12.4;9.7;0;148;246;3.8;225;0;0;0;0;0;278.75;0.44;0;0;0;100;https://img-global.cpcdn.com/recipes/642209af1316da73/680x482cq70/kalio-telur-foto-resep-utama.jpg;0;Atkinson et al. (2008) – tidak signifikan;partial→telur;Tidak signifikan (non-karbohidrat)
Kambing daging segar;671;149;16.6;9.2;0;0;11;124;1;96;268.7;0.31;2.5;0;0;0;0.09;0.23;3.5;0;100;https://akcdn.detik.net.id/visual/2020/10/27/ilustrasi-daging-kambing_169.jpeg?w=650;0;Atkinson et al. (2008) – tidak mengandung karbohidrat;token(kambing)→daging kambing;Tidak signifikan (non-karbohidrat)
Kambose;672;164;3;2.4;32.6;4.3;16;36;0.7;0;32;0.1;1.6;0;60;0;0.1;0.1;0.4;0;100;https://img-global.cpcdn.com/recipes/26bdea923d2d4e15/680x482cq70/sup-dayak-foto-resep-utama.jpg;55;Tidak ditemukan dalam literatur – perlu pengisian manual;not_found;Sedang
Kangkung;673;29;3;0.3;5.4;1.45;47;64.5;1.15;30;118.65;0.1;0.3;0;23;0;0.1;0.065;0.1;5;100;https://www.astronauts.id/blog/wp-content/uploads/2023/01/Mengenal-Manfaat-Kangkung-Bagi-Tubuh--1200x900.jpg;15;Waspadji et al. (2003);exact;Rendah
Kangkung kukus;674;30;3.2;0.7;4.7;1.8;70;49;4.4;45;184.9;0.1;0.3;0;60;278.75;0.03;0.28;1.4;11;100;https://cdn1-production-images-kly.akamaized.net/A3CuOjVcvmP6noevlbrt75x6srk=/1200x1200/smart/filters:quality(75):strip_icc():format(webp)/kly-media-production/medias/3446098/original/094275500_1619997238-stir-fried-vegetables-2245082_1280.jpg;15;Waspadji et al. (2003);partial→kangkung;Rendah
Kangkung rebus;675;22;2.5;0.6;3.1;1.2;50;51;3.5;31;98;0.1;0.3;0;60;278.75;0.01;0.22;1.2;12.5;100;https://cdn0-production-images-kly.akamaized.net/-w7C3Sli-qWhlPa4hmzbg324XkA=/190x0:855x665/1200x1200/filters:quality(75):strip_icc():format(webp)/kly-media-production/medias/4353847/original/077195900_1678438446-shutterstock_1262667451.jpg;15;Waspadji et al. (2003);partial→kangkung;Rendah
Kangkung tondano;676;43;1.8;0.2;8.4;4.3;72;9;0.7;30;361;0.3;0.4;0;60;0;0.555;0.1;1.1;12.5;60;https://www.andrafarm.com/_andra_farm/gambar_kelompok/a046-2.jpg;15;Waspadji et al. (2003);partial→kangkung;Rendah
Kangkung tumis;677;52;1.8;3.6;3;1.45;47;64.5;1.15;30;118.65;0.1;0.3;0;23;0;0.1;0.065;0.1;5;100;https://scm-assets.constant.co/scm/unilever/e9dc924f238fa6cc29465942875fe8f0/17ea3056-4e78-4d25-bd54-cf3a9296188b.jpg;15;Waspadji et al. (2003);partial→kangkung;Rendah
Kaparende sayur;678;38;2.4;2;2.6;1.5;126;68;0;170;43;0;0.3;0;40;0;0.1;0;3.5;12.5;100;https://www.gotravelly.com/blog/wp-content/uploads/2021/05/kaparende.jpg;15;Tidak ditemukan dalam literatur – perlu pengisian manual;not_found;Rendah
Kapri Muda;679;42;3.3;0.2;9.6;1.1;62;80;2;10;68;0.1;0.2;0;0;0;0.1;0.02;0.1;0;100;https://image-cdn.medkomtek.com/OCSqvD25KLrQq1bSKxrCwGP_oeI=/640x640/smart/klikdokter-media-buckets/medias/2309803/original/019268400_1575683224-Manfaat-Kacang-Kapri-bagi-Kesehatan-by-Brent-Hofacker-123rf-101578039_s.jpg;55;Tidak ditemukan dalam literatur – perlu pengisian manual;not_found;Sedang
Kapurung;680;41;2;0.3;7.8;2;34;12;0.3;185;566;0.1;0.3;0;60;0;0.12;0.25;2.7;12.5;100;https://rasabunda.com/wp-content/uploads/2021/08/Kapurung.jpg;55;Tidak ditemukan dalam literatur – perlu pengisian manual;not_found;Sedang
Kapusa;681;158;4.4;3.2;27.8;5.3;79;115;1.2;104;149;0.5;1.1;0;60;0;0.06;0.05;0.1;0;100;https://nilaigizi.com/assets/images/produk/produk_1538364792.jpg;55;Tidak ditemukan dalam literatur – perlu pengisian manual;not_found;Sedang
Karawila;682;25;2.3;0.2;3.5;2.1;25;67;0.3;8;88.4;0.08;0.3;0;21;0;0.1;0.1;0.4;12.5;80;https://d1vbn70lmn1nqe.cloudfront.net/prod/wp-content/uploads/2022/11/14043340/5-manfaat-sayur-oyong-bagi-kesehatan-tubuh-halodoc.jpg;55;Tidak ditemukan dalam literatur – perlu pengisian manual;not_found;Sedang
Karedok ;683;146.7;5.9;5.9;19.7;1.1;62;80;2;10;68;0.1;0.2;0;0;0;0.1;0.02;0.1;0;100;https://asset.kompas.com/crops/szsUOraQ00vakiV0314KT6-71v8=/0x0:1000x667/750x500/data/photo/2021/07/07/60e56c9f60649.jpg;55;Tidak ditemukan dalam literatur – perlu pengisian manual;not_found;Sedang
Karedok sayur;684;92;2.2;3.3;14.1;1.4;174;85;2.4;0;0;0;0;0;0;1;0.08;0;0;3;100;https://asset.kompas.com/crops/jbNcoL1_PmijICoxtO4126XbZgM=/0x0:1000x667/780x390/data/photo/2021/07/07/60e56c9f60649.jpg;15;Tidak ditemukan dalam literatur – perlu pengisian manual;not_found;Rendah
Karoket ;685;292;11.2;11.2;2.8;1.1;62;80;2;10;68;0.1;0.2;0;0;0;0.1;0.02;0.1;0;100;https://img-global.cpcdn.com/recipes/3ac8414039a793c2/680x482cq70/karoket-indomie-foto-resep-utama.jpg;55;Tidak ditemukan dalam literatur – perlu pengisian manual;not_found;Sedang
Katak;686;73;16.4;0.3;0;1.1;62;80;2;10;68;0.1;0.2;0;0;0;0.1;0.02;0.1;0;100;https://cdn1-production-images-kly.akamaized.net/e8re_jFwgunefEHuSaulapyNoh4=/1200x900/smart/filters:quality(75):strip_icc():format(jpeg)/kly-media-production/medias/1272374/original/013170600_1466667636-dagk.jpg;55;Tidak ditemukan dalam literatur – perlu pengisian manual;not_found;Sedang
Katul Beras;687;275;12.6;14.8;54.6;2;30;68;1.5;10;70;0.1;0.5;0;0;0;0.1;0.04;0.6;0;100;https://cdn.idntimes.com/content-images/post/20170623/rye-bran-2500-56a210e73df78cf7727192c2-f82bea323262cc6f562d6321d24ab643_600x400.jpg;72;"Atkinson et al. (2008); Indrasari et al. (2008)";token(beras)→beras putih;Tinggi
Katul Jagung;688;356;9;8.5;64.5;1.1;62;80;2;10;68;0.1;0.2;0;0;0;0.1;0.02;0.1;0;100;https://s2.bukalapak.com/img/2370243413/large/20180830_215736_scaled.jpg;52;"Atkinson et al. (2008); Richana et al. (2012)";partial→jagung;Rendah
Kawista segar;689;120;3.5;2.5;20.8;4.6;190;230;1.6;9;775;0.75;0.4;0;60;0;0.07;0.07;0.4;3;72;https://cf.shopee.co.id/file/293d8f06ecc4a6b0022b24dbc2230d06_tn;55;Tidak ditemukan dalam literatur – perlu pengisian manual;not_found;Sedang
Kecap;690;46;5.7;1.3;9;0;123;96;5.7;225;0;0.04;0;0;0;0;0;0;0;0;100;https://awsimages.detik.net.id/community/media/visual/2022/07/18/titik-kritis-kehalalan-kecap-1.jpeg?w=700&q=90;55;Tidak ditemukan dalam literatur – perlu pengisian manual;not_found;Sedang
Kecimpring singkong goreng;691;464;1.2;18.6;73;1.3;82;52;3.4;0;0;0;0;0;0;278.75;0.34;0;0;0;100;https://www.eresep.com/media/images/resep/2020/11/18/u9be0rva491sknkbkqfhhuifa1kecip.jpg.1000x650_q85.jpg;75;Atkinson et al. (2008);partial→singkong;Tinggi
Kecipir biji;692;405;32.8;17;36.5;1.1;62;80;2;10;68;0.1;0.2;0;0;0;0.1;0.02;0.1;0;100;https://images.tokopedia.net/img/cache/500-square/product-1/2020/3/27/97682031/97682031_f091ebf8-1cac-4b60-8337-825c870286c9_624_624.jpg;19;Nainggolan & Adimunca (2005) dalam Arif et al. (2013);token(biji)→jambu biji;Rendah
Kecipir buah muda;693;35;2.9;0.2;0.8;2.45;20;31;0.6;4;171.2;0.1;0.25;0;9;0;0.1;0.03;0.3;10;100;https://asset-a.grid.id/crop/0x0:0x0/x/photo/2018/05/07/3810331211.jpg;45;Tidak ditemukan dalam literatur – perlu pengisian manual;not_found;Rendah
Kecipir muda segar;694;32;2.9;0.2;5.8;5.5;63;37;0.3;3;103.8;0.18;0.4;0;60;278.75;0.24;0.11;0.7;12.5;96;https://images.tokopedia.net/img/cache/500-square/VqbcmM/2022/5/4/e8f64f70-84a2-45bc-b615-b63eb60fe9cb.jpg;55;Tidak ditemukan dalam literatur – perlu pengisian manual;not_found;Sedang
Kecombrang segar;695;34;0.9;1;6.7;2.6;60;16;1;47;650.6;0;0;0;0;73;0;0.02;0.8;0;100;https://images.tokopedia.net/img/cache/700/VqbcmM/2021/3/15/aa94797a-c3d6-4f9f-a9e2-942dec4ebeea.jpg;55;Tidak ditemukan dalam literatur – perlu pengisian manual;not_found;Sedang
Kedondong segar ;696;47;0.5;0.2;10.4;2.7;7;58;0.8;2;0;0;0.2;0;60;0;0.07;0.04;0.4;12.5;58;https://images.tokopedia.net/img/cache/500-square/VqbcmM/2021/12/4/5329d842-9637-48e3-9d33-eb653a5d9f88.jpg;45;Tidak ditemukan dalam literatur – perlu pengisian manual;not_found;Rendah
Keju;697;326;22.8;20.3;13.1;0;337.5;338;1.5;225;82.7;0.03;2.5;0;60;0;0.01;0.3;0.1;1;100;https://cdns.klimg.com/merdeka.com/i/w/news/2020/05/08/1175035/content_images/670x335/20200508114326-1-ilustrasi-keju-008-destriyana.jpg;0;Atkinson et al. (2008) – sangat rendah/tracing;exact;Tidak signifikan (non-karbohidrat)
Keju Kacang Tanah;698;590;27;49;20.9;2.4;133;220;4;6;69.2;0.27;1.2;0;0;0;0.18;0.07;0.7;0;100;https://img.freepik.com/free-photo/cheddar-cheese-dark-wooden-surface_1150-41937.jpg?w=1060&t=st=1684238932~exp=1684239532~hmac=578424a4cc6bde6d195628ec281e5daa943e767e0e6d813354904914dc34af51;14;Atkinson et al. (2008);partial→kacang tanah;Rendah
Kelapa hutan kering;699;623;2;52.1;36.5;6.75;120;280;3.8;100;460;0.75;1.9;0;0;0;0;0;0.2;0;100;https://cf.shopee.co.id/file/b744bbf5c824fbcba58e1aeff62b2e8f;0;Atkinson et al. (2008) – tidak mengandung karbohidrat;token(kelapa)→minyak kelapa;Tidak signifikan (non-karbohidrat)
Kelapa Muda air;700;17;0.2;0.1;3.8;1.1;62;80;2;10;68;0.1;0.2;0;0;0;0.1;0.02;0.1;0;100;https://img.okezone.com/content/2023/02/10/298/2762492/6-manfaat-minum-air-kelapa-muda-selain-melepas-dahaga-TMckAbHjlI.jpeg;0;Atkinson et al. (2008) – tidak mengandung karbohidrat;token(kelapa)→minyak kelapa;Tidak signifikan (non-karbohidrat)
Kelapa Muda daging;701;68;1;0.9;14;0;62;196.5;4;108;191.5;0.105;1.05;0;0;0;0.135;0.055;0.45;0;100;https://assets.tokko.io/7785295b-a6a6-4936-ab19-a31759ef44d7/products/images/8f8a1078-27c5-43e8-8a32-93738de68b9d;0;Atkinson et al. (2008) – tidak mengandung karbohidrat;token(kelapa)→minyak kelapa;Tidak signifikan (non-karbohidrat)
Kelapa Setengah Tua daging;702;180;4;15;10;0;62;196.5;4;108;191.5;0.105;1.05;0;0;0;0.135;0.055;0.45;0;100;https://doktersehat.com/wp-content/uploads/2020/05/manfaat-daging-kelapa.jpg;0;Atkinson et al. (2008) – tidak mengandung karbohidrat;token(kelapa)→minyak kelapa;Tidak signifikan (non-karbohidrat)
Kelapa Tua daging;703;359;3.4;34.7;14;0;62;196.5;4;108;191.5;0.105;1.05;0;0;0;0.135;0.055;0.45;0;100;https://asset-a.grid.id/crop/0x0:0x0/x/photo/2022/09/06/daging-kelapajpg-20220906030742.jpg;0;Atkinson et al. (2008) – tidak mengandung karbohidrat;token(kelapa)→minyak kelapa;Tidak signifikan (non-karbohidrat)
Kelepon ;704;214;5.4;5.4;40.2;1.1;62;80;2;10;68;0.1;0.2;0;0;0;0.1;0.02;0.1;0;100;https://caramembuat.id/wp-content/uploads/2022/06/Cara-Membuat-Klepon-Ketan-Khas-Bali.webp;55;Tidak ditemukan dalam literatur – perlu pengisian manual;not_found;Sedang
Kelewih;705;111;1.5;0.3;27.2;1.1;62;80;2;10;68;0.1;0.2;0;0;0;0.1;0.02;0.1;0;100;https://kecipir.com/blog/wp-content/uploads/2018/02/arto_commun_070509_0128_ltn.jpg;55;Tidak ditemukan dalam literatur – perlu pengisian manual;not_found;Sedang
Kelinci daging segar;706;142;16.9;7.8;0;0;7;350;1;49;371.1;0;0;0;0;0;0.11;0.11;3.5;0;100;https://cdn0-production-images-kly.akamaized.net/Gw1RJQgcjxFIOkJZPYqIZasno4E=/1200x1200/smart/filters:quality(75):strip_icc():format(jpeg)/kly-media-production/medias/759485/original/044795000_1414853739-rabbit-carcass-1-rev.jpg;0;Atkinson et al. (2008) – tidak mengandung karbohidrat;token(daging)→daging sapi;Tidak signifikan (non-karbohidrat)
Kemang;707;48;1;0.2;11.9;1.1;62;80;2;10;68;0.1;0.2;0;0;0;0.1;0.02;0.1;0;100;https://www.mongabay.co.id/wp-content/uploads/2017/11/Kemang.jpg;55;Tidak ditemukan dalam literatur – perlu pengisian manual;not_found;Sedang
Kembang tahu;708;380;48.9;13.8;23.3;0;337.5;440;2.1;55;455.3;0.68;2.5;0;0;0;0.15;0.08;0.7;0;100;https://asset.kompas.com/crops/sgS6iHzRJjt2l5GMjgtm8spQscM=/0x0:1000x667/750x500/data/photo/2020/08/22/5f412ff8eee87.jpg;15;"Waspadji et al. (2003); Atkinson et al. (2008)";partial→tahu;Rendah
Kembang Turi;709;44;1.8;0.6;9.6;1.1;62;80;2;10;68;0.1;0.2;0;0;0;0.1;0.02;0.1;0;100;https://blue.kumparan.com/image/upload/fl_progressive,fl_lossy,c_fill,q_auto:best,w_640/v1568729650/gegx4jyvwt2yemk2wou0.jpg;55;Tidak ditemukan dalam literatur – perlu pengisian manual;not_found;Sedang
Kemiri;710;636;19;63;8;3;80;200;2;25;430.7;0.23;0.8;0;0;0;0.06;0.06;0.4;0;100;https://d1vbn70lmn1nqe.cloudfront.net/prod/wp-content/uploads/2021/10/11044054/Mengenal-Manfaat-Kemiri-untuk-Kesehatan-Tubuh.jpg;55;Tidak ditemukan dalam literatur – perlu pengisian manual;not_found;Sedang
Kenari;711;657;15;66;13;1.1;62;80;2;10;68;0.1;0.2;0;0;0;0.1;0.02;0.1;0;100;https://cdn.antaranews.com/cache/800x533/2021/09/03/Screenshot_2021-09-03-09-41-57-05_copy_1055x704.jpg;55;Tidak ditemukan dalam literatur – perlu pengisian manual;not_found;Sedang
Kenari banda kering;712;616;13.9;56.2;13.7;0;0;380;1.4;11;460;0.75;2.5;0;60;0;0.555;0.08;0.5;0;100;13_20211016_144252_0012.jpg (1024×576) (wp.com);55;Tidak ditemukan dalam literatur – perlu pengisian manual;not_found;Sedang
Kentang;713;83;2;0.1;19.1;2;30;68;1.5;10;70;0.1;0.5;0;0;0;0.1;0.04;0.6;0;100;https://img.freepik.com/free-photo/side-view-basket-bowl-full-potato-sackcloth-wooden-surface-background-with-copy-space_141793-5650.jpg?w=1060&t=st=1684232790~exp=1684233390~hmac=d4c5a62367069d98e3ddf3935be7b63e3f650cd00d6f80da197e948280b1e1b3;78;Atkinson et al. (2008);exact;Tinggi
Kentang Hitam;714;142;0.9;0.4;33.7;2;30;68;1.5;10;70;0.1;0.5;0;0;0;0.1;0.04;0.6;0;100;https://www.satuharapan.com/uploads/cache/news_69316_1481712492.jpg;78;Atkinson et al. (2008);partial→kentang;Tinggi
Keong;715;64;12;1;2;1.1;62;80;2;10;68;0.1;0.2;0;0;0;0.1;0.02;0.1;0;100;https://asset-a.grid.id/crop/0x0:0x0/700x465/photo/2020/09/03/639552413.jpg;55;Tidak ditemukan dalam literatur – perlu pengisian manual;not_found;Sedang
Kepala Susu (Krim);716;204;2.6;20;4;0;275;209;0.6;188;320;0.02;1;0;54;0;0.05;0.3;0.4;1;100;https://www.donnemagazine.it/wp-content/uploads/2015/05/panna-montata-1.jpg;31;Atkinson et al. (2008);partial→susu;Rendah
Kepiting;717;151;13.8;3.8;14.1;0;90;204;1.9;131;229.5;0.1;0.7;0;0;0;0.1;0.025;0.25;0;100;https://thumb.tvonenews.com/thumbnail/2022/09/09/631ae5a4f1c8b-ilustrasi-makanan-laut-kepiting_1265_711.jpg;0;Tidak ditemukan dalam literatur – perlu pengisian manual;not_found;Tidak signifikan (non-karbohidrat)
Kerang;718;59;18;1.1;3.6;0;90;204;1.9;131;229.5;0.1;0.7;0;0;0;0.1;0.025;0.25;0;100;https://i0.wp.com/resepkoki.id/wp-content/uploads/2017/02/Kerang-Tiram.jpg?fit=740%2C471&ssl=1;0;Tidak ditemukan dalam literatur – perlu pengisian manual;not_found;Tidak signifikan (non-karbohidrat)
Kerang asap mentah;719;393;38.9;13.3;29.4;0;337.5;410;8.2;160;50;0.6;2.5;0;0;0;0.3;0.3;0.2;0;100;https://paxelmarket.co/wp-content/uploads/2022/06/Screen-Shot-2022-06-29-at-10.00.22.png;0;Tidak ditemukan dalam literatur – perlu pengisian manual;not_found;Tidak signifikan (non-karbohidrat)
Kerang dendeng mentah;720;357;41.1;10;25.6;0;217;440;5.2;0;0;0;0;0;0;278.75;0.27;0;0;0;100;https://4.bp.blogspot.com/-5I6Zu0DTOK8/V6wE5yIdA-I/AAAAAAAAJGY/SQEdOWqHUoEpdwm-J9RhQMDoXODT-zkrwCLcB/s1600/DK1x.jpg;0;Tidak ditemukan dalam literatur – perlu pengisian manual;not_found;Tidak signifikan (non-karbohidrat)
Kerbau daging segar;721;79;18.7;0.5;0;0;14;221;3.3;91;273;0.13;1.6;0;0;0;0.06;0.17;3.5;0;100;https://milenianews.com/wp-content/uploads/2020/08/dagingkerbau.jpg;0;Atkinson et al. (2008) – tidak mengandung karbohidrat;token(daging)→daging sapi;Tidak signifikan (non-karbohidrat)
Keremes;722;475;1.6;25.5;64.4;2.1;153;88;1;0;0;0;0;0;0;278.75;0;0;0;0;100;https://1.bp.blogspot.com/-7vUY82UReBs/WTbWbqEd68I/AAAAAAAAG4k/isry-Tn67FQgLbx5nqz5ZVhpQeAMHkaSACLcB/s1600/23-04-12-2863049_540b3cf5-8735-4432-9749-3805a501b746.jpg;55;Tidak ditemukan dalam literatur – perlu pengisian manual;not_found;Sedang
Keribang ubi segar;723;137;1.3;1.1;29.8;0.6;45;56;0.8;10;775;0.2;0.3;0;0;0;0;0;0.7;0;83;https://asset.kompas.com/crops/Hzj3mDoX0ZXIcCMNelE5lBGlh4E=/0x0:626x417/750x500/data/photo/2020/08/06/5f2bfbf9426da.jpg;65;Tidak ditemukan dalam literatur – perlu pengisian manual;not_found;Sedang
Keripik bayam;724;586;4.9;40.6;50.2;0.5;236;117;3.6;0;0;0;0;0;0;278.75;0.16;0;0;0;100;https://asset.kompas.com/crops/jYESdylVwVMIxcGzRhIFfZhPjnI=/0x28:1000x694/750x500/data/photo/2021/06/12/60c3ff4b72ad0.jpeg;15;Waspadji et al. (2003);partial→bayam;Rendah
Keripik gadung;725;446;2.8;14.5;76;1.7;147;52;1.9;0;0;0;0;0;0;0;0.555;0;0;0;100;https://www.ngadipuro.desa.id/desa/upload/artikel/sedang_1634355777_keripik-gadung.jpg;65;Tidak ditemukan dalam literatur – perlu pengisian manual;not_found;Sedang
Keripik kentang;726;448;2.7;18.8;67.1;3.8;25;130;1.2;225;406;0.75;0;0;15;0;0.1;0.05;2.8;0;100;https://asset.kompas.com/crops/TaJKfxhk6isVM1cCWS03MJ-LeZw=/32x12:1000x657/780x390/data/photo/2022/05/25/628d7e2eb24a9.jpg;78;Atkinson et al. (2008);partial→kentang;Tinggi
Keripik lampung;727;485;1.7;22.2;69.7;0.6;43;65;0.8;0;0;0;0;0;0;278.75;0.34;0;0;0;100;https://img-global.cpcdn.com/recipes/42103518f5a03444/680x482cq70/keripik-pisang-coklat-khas-lampung-foto-resep-utama.jpg;75;Tidak ditemukan dalam literatur – perlu pengisian manual;not_found;Tinggi
Keripik oncom;728;598;8.3;43.8;42.6;3.3;85;153;8.2;0;0;0;0;0;0;278.75;0.555;0;0;0;100;https://images.tokopedia.net/img/cache/700/product-1/2020/8/16/58377017/58377017_c917b0cd-8da8-412b-834f-792308dd5144_538_538;30;Rimbawan & Siagian (2004);partial→oncom;Rendah
Keripik singkong;729;478;0.9;20.7;72;2;189;101;1.9;0;0;0;0;0;0;0;0.24;0;0;0;100;https://www.astronauts.id/blog/wp-content/uploads/2022/09/Olahan-Keripik-Khas-Indonesia-yang-Bikin-Kamu-Ketagihan-1024x683.jpg;75;Atkinson et al. (2008);partial→singkong;Tinggi
Keripik singkong berbumbu;730;481;2.2;19.7;73.6;1.6;156;103;1.6;0;0;0;0;0;0;80;0.31;0;0;0;100;https://www.primarasa.co.id/images/images/Keripik%20Singkong%20Balado%20-%20resep.jpg;75;Atkinson et al. (2008);partial→singkong;Tinggi
Keripik tempe;731;581;12.1;40.6;41.7;2.2;237;116;6.9;0;0;0;0;0;0;278.75;0.35;0;0;0;100;https://assets.pikiran-rakyat.com/crop/0x0:0x0/750x500/photo/2022/07/19/1076813219.png;25;"Waspadji et al. (2003); Rimbawan & Siagian (2004)";partial→tempe;Rendah
Keripik tempe abadi murni;732;542;40.3;42.4;11.6;2.2;175;440;5.2;0;0;0;0;0;0;50;0.1;0;0;0;100;8597be9ee32588c99d9ad731093cd18a (640×640) (shopee.co.id);25;"Waspadji et al. (2003); Rimbawan & Siagian (2004)";partial→tempe;Rendah
Keripik tempe abadi sedang;733;510;12.3;27.9;52.4;3.6;122;211;8.2;0;0;0;0;0;0;0;0.52;0;0;0;100;kripik_tempe_abadi.jpg (600×450) (bukalapak.com);25;"Waspadji et al. (2003); Rimbawan & Siagian (2004)";partial→tempe;Rendah
Keripik tempe abadi telur;734;529;20.8;31.7;40.2;3;124;222;5.4;0;0;0;0;0;0;0;0.555;0;0;0;100;https://s2.bukalapak.com/img/7559256151/large/kripik_tempe_abadi.jpg;25;"Waspadji et al. (2003); Rimbawan & Siagian (2004)";partial→tempe;Rendah
Keripik ubi;735;486;0.2;23.9;67.6;6.75;68;92;0.9;52;2;0.7;2.3;0;60;0;0.1;0.1;0.5;0;100;https://kurio-img.kurioapps.com/21/09/02/38b4842e-bbd0-4c81-9ac4-2f41364dfbfc.jpe;65;Tidak ditemukan dalam literatur – perlu pengisian manual;not_found;Sedang
Kerokot segar;736;26;1.7;0.4;3.8;1;103;39;3.6;4;240.5;0.23;0.9;0;0;278.75;0.03;0.09;0.2;12.5;80;https://images.tokopedia.net/img/cache/500-square/product-1/2018/5/19/3052608/3052608_5252d99e-65b7-4461-a4c6-2a49e215357a_443_332.jpg;55;Tidak ditemukan dalam literatur – perlu pengisian manual;not_found;Sedang
Kerupuk Aci;737;350;0.5;0.2;85.9;0.3;50;85;2.5;0;0;0;0;0;0;0;0.2;0;0;0;100;https://alatpresplastik.com/wp-content/uploads/2022/01/kekekeru.jpg;87;Waspadji et al. (2003);partial→kerupuk;Tinggi
Kerupuk cumi goreng;738;444;6.9;14.6;71.3;5;47;375;1.8;225;191;0.1;0.3;0;0;0;0.4;0.1;1.8;0;100;https://pesonanusantara.co.id/images/upload//p/e/pes-kerupuk-cumi-mgl.jpg;40;Atkinson et al. (2008);partial→mi goreng;Rendah
Kerupuk Ikan berpati;739;342;16;0.4;65.6;0;90;204;1.9;131;229.5;0.1;0.7;0;0;0;0.1;0.025;0.25;0;100;https://cdns.klimg.com/merdeka.com/i/w/news/2022/01/30/1402857/content_images/670x335/20220130223844-1-kerupuk-ikan-patin-001-fellyanda-suci-agiesta.jpg;0;Atkinson et al. (2008) – tidak mengandung karbohidrat;partial→ikan;Tidak signifikan (non-karbohidrat)
Kerupuk kemplang  (ikan) mentah;740;325;1.8;0.4;78.5;4.5;59;268;2.3;225;273;0.2;0.5;0;0;0;0.555;0.1;2.3;0;100;https://images.tokopedia.net/img/cache/700/product-1/2020/6/7/805229013/805229013_ce2eef00-1652-44ff-a3b0-e8d021721b55_1560_1560.jpg;0;Atkinson et al. (2008) – tidak mengandung karbohidrat;partial→ikan;Tidak signifikan (non-karbohidrat)
Kerupuk kemplang goreng;741;504;5.6;28.1;57.1;0.3;50;94;2.9;0;0;0;0;0;0;278.75;0.31;0;0;0;100;https://asset.kompas.com/crops/Qu-uGRiw6A4NINs_6VhIZBrvp1I=/0x386:667x831/750x500/data/photo/2021/05/12/609b4a1d9af08.jpg;87;Waspadji et al. (2003);partial→kerupuk;Tinggi
Kerupuk kemplang panggang;742;356;9.7;1.1;76.9;1;62;129;2.9;0;0;0;0;0;0;278.75;0.36;0;0;0;100;https://cdns.klimg.com/merdeka.com/i/w/news/2020/11/20/1244821/content_images/670x335/20201120144433-1-ilustrasi-kemplang-001-tantri-setyorini.jpg;87;Waspadji et al. (2003);partial→kerupuk;Tinggi
Kerupuk Kulit kerbau;743;422;83;4;0;0.3;50;85;2.5;0;0;0;0;0;0;0;0.2;0;0;0;100;https://halalmui.org/wp-content/uploads/2022/09/2022-09-01-Kerupuk-Kulit-Kenali-Bahaya-dan-Potensi-Haramnya.jpg;87;Waspadji et al. (2003);partial→kerupuk;Tinggi
Kerupuk Melinjo mentah;744;345;12;1.5;71.5;0.3;50;85;2.5;0;0;0;0;0;0;0;0.2;0;0;0;100;https://s1.bukalapak.com/img/60256105411/large/data.png;87;Waspadji et al. (2003);partial→kerupuk;Tinggi
Kerupuk Melinjo tebal goreng asin;745;431;11.1;16.2;63;0.3;50;85;2.5;0;0;0;0;0;0;0;0.2;0;0;0;100;https://assets.indozone.id/content/2021/10/31/qEsgvo3/gampang-ini-cara-membuat-emping-melinjo-yang-gurih-dan-renyah30_700.jpg;87;Waspadji et al. (2003);partial→kerupuk;Tinggi
Kerupuk Melinjo tebal goreng manis;746;439;10;16.4;65.7;0.3;50;85;2.5;0;0;0;0;0;0;0;0.2;0;0;0;100;https://assets.indozone.id/content/2021/10/31/qEsgvo3/gampang-ini-cara-membuat-emping-melinjo-yang-gurih-dan-renyah30_700.jpg;87;Waspadji et al. (2003);partial→kerupuk;Tinggi
Kerupuk Melinjo tipis goreng;747;485;11.5;24.5;59.1;0.3;50;85;2.5;0;0;0;0;0;0;0;0.2;0;0;0;100;https://assets.indozone.id/content/2021/10/31/qEsgvo3/gampang-ini-cara-membuat-emping-melinjo-yang-gurih-dan-renyah30_700.jpg;87;Waspadji et al. (2003);partial→kerupuk;Tinggi
Kerupuk mie kuning goreng;748;476;0.1;21.1;71.3;4.2;57;36;4.6;0;109;0.1;0.2;0;0;278.75;0.22;0;0.9;0;100;https://id-test-11.slatic.net/p/b79efc608cc0f1f4b19fe026565838ae.jpg;87;Waspadji et al. (2003);partial→kerupuk;Tinggi
Kerupuk Sayong ;749;46.7;17.3;17.3;81.3;0.3;50;85;2.5;0;0;0;0;0;0;0;0.2;0;0;0;100;https://filebroker-cdn.lazada.co.id/kf/S92719a0bfec8443981796f166617e6eav.jpg;87;Waspadji et al. (2003);partial→kerupuk;Tinggi
Kerupuk Udang ;750;340;30;30;52;0;90;204;1.9;131;229.5;0.1;0.7;0;0;0;0.1;0.025;0.25;0;100;https://cdn0-production-images-kly.akamaized.net/ihQHCeKhKldhY8YlTDkiu0ObeqE=/261x0:928x667/1200x900/filters:quality(75):strip_icc():format(webp)/kly-media-production/medias/3265798/original/012419700_1602564070-shutterstock_1736290877.jpg;0;Atkinson et al. (2008) – tidak mengandung karbohidrat;partial→udang;Tidak signifikan (non-karbohidrat)
Kerupuk Udang berpati;751;359;17.2;68.2;332;0;90;204;1.9;131;229.5;0.1;0.7;0;0;0;0.1;0.025;0.25;0;100;https://img.my-best.id/content_section/choice_component/sub_contents/e0b644d7e1f923673ed9a295a0ad422f.jpg?ixlib=rails-4.3.1&q=70&lossless=0&w=690&fit=max&s=685a7bbc6d1dd6e991aa9c8ec4d49919;0;Atkinson et al. (2008) – tidak mengandung karbohidrat;partial→udang;Tidak signifikan (non-karbohidrat)
Kerupuk udang goreng;752;477;4.7;20.5;68.5;5;24;188;0.9;225;109;0.1;0.2;0;0;0;0.2;0;0.9;0;100;https://asset.kompas.com/crops/Vol7WU4iu3WSWKNB3nhw8RFCJdE=/0x9:1000x675/750x500/data/photo/2021/07/27/60ff6fb81ffaf.jpg;0;Atkinson et al. (2008) – tidak mengandung karbohidrat;partial→udang;Tidak signifikan (non-karbohidrat)
Kerupuk urat;753;588;53.7;40.9;1.2;0;36;15;1.3;225;37;0.1;0.2;0;0;0;0;0;0;0;100;https://images.tokopedia.net/img/cache/700/VqbcmM/2021/6/3/15bac8fd-dff8-49eb-9561-81a087a02638.jpg;87;Waspadji et al. (2003);partial→kerupuk;Tinggi
Kesemek;754;78;0.8;0.4;20;1.1;62;80;2;10;68;0.1;0.2;0;0;0;0.1;0.02;0.1;0;100;https://d1vbn70lmn1nqe.cloudfront.net/prod/wp-content/uploads/2023/02/08040440/catat-ini-manfaat-buah-kesemek-bagi-kesehatan-tubuh-halodoc.jpg;55;Tidak ditemukan dalam literatur – perlu pengisian manual;not_found;Sedang
Ketan hitam matang;755;181;4;1.2;37.3;0.3;9;144;1.7;9;18.4;0.1;0.7;0;0;0;0.06;0;0.5;0;100;https://asset.kompas.com/crops/agGJ3o2lK5eMmT-VkGdijGLjgpQ=/0x0:1000x667/750x500/data/photo/2020/10/26/5f965ccbd7c1a.jpg;86;Atkinson et al. (2008);token(ketan)→beras ketan;Tinggi
Ketan putih matang;756;163;3;0.4;35.7;0.2;4;55;0.7;8;16.8;0.1;0.7;0;0;0;0.07;0;0.5;0;100;https://asset-a.grid.id/crop/0x0:0x0/700x465/photo/2018/10/13/211488655.jpg;86;Atkinson et al. (2008);token(ketan)→beras ketan;Tinggi
Ketapang ;757;340;11;11;54;1.1;62;80;2;10;68;0.1;0.2;0;0;0;0.1;0.02;0.1;0;100;https://cdn0-production-images-kly.akamaized.net/bEFvWpDkZsFCndvlKQ2liamvXwM=/0x287:3046x2004/1200x675/filters:quality(75):strip_icc():format(webp)/kly-media-production/medias/3989958/original/069432700_1649474910-biji_ketapang.jpg;55;Tidak ditemukan dalam literatur – perlu pengisian manual;not_found;Sedang
Ketela Pohon Kuning;758;157;0.8;0.3;37.9;1.1;62;80;2;10;68;0.1;0.2;0;0;0;0.1;0.02;0.1;0;100;https://statik.tempo.co/data/2016/06/07/id_513024/513024_620.jpg;75;Atkinson et al. (2008);token(kuning)→labu kuning;Tinggi
Ketela singkong segar;759;154;1;0.3;36.8;2;30;68;1.5;10;70;0.1;0.5;0;0;0;0.1;0.04;0.6;0;100;https://www.infopublik.id/assets/upload/headline//Singkong.jpg;75;Atkinson et al. (2008);partial→singkong;Tinggi
Ketela pohon/singkong kukus;760;153;1.2;0.3;36.4;1.3;56;22;0.4;2;345.3;0.3;0.1;0;0;0;0;0;0.3;12.5;100;https://blog.tokowahab.com/wp-content/uploads/2018/08/resep-agar-agar-singkong.jpg;75;Atkinson et al. (2008);partial→singkong;Tinggi
Ketimun;761;12;0.7;0.1;2.7;1.45;47;64.5;1.15;30;118.65;0.1;0.3;0;23;0;0.1;0.065;0.1;5;100;https://www.garnesia.com/images/news/b542.jpg;15;Waspadji et al. (2003);partial→timun;Rendah
Ketimun madura segar;762;9;0.5;0.1;1.9;0.7;15;102;0.6;2;78.9;0.02;0.1;0;25;0;0.02;0.02;0.1;5;89;https://kopijagung.com/wp-content/uploads/2021/05/0001-1776641472_20210524_095708_0000_compress85-scaled.jpg;15;Waspadji et al. (2003);partial→timun;Rendah
Ketoprak;763;153;7.9;7.7;13;2.9;153;134;3.4;0;0;0;0;0;0;278.75;0.05;0;0;0;100;https://asset.kompas.com/crops/BiN_oCxCDgkO09b1B_FPfZuvGBw=/0x0:739x493/750x500/data/photo/2020/01/29/5e318845429db.jpg;55;Tidak ditemukan dalam literatur – perlu pengisian manual;not_found;Sedang
Ketumbar;764;404;14.1;16.1;54.2;1.1;62;80;2;10;68;0.1;0.2;0;0;0;0.1;0.02;0.1;0;100;https://awsimages.detik.net.id/community/media/visual/2021/08/27/5-manfaat-sehat-minum-air-ketumbar-naikkan-imunitas-dan-detoks-tubuh-3_169.jpeg?w=1200;55;Tidak ditemukan dalam literatur – perlu pengisian manual;not_found;Sedang
Ketupat ketan;765;212;4;4.6;38.6;1.1;62;80;2;10;68;0.1;0.2;0;0;0;0.1;0.02;0.1;0;100;https://awsimages.detik.net.id/community/media/visual/2022/05/01/ketupat-ketan-khas-sumatra-2.jpeg?w=1200;66;Waspadji et al. (2003);partial→ketupat;Sedang
Ketupat Tahu ;766;109.6;2.6;2.6;18.6;2.4;133;220;4;6;69.2;0.27;1.2;0;0;0;0.18;0.07;0.7;0;100;https://asset-a.grid.id/crop/0x0:0x0/x/photo/2021/06/09/resep-kupat-tahu-menu-sarapan-n-20210609032448.jpg;66;Waspadji et al. (2003);partial→ketupat;Sedang
Kluwek;767;310;10;24;13.5;0;40;100;2;0;0;0;0;0;0;0;0.15;0;0;12.5;80;https://faktualnews.co/images/2022/01/kluwek.png;55;Tidak ditemukan dalam literatur – perlu pengisian manual;not_found;Sedang
Kodok segar;768;73;16.4;0.3;0;0;18;147;1.1;0;0;0;0;0;0;0;0.14;0;0;0;65;https://blogger.googleusercontent.com/img/b/R29vZ2xl/AVvXsEhmeQYqX74WTMCJTIO2HnZZT8Ffw091uAsMlNwFrXw-7CB0TARNDJK4xVwMKTr7dFMOpSCZoNX0qO_5gI8oNfog0ymHClf25cs8AbUs4xqcbJ0aDDcUd1ow7JyZnvtfaT1pgl_sT3TjxdP41i0ACR6UctmGTsTOPvkakgVLf0y1gPf63c2VPllg40mK/w1200-h630-p-k-no-nu/Pig%20Frog.jpg;55;Tidak ditemukan dalam literatur – perlu pengisian manual;not_found;Sedang
Kokosan;769;86;1.6;0.2;13;1.1;62;80;2;10;68;0.1;0.2;0;0;0;0.1;0.02;0.1;0;100;https://cms.sehatq.com/public/img/article_img/buah-kokosan-dan-duku-satu-keluarga-tapi-beda-rasa-1595398922.jpg;55;Tidak ditemukan dalam literatur – perlu pengisian manual;not_found;Sedang
Komak polong segar;770;99;3.3;0.1;21.2;6.75;50;99;8.2;15;567;0.2;0.6;0;5;0;0.13;0.03;0.2;0;100;https://media.istockphoto.com/id/153755664/id/foto/kacang-polong-salju-segar-di-tumpukan-di-latar-belakang-putih.jpg?s=612x612&w=0&k=20&c=MPZCUQdV2lekycXztBESkb2swqE0hgIzUwflaZlFoaw=;39;Atkinson et al. (2008);token(polong)→kacang polong;Rendah
Kool Kembang;771;25;2.4;0.2;4.9;1.6;22;72;1.1;47;187;0.04;0.3;0;24;90;0.11;0.09;0.6;12.5;57;https://images.tokopedia.net/img/cache/500-square/VqbcmM/2020/11/17/8b6436f9-8344-48fd-9171-b066c4191f94.jpg;55;Tidak ditemukan dalam literatur – perlu pengisian manual;not_found;Sedang
Kool Merah kool putih;772;24;1.4;0.2;5.3;1.9;46;31;0.5;28;236.8;0.29;0.3;0;46;80;0.06;0.07;0.3;12.5;75;https://res.cloudinary.com/dk0z4ums3/image/upload/v1627875002/attached_image/walau-bikin-perut-kembung-manfat-kol-ternyata-banyak-lho.jpg;55;Atkinson et al. (2008);token(merah)→nasi merah;Sedang
Kopi bagian yang larut;773;352;17.4;1.3;69;1.1;62;80;2;10;68;0.1;0.2;0;0;0;0.1;0.02;0.1;0;100;https://cdn1-production-images-kly.akamaized.net/hapr3rDjLzJcczX2rWbC4f9DUgk=/1200x1200/smart/filters:quality(75):strip_icc():format(jpeg)/kly-media-production/medias/3412827/original/090341300_1616835451-pexels-photo-977876.jpeg;0;Tidak mengandung karbohidrat signifikan;partial→kopi;Tidak signifikan (non-karbohidrat)
Kopi bubuk instant;774;129;12.3;0.5;35;0;179;383;5.6;72;775;0.14;0;0;0;0;0;0.21;0;0;100;https://cdn.pixabay.com/photo/2014/02/10/11/25/coffee-powder-263354_1280.jpg;0;Tidak mengandung karbohidrat signifikan;partial→kopi;Tidak signifikan (non-karbohidrat)
Koro andong kering;775;356;20.5;4.1;61.6;6.75;150;272;6.2;18;301.8;0.73;2.5;0;0;0;0.29;0.02;1.4;1;100;AF079.jpg (360×360) (andrafarm.co.id);55;Tidak ditemukan dalam literatur – perlu pengisian manual;not_found;Sedang
Koro Benguk biji;776;332;24;3;55;1.1;62;80;2;10;68;0.1;0.2;0;0;0;0.1;0.02;0.1;0;100;https://laz-img-sg.alicdn.com/p/cac8dce3faa0e4781f2e5ea5968dba20.png;19;Nainggolan & Adimunca (2005) dalam Arif et al. (2013);token(biji)→jambu biji;Rendah
Koro Benguk tempe;777;141;10.2;1.3;23.2;2.4;133;220;4;6;69.2;0.27;1.2;0;0;0;0.18;0.07;0.7;0;100;https://imgx.parapuan.co/file/parapuan/mobile/crop/0x0:0x0/700x0/photo/2021/06/04/tempe-koro-pedangjpg-20210604124728.jpg;25;"Waspadji et al. (2003); Rimbawan & Siagian (2004)";partial→tempe;Rendah
Koro Kerupuk biji;778;125;8.3;0.7;22.1;0.3;50;85;2.5;0;0;0;0;0;0;0;0.2;0;0;0;100;https://cf.shopee.co.id/file/id-11134103-22100-uucup9m29iiv8c;87;Waspadji et al. (2003);partial→kerupuk;Tinggi
Koro Loke biji;779;33;2.7;0.2;7.9;1.1;62;80;2;10;68;0.1;0.2;0;0;0;0.1;0.02;0.1;0;100;https://filebroker-cdn.lazada.co.id/kf/S5058ebd94c9d4462a13ac9a3ac2a814aP.jpg;19;Nainggolan & Adimunca (2005) dalam Arif et al. (2013);token(biji)→jambu biji;Rendah
Koro Roway biji;780;344;12.5;2.1;69.4;1.1;62;80;2;10;68;0.1;0.2;0;0;0;0.1;0.02;0.1;0;100;https://down-id.img.susercontent.com/file/fdde3aac7d03f1b5dd4ab9f5df4545d4;19;Nainggolan & Adimunca (2005) dalam Arif et al. (2013);token(biji)→jambu biji;Rendah
Koro Wedus biji;781;338;22.2;1.5;61;1.1;62;80;2;10;68;0.1;0.2;0;0;0;0.1;0.02;0.1;0;100;https://ahligizi.id/blog/wp-content/uploads/2022/03/gude.jpg;19;Nainggolan & Adimunca (2005) dalam Arif et al. (2013);token(biji)→jambu biji;Rendah
Koro Wedus buah muda;782;38;3;0.3;7.9;2.45;20;31;0.6;4;171.2;0.1;0.25;0;9;0;0.1;0.03;0.3;10;100;https://ahsanfile.files.wordpress.com/2013/08/20121226_084508.jpg;45;Tidak ditemukan dalam literatur – perlu pengisian manual;not_found;Rendah
Koro wedus polong;783;46;3;0.3;7.9;3.3;56;47;1.1;2;249.3;0.09;0.4;0;60;278.75;0.09;0.09;0.5;12.5;70;https://www.andrafarm.com/_andra_farm/gambar_kelompok/a136-3.jpg;39;Atkinson et al. (2008);token(polong)→kacang polong;Rendah
Kotiu hinela tawang nggole;784;46;2.2;1.5;6;3.8;64;44;0;225;103;0.75;0.8;0;60;0;0.3;0;3.5;7;100;https://drive.google.com/file/d/1LZOGoU3M3XcPbU5_HaAZ26ybCTbiTXpT/view?usp=sharing;55;Tidak ditemukan dalam literatur – perlu pengisian manual;not_found;Sedang
Koya;785;366;4.2;4.3;77.5;0.8;153;222;7;0;0;0;0;0;0;0;0;0;0;0;100;https://cf.shopee.co.id/file/25e9b3e3d818ae999bd0736ff56ca58b;55;Tidak ditemukan dalam literatur – perlu pengisian manual;not_found;Sedang
Koya mirasa;786;370;8;1;82.2;0.4;83;110;0;0;0;0;0;0;0;144;0.19;0.3;2.6;0;100;https://nilaigizi.com/assets/images/produk/produk_1538365100.jpg;55;Tidak ditemukan dalam literatur – perlu pengisian manual;not_found;Sedang
Kranji segar;787;315;2.1;1.4;73.5;3.6;160;120;3.7;0;0;0;0;0;0;0;0.02;0;0;0;31;https://lzd-img-global.slatic.net/g/p/e4cd1b24a0e937b48e2afb796900196a.jpg_720x720q80.jpg_.webp;55;Tidak ditemukan dalam literatur – perlu pengisian manual;not_found;Sedang
Kripik Tempe Goreng ;788;542;40.3;42.4;11.5;2.4;133;220;4;6;69.2;0.27;1.2;0;0;0;0.18;0.07;0.7;0;100;https://asset.kompas.com/crops/NvawKpjCGV6FrehArD0C-OBjYSI=/3x0:700x465/750x500/data/photo/2020/12/01/5fc629934653a.jpg;25;"Waspadji et al. (2003); Rimbawan & Siagian (2004)";partial→tempe;Rendah
Krokot;789;21;1.7;0.4;3.8;1.1;62;80;2;10;68;0.1;0.2;0;0;0;0.1;0.02;0.1;0;100;https://www.greeners.co/wp-content/uploads/2020/09/Krokot-Tanaman-Gulma-dengan-Segudang-Khasiat-2.jpg;55;Tidak ditemukan dalam literatur – perlu pengisian manual;not_found;Sedang
Kucai;790;45;2.2;0.3;10.3;1.1;62;80;2;10;68;0.1;0.2;0;0;0;0.1;0.02;0.1;0;100;https://img-cdn.medkomtek.com/0sG2Fssyrmn9bdgy08HRVYdJE6U=/0x0/smart/filters:quality(75):strip_icc():format(webp)/article/APtPHT6GJD825hl5oB-p_/original/070454600_1570675713-Sejuta-Manfaat-Daun-Kucai-yang-Jarang-Diketahui-Orang-By-K321-Shutterstock_1100191607.jpg;55;Tidak ditemukan dalam literatur – perlu pengisian manual;not_found;Sedang
Kucai Muda (Lokio);791;42;3.8;0.6;7.8;1.1;62;80;2;10;68;0.1;0.2;0;0;0;0.1;0.02;0.1;0;100;https://cdn.shopify.com/s/files/1/0369/8321/0116/products/5161687_e94df3b1-09a5-4656-b592-358959106303_762_762_700x.jpg?v=1587857197;55;Tidak ditemukan dalam literatur – perlu pengisian manual;not_found;Sedang
Kuda daging segar;792;113;18.1;4.1;0.9;0;10;150;2.7;46;315.7;0.13;2.5;0;0;0;0.07;0.07;3;0;100;https://awsimages.detik.net.id/community/media/visual/2021/07/29/fakta-daging-kuda-2.jpeg?w=724;0;Atkinson et al. (2008) – tidak mengandung karbohidrat;token(daging)→daging sapi;Tidak signifikan (non-karbohidrat)
Kue ali;793;440;3.8;18.5;64.5;0.3;27;47;2.5;0;0;0;0;0;0;0;0.13;0.09;0;0;100;https://awsimages.detik.net.id/community/media/visual/2022/06/21/resep-kue-cincin_43.jpeg?w=1200;75;Tidak ditemukan dalam literatur – perlu pengisian manual;not_found;Tinggi
Kue Apem ;794;186.7;1.6;1.6;39.6;0.3;50;85;2.5;0;0;0;0;0;0;0;0.2;0;0;0;100;https://cdn0-production-images-kly.akamaized.net/1vXhapwViv08dtFYbhhKKEfqiJ0=/0x542:4608x3139/1200x675/filters:quality(75):strip_icc():format(webp)/kly-media-production/medias/3479555/original/004272600_1623394884-shutterstock_1952418853.jpg;75;Tidak ditemukan dalam literatur – perlu pengisian manual;not_found;Tinggi
Kue bangket;795;338;1.5;1.2;80.3;0;34;35;0.3;67;0;0.2;0.2;0;0;0;0.3;0;0;0;100;https://asset.kompas.com/crops/1zdz3_jE_GfEVcRZKtgL2GokVrA=/0x0:1000x667/750x500/data/photo/2023/02/24/63f805fb8890f.jpeg;75;Tidak ditemukan dalam literatur – perlu pengisian manual;not_found;Tinggi
Kue Bugis ;796;240;1;4;54;0.3;50;85;2.5;0;0;0;0;0;0;0;0.2;0;0;0;100;https://asset.kompas.com/crops/hHVyMg5BiDHITqTbKdbpz1Un4_c=/0x0:1000x667/750x500/data/photo/2022/06/21/62b109f77f78c.jpeg;75;Tidak ditemukan dalam literatur – perlu pengisian manual;not_found;Tinggi
Kue jahe;797;425;1.6;8.8;84.6;1.2;155;61;4;0;0;0;0;0;0;0;0.2;0;0;0;100;https://kurio-img.kurioapps.com/21/07/21/7ff9c395-9dea-492e-b3a0-ec9c7287dc04.jpe;75;Tidak ditemukan dalam literatur – perlu pengisian manual;not_found;Tinggi
Kue kelapa;798;591;5.6;42.1;47.5;0;32;180;1.6;33;443;0.5;1.1;0;0;0;0;0;0;0;100;https://assets.suaramerdeka.com/crop/0x0:0x0/750x500/webp/photo/2023/01/03/3184254010.png;0;Atkinson et al. (2008) – tidak mengandung karbohidrat;token(kelapa)→minyak kelapa;Tidak signifikan (non-karbohidrat)
Kue Koya ;799;366;4.2;4.3;7.9;0.3;50;85;2.5;0;0;0;0;0;0;0;0.2;0;0;0;100;https://media.karousell.com/media/photos/products/2018/08/23/koya_kacang_suuk_asli_bandung_1535029115_863b9a71_progressive.jpg;75;Tidak ditemukan dalam literatur – perlu pengisian manual;not_found;Tinggi
Kue lumpur;800;291;3.6;11.1;44.1;0;96;60;2.3;0;0;0;0;0;0;278.75;0.24;0;0;0;100;https://img.kurio.network/u_ismzhaT5An97OjUr0AzVYEjCE=/1200x900/filters:quality(80)/https://kurio-img.kurioapps.com/21/09/21/eec4bac2-8193-41bd-b249-22a4afc28519.jpe;75;Tidak ditemukan dalam literatur – perlu pengisian manual;not_found;Tinggi
Kue mangkok ;801;182;1;1;40.4;0.3;50;85;2.5;0;0;0;0;0;0;0;0.2;0;0;0;100;https://asset.kompas.com/crops/EUNcgQqWtMLzjyycRK-jWqJPg5Q=/3x0:700x465/750x500/data/photo/2021/01/13/5ffe348f5e49a.jpg;75;Tidak ditemukan dalam literatur – perlu pengisian manual;not_found;Tinggi
Kue Pacar Cina ;802;126.7;0.7;0.7;57.3;0.3;50;85;2.5;0;0;0;0;0;0;0;0.2;0;0;0;100;https://asset.kompas.com/crops/jkimxsmqIcyNJ_UjeHGJML9sT_4=/0x0:698x465/750x500/data/photo/2021/02/20/603069ab80f59.jpg;75;Tidak ditemukan dalam literatur – perlu pengisian manual;not_found;Tinggi
Kue Pia ;803;296;1.4;1.4;66.4;0.3;50;85;2.5;0;0;0;0;0;0;0;0.2;0;0;0;100;https://www.resepkuerenyah.com/wp-content/uploads/2015/05/Resep-Kue-Pia-Kacang-Hijau.jpg;75;Tidak ditemukan dalam literatur – perlu pengisian manual;not_found;Tinggi
Kue putu cangkir;804;304;5.3;7;54.9;0.9;18;193;4;0;0;0;0;0;0;0;0.06;0;0;0;100;https://i.ytimg.com/vi/GH8hVDZ3AZA/maxresdefault.jpg;75;Tidak ditemukan dalam literatur – perlu pengisian manual;not_found;Tinggi
Kue putu singkong;805;217;1.2;0.5;53.2;2.4;48;68;1.5;3;305;0;0;0;0;0;0.1;0.1;0.8;0;100;https://asset.kompas.com/crops/4HYsevQAK_PJOcsTRt4Tl0vo4YI=/0x0:1000x667/750x500/data/photo/2021/06/10/60c19ee3dbc24.jpg;75;Atkinson et al. (2008);partial→singkong;Tinggi
Kue Satu ;806;393.3;2.7;2.7;79.3;0.3;50;85;2.5;0;0;0;0;0;0;0;0.2;0;0;0;100;https://upload.wikimedia.org/wikipedia/commons/thumb/1/1b/Kue_satu_2.JPG/640px-Kue_satu_2.JPG;75;Tidak ditemukan dalam literatur – perlu pengisian manual;not_found;Tinggi
Kue Semprong ;807;380;1;1;92;0.3;50;85;2.5;0;0;0;0;0;0;0;0.2;0;0;0;100;https://asset.kompas.com/crops/jT3TeOZw6jjDRXgh1-P9Yrz0enI=/0x0:1000x667/750x500/data/photo/2022/01/21/61ea314112848.jpg;75;Tidak ditemukan dalam literatur – perlu pengisian manual;not_found;Tinggi
Kue sus;808;221;7.5;10.2;24.8;0;105;85;2.5;0;0;0;0;0;0;278.75;0.12;0;0;0;100;https://statics.indozone.news/local/63abe8c5a2d3e.jpg;75;Tidak ditemukan dalam literatur – perlu pengisian manual;not_found;Tinggi
Kue Talam ;809;180;5;5;32;0.3;50;85;2.5;0;0;0;0;0;0;0;0.2;0;0;0;100;https://cdn.yummy.co.id/content-images/images/20220319/ZDxMHnPOfZAq6tXHCLa9WsgeVwHh5Wb2-31363437363439303336d41d8cd98f00b204e9800998ecf8427e.jpg?x-oss-process=image/format,webp;75;Tidak ditemukan dalam literatur – perlu pengisian manual;not_found;Tinggi
Kue Tambang ;810;512;26;26;60.4;0.3;50;85;2.5;0;0;0;0;0;0;0;0.2;0;0;0;100;https://asset.kompas.com/crops/x2yGurVUxpP-COxvvOjVx2P7lL0=/100x67:900x600/750x500/data/photo/2022/04/14/62578f6fbc8b8.jpg;75;Tidak ditemukan dalam literatur – perlu pengisian manual;not_found;Tinggi
Kue thipan;811;247;2.9;4.2;49.5;0;16;107;1.8;95;56;0.75;0.8;0;0;0;0.17;0;0;0;100;https://asset.kompas.com/crops/fXb2bs6UVUJNODIGbh7aFfAzUE4=/41x33:950x639/750x500/data/photo/2021/03/05/6041b846aa175.jpg;75;Tidak ditemukan dalam literatur – perlu pengisian manual;not_found;Tinggi
Kulit melinjo;812;111;4.5;1.1;20.7;5;117;179;2.6;0;0;0;0;0;0;278.75;0.07;0;0;7;100;https://www.tagar.id/Asset/uploads2019/1650333684879-kulit-melinjo.jpg;55;Tidak ditemukan dalam literatur – perlu pengisian manual;not_found;Sedang
Kundur segar;813;22;0.4;0.2;4.7;1.3;3;54;0.5;2;200;0.1;0.3;0;7;0;0.1;0.03;0.4;1;57;https://images.tokopedia.net/img/cache/700/VqbcmM/2021/7/19/0136f82a-7e5d-4239-a821-5d104134e2bf.jpg;55;Tidak ditemukan dalam literatur – perlu pengisian manual;not_found;Sedang
Kunyit;814;63;2;2.7;9.1;1.1;62;80;2;10;68;0.1;0.2;0;0;0;0.1;0.02;0.1;0;100;https://asset.kompas.com/crops/6wd6YSreRZtdz-lCDTpHxoTIbZA=/0x165:1000x832/750x500/data/photo/2020/11/27/5fc0a1e0529ea.jpg;55;Tidak ditemukan dalam literatur – perlu pengisian manual;not_found;Sedang
Kura-kura;815;83;19.1;0.2;0;1.1;62;80;2;10;68;0.1;0.2;0;0;0;0.1;0.02;0.1;0;100;https://image-cdn.medkomtek.com/KZBBktqticgNUpCCeJzeVrcDKGg=/673x379/smart/klikdokter-media-buckets/medias/2312546/original/004647900_1581575442-Daging-Penyu-Shutterstock_443050405.jpg;55;Tidak ditemukan dalam literatur – perlu pengisian manual;not_found;Sedang
Kwaci;816;515;30.6;42.1;13.8;6.75;54;312;6.2;124;448.6;0.65;2.5;0;0;0;0.02;0.19;0.3;0;35;https://lzd-img-global.slatic.net/g/p/38df63d32f7205e9f443bd8cac8ef122.jpg_720x720q80.jpg_.webp;55;Tidak ditemukan dalam literatur – perlu pengisian manual;not_found;Sedang
Kwark (Quark);817;242;19;17;3;0;300;350;0.5;37;72.7;0.01;0.2;0;0;0;0.03;0.3;0;0;100;https://www.24kitchen.nl/files/styles/header_small/public/2018-03/shutterstock_1015365694.jpg?itok=ILdve5p_;55;Tidak ditemukan dalam literatur – perlu pengisian manual;not_found;Sedang
Labu Air;818;17;0.6;0.2;3.8;1.1;62;80;2;10;68;0.1;0.2;0;0;0;0.1;0.02;0.1;0;100;https://img.okezone.com/content/2021/02/08/481/2358505/yuk-rajin-konsumsi-labu-air-ini-12-manfaatnya-untuk-kesehatan-tubuh-Co3o1Xm8pf.jpg;75;Atkinson et al. (2008);partial→labu;Tinggi
Labu kuning segar;819;51;1.7;0.5;10;2.7;40;180;0.7;225;220;0.35;1.5;0;60;0;0.2;0;0.1;2;74;https://images.tokopedia.net/img/cache/500-square/VqbcmM/2021/8/15/8459499c-3699-48fc-99e9-68c2b3dd27d6.jpg?ect=4g;75;Atkinson et al. (2008);partial→labu;Tinggi
Labu Siam;820;26;0.6;0.1;6.7;1.1;62;80;2;10;68;0.1;0.2;0;0;0;0.1;0.02;0.1;0;100;https://assets.pikiran-rakyat.com/crop/0x0:0x0/x/photo/2023/05/27/3705926699.jpg;75;Atkinson et al. (2008);partial→labu;Tinggi
Labu waluh segar;821;32;1.1;0.1;6.6;0.5;45;64;1.4;1;356.2;0.13;0.3;0;60;180;0.08;0.12;0.6;12.5;77;https://media.istockphoto.com/id/1276814339/id/foto/irisan-mentah-segar-butternut-squash-di-papan-kayu-tampilan-atas-ke-bawah.jpg?s=612x612&w=0&k=20&c=zCYDW2KS0xuVGjq4k-_AwwkZnCQxapWuuWovVhJvqKA=;75;Atkinson et al. (2008);partial→labu;Tinggi
Laksa ;822;166.3;2.7;3.9;29.5;1.1;62;80;2;10;68;0.1;0.2;0;0;0;0.1;0.02;0.1;0;100;https://asset.kompas.com/crops/cmvexYXhxB1oyebUTtLncpQTxNE=/256x116:1280x798/750x500/data/photo/2022/10/11/63455e3290f0e.jpg;55;Tidak ditemukan dalam literatur – perlu pengisian manual;not_found;Sedang
Lamtoro (pete cina) biji muda;823;85;5.7;0.3;15.4;1.1;62;80;2;10;68;0.1;0.2;0;0;0;0.1;0.02;0.1;0;100;https://d1vbn70lmn1nqe.cloudfront.net/prod/wp-content/uploads/2022/11/02042448/X-Manfaat-Petai-Cina-untuk-Kesehatan-Tubuh.jpg;19;Nainggolan & Adimunca (2005) dalam Arif et al. (2013);token(biji)→jambu biji;Rendah
Lamtoro biji tua;824;148;10.6;0.5;26.2;1.1;62;80;2;10;68;0.1;0.2;0;0;0;0.1;0.02;0.1;0;100;https://images.tokopedia.net/img/cache/700/VqbcmM/2021/9/23/73d62514-e013-460c-9f52-d3c17e019a91.jpg;19;Nainggolan & Adimunca (2005) dalam Arif et al. (2013);token(biji)→jambu biji;Rendah
Lamtoro tempe;825;142;11;2.5;20.4;2.4;133;220;4;6;69.2;0.27;1.2;0;0;0;0.18;0.07;0.7;0;100;https://awsimages.detik.net.id/community/media/visual/2021/01/09/warga-blitar-bikin-alternatif-tempe-lamtoro-2_169.jpeg?w=700&q=90;25;"Waspadji et al. (2003); Rimbawan & Siagian (2004)";partial→tempe;Rendah
Lamtoro var. gung tanpa kulit;826;367;46.4;5.4;32.5;1.1;62;80;2;10;68;0.1;0.2;0;0;0;0.1;0.02;0.1;0;100;https://cdn-2.tstatic.net/jateng/foto/bank/images/lamtoro.jpg;50;Richana et al. (2012) dalam Arif et al. (2013);token(gung)→nasi jagung;Rendah
Lamtoro var. lokal dengan kulit;827;336;23.8;1.2;59.7;1.1;62;80;2;10;68;0.1;0.2;0;0;0;0.1;0.02;0.1;0;100;https://m.andrafarm.com/_andra_farm/gambar_rinci/534.jpg;55;Tidak ditemukan dalam literatur – perlu pengisian manual;not_found;Sedang
Langsat;828;56;0.9;0.2;14.3;1.1;62;80;2;10;68;0.1;0.2;0;0;0;0.1;0.02;0.1;0;100;https://st4.depositphotos.com/12727742/21449/i/450/depositphotos_214494426-stock-photo-lanzones-fruit-on-white-isolated.jpg;0;Tidak ditemukan dalam literatur – perlu pengisian manual;not_found;Tidak signifikan (non-karbohidrat)
Lantar segar;829;34;2.2;0.3;5.5;2.9;10;58;0.4;3;155;0.2;0.4;0;38;0;0.3;0.07;0.4;4;100;https://lzd-img-global.slatic.net/g/ff/kf/Sd291e0ce271c49f9b247372fce67011dp.jpg_720x720q80.jpg;55;Tidak ditemukan dalam literatur – perlu pengisian manual;not_found;Sedang
Lanting getuk;830;422;0.9;10.8;80.4;1.4;206;104;3.6;0;0;0;0;0;0;0;0.43;0;0;0;100;https://cf.shopee.co.id/file/261d5dd52028e4a8ebf57f5957bde6b4;75;Tidak ditemukan dalam literatur – perlu pengisian manual;not_found;Tinggi
Lapis legit;831;389;6.6;15.7;55.5;0.5;16;136;1.9;0;0;0;0;0;0;278.75;0.26;0.09;3;0;100;https://kurio-img.kurioapps.com/21/03/03/fba953f2-c456-49e3-bec5-7adc1cbfd5a6.jpe;55;Tidak ditemukan dalam literatur – perlu pengisian manual;not_found;Sedang
Lawar babi masakan;832;174;17;10;3;0;61;141;3;0;0;0;0;0;0;0;0.1;0;0;0;100;https://cdn.idntimes.com/content-images/post/20211019/203152501-4176779059011518-795637125163020240-n-c5aa3d72f7ca0ec57070d7c1a60cf2b2_600x400.jpg;55;Tidak ditemukan dalam literatur – perlu pengisian manual;not_found;Sedang
Lawar penyu masakan;833;141;23;1.5;7.6;0;69;141;6;0;0;0;0;0;0;0;0.1;0;0;0;100;https://fastly.4sqi.net/img/general/600x600/4312632_DHgsLEo3W0e7vYm-X-ndJwUEN1E419WBzhTKzIb411c.jpg;55;Tidak ditemukan dalam literatur – perlu pengisian manual;not_found;Sedang
Lawara jangang masakan;834;159;5;10.9;10.1;0;57;107;1.5;225;775;0.1;1;0;0;0;0.25;0.16;0;0;100;https://img-global.cpcdn.com/recipes/2bad2876953a328b/680x482cq70/lawara-jangang-foto-resep-utama.jpg;55;Tidak ditemukan dalam literatur – perlu pengisian manual;not_found;Sedang
Lawara penjah masakan;835;207;7.4;15.4;9.6;1.1;62;80;2;10;68;0.1;0.2;0;0;0;0.1;0.02;0.1;0;100;https://nilaigizi.com/assets/images/produk/produk_1535786169.jpg;55;Tidak ditemukan dalam literatur – perlu pengisian manual;not_found;Sedang
Ledre pisang;836;405;4.8;5.1;84.9;0.4;59;124;2.6;0;0;0;0;0;4;278.75;0.41;0;0;0;100;https://cdn.idntimes.com/content-images/community/2022/03/127926829-138078701098384-3632478979177553762-n-1fd6c04577e614a24488a2b0565fd065-d95921c5a20494e557ab339600558193.jpg;59;"Hoerudin (2012); Atkinson et al. (2008)";partial→pisang;Sedang
Lema/ Rebung asam;837;15;1;0.4;1.9;0;17;230;2.9;3;156;0.1;0.7;0;0;0;0.3;0;0;0;100;https://img-global.cpcdn.com/recipes/e8525bb6dc19cd61/400x400cq70/photo.jpg;55;Tidak ditemukan dalam literatur – perlu pengisian manual;not_found;Sedang
Lemak Babi;838;902;0;100;0;1.1;62;80;2;10;68;0.1;0.2;0;0;0;0.1;0.02;0.1;0;100;https://cms.sehatq.com/public/img/article_img/memasak-dengan-lemak-babi-sehat-atau-tidak-1626927917.jpg;30;Tidak ditemukan dalam literatur – perlu pengisian manual;not_found;Rendah
Lemak Babi (Bacon);839;630;9.1;65;1.1;0;13;108;0.8;0;0;0;0.9;0;0;0;0.4;0;0;0;100;https://nilaigizi.com/assets/images/produk/produk_1535869956.jpg;30;Tidak ditemukan dalam literatur – perlu pengisian manual;not_found;Rendah
Lemak ikan;840;372;12;29.4;14.4;0;20;230;8.2;60;52;0.4;1.1;0;0;0;0.5;0.13;0;0;100;https://statik.tempo.co/data/2017/08/15/id_632737/632737_620.jpg;0;Atkinson et al. (2008) – tidak mengandung karbohidrat;partial→ikan;Tidak signifikan (non-karbohidrat)
Lemak Kerbau;841;818;1.5;90;0;1.1;62;80;2;10;68;0.1;0.2;0;0;0;0.1;0.02;0.1;0;100;https://awsimages.detik.net.id/community/media/visual/2016/07/11/01bf592f-fb72-43f1-a0c5-df9c28e4fd17.jpg?w=851;30;Tidak ditemukan dalam literatur – perlu pengisian manual;not_found;Rendah
Lemon segar;842;34;0.5;0.8;6.2;0.1;23;20;0.3;31;140;0.1;0.2;0;0;0;0.09;0.12;0.3;12.5;100;https://asset.kompas.com/crops/rhXo_XxmQeotI8VocNxI-r4P_z4=/192x230:1728x1254/1200x800/data/photo/2021/02/03/601a928049052.jpg;55;Tidak ditemukan dalam literatur – perlu pengisian manual;not_found;Sedang
Lemon Squasih;843;36;0;0;10;1.1;62;80;2;10;68;0.1;0.2;0;0;0;0.1;0.02;0.1;0;100;https://i0.wp.com/blog.duniamasak.com/wp-content/uploads/Manfaat-dari-Citrus-Squash.jpg?fit=900%2C520&ssl=1;55;Tidak ditemukan dalam literatur – perlu pengisian manual;not_found;Sedang
Lemonade;844;30;0;0;8;1.1;62;80;2;10;68;0.1;0.2;0;0;0;0.1;0.02;0.1;0;100;https://awsimages.detik.net.id/community/media/visual/2020/12/11/lemonade.jpeg?w=700&q=90;55;Tidak ditemukan dalam literatur – perlu pengisian manual;not_found;Sedang
Lemper ;845;221.3;3.8;3.6;43.4;1.1;62;80;2;10;68;0.1;0.2;0;0;0;0.1;0.02;0.1;0;100;https://awsimages.detik.net.id/community/media/visual/2022/03/30/resep-lemper-ayam_43.jpeg?w=1200;55;Tidak ditemukan dalam literatur – perlu pengisian manual;not_found;Sedang
Lempog durian;846;320;3.5;5.7;63.7;4.9;190;93;2.5;0;0;0;0;0;0;0;0.05;0.04;0;0;100;https://www.wowkeren.com/display/images/photo/2019/11/01/00281112s7.jpg;50;Waspadji et al. (2003);partial→durian;Rendah
Lepok/Ubi rumput;847;181;2.8;1.2;39.8;6.75;7;50;3.1;116;306;0.75;0.9;0;0;0;0.28;0.05;1.5;0;85;https://cdn.idntimes.com/content-images/community/2022/11/1668220355020-b9525602b7a0cdcf30573dba18d33241-b3058ccbd7818c38ec418081753661ba.jpg;65;Tidak ditemukan dalam literatur – perlu pengisian manual;not_found;Sedang
Leunca buah;848;33;1.9;0.1;7.4;2.45;20;31;0.6;4;171.2;0.1;0.25;0;9;0;0.1;0.03;0.3;10;100;https://asset.kompas.com/crops/VIU7rFIvSmmh1ZsQ2xoBcH70ljU=/0x0:996x664/750x500/data/photo/2020/09/28/5f70e1ea615e3.jpg;45;Tidak ditemukan dalam literatur – perlu pengisian manual;not_found;Rendah
Leupeut Ketan ;849;240;7.8;0.5;51.3;1.1;62;80;2;10;68;0.1;0.2;0;0;0;0.1;0.02;0.1;0;100;https://sweetrip.id/wp-content/uploads/2021/05/171584083_119493940234318_4941248120678130162_n.jpg;86;Atkinson et al. (2008);token(ketan)→beras ketan;Tinggi
Leverwost (sosis hati);850;387;16;22;3;0;62;196.5;4;108;191.5;0.105;1.05;0;0;0;0.135;0.055;0.45;0;100;https://st3.depositphotos.com/1008077/13205/i/600/depositphotos_132052478-stock-photo-calf-liver-sausage.jpg;0;Tidak ditemukan dalam literatur – perlu pengisian manual;not_found;Tidak signifikan (non-karbohidrat)
Lilin bungkus gedi;851;79;2.3;5.2;5.8;2.5;170;70;0.9;170;50;0.2;0.8;0;0;0;0.2;0.1;0;12.5;100;https://1.bp.blogspot.com/-OZ_8zgUY5C8/XeeHxEwJazI/AAAAAAAAAEk/15QFIWrudeYVyJ7AjUIw3rA2MPg3VK9vACLcBGAsYHQ/s1600/IMG_1753.JPG;55;Tidak ditemukan dalam literatur – perlu pengisian manual;not_found;Sedang
Lobak;852;19;0.9;0.1;4.2;1.1;62;80;2;10;68;0.1;0.2;0;0;0;0.1;0.02;0.1;0;100;https://d1vbn70lmn1nqe.cloudfront.net/prod/wp-content/uploads/2022/09/29035721/Kandungan-Nutrisi-pada-Lobak-Putih-yang-Baik-bagi-Kesehatan.jpg;15;Tidak ditemukan dalam literatur – perlu pengisian manual;not_found;Rendah
Lokan segar;853;217;11;1.7;5.1;0;20;390;8.2;3;7;0.2;2.5;0;0;0;0.45;0.07;0;0;100;https://cdn-2.tstatic.net/aceh/foto/bank/images/ilustrasi-lokan_20160410_120327.jpg;55;Tidak ditemukan dalam literatur – perlu pengisian manual;not_found;Sedang
Lontar segar;854;27;0.4;0.2;6;1.6;91;243;0.5;0;0;0;0;0;0;0;0.03;0;0;0;79;https://assets.ayobandung.com/crop/0x0:0x0/750x500/webp/photo/2022/12/07/254567740.jpg;55;Tidak ditemukan dalam literatur – perlu pengisian manual;not_found;Sedang
Lopis ;855;163.3;2.8;2.2;33;1.1;62;80;2;10;68;0.1;0.2;0;0;0;0.1;0.02;0.1;0;100;https://img-global.cpcdn.com/recipes/08285e540251b661/680x482cq70/lupislopis-ketan-pandan-ala-chef-muhammad-foto-resep-utama.jpg;55;Tidak ditemukan dalam literatur – perlu pengisian manual;not_found;Sedang
Lumai/Leunca segar;856;38;1.1;0.3;7.6;2;7;55;1;2;0;0.1;0.3;0;25;0;0.2;0.1;0.6;12.5;95;https://sibejajo.com/asset/foto_produk/FB_IMG_1646812082738.jpg;55;Tidak ditemukan dalam literatur – perlu pengisian manual;not_found;Sedang
Lupis ketan;857;164;1.8;2.1;34.5;0.7;119;31;1.5;0;0;0;0;0;0;0;0.09;0;0.2;0;100;https://asset.kompas.com/crops/TRFlnZa303pT0iwa7gkId4MCWSA=/0x54:1000x720/750x500/data/photo/2020/06/24/5ef30e98cb1e8.jpg;86;Atkinson et al. (2008);token(ketan)→beras ketan;Tinggi
Madu;858;294;0.3;0;79.5;0.2;5;16;0.9;6;26.9;0.04;0.2;0;0;0;0;0.04;0.1;4;100;https://asset.kompas.com/crops/xLLMihh3EZy1CwtkPn_4DGDwe9A=/0x8:1000x675/750x500/data/photo/2020/11/12/5facc84db5083.jpg;61;Atkinson et al. (2008);exact;Sedang
Maizena tepung;859;341;0.3;0;85;6.75;20;30;1.5;6;9;0.22;1.6;0;0;0;0;0.09;1.3;0;100;https://cf.shopee.co.id/file/f6160b3c0d2189ab6140e6a81c2168cb;85;Atkinson et al. (2008);token(tepung)→tepung terigu;Tinggi
Makaroni;860;363;8.7;0.4;78.7;1.1;62;80;2;10;68;0.1;0.2;0;0;0;0.1;0.02;0.1;0;100;https://img.freepik.com/free-photo/horizontal-view-butterfly-uncooked-pastas-brown-bowl-mixed-color-table-high-resolution-photo_140725-86866.jpg?w=1060&t=st=1684233335~exp=1684233935~hmac=5e53a5f2f8d8db6b49b05831a1ffda6004b9b1fc696423217781874c3ef92e9c;55;Tidak ditemukan dalam literatur – perlu pengisian manual;not_found;Sedang
Mangga benggala segar;861;63;2.4;0.4;12.4;5.8;9;13;0.2;3;79;0.1;0.1;0;10;0;0.18;0.01;0.4;12.5;65;https://ik.imagekit.io/dcjlghyytp1/2020/10/mangga-indramayu.jpg?tr=f-auto,w-380;52;"Hoerudin (2012); Atkinson et al. (2008)";partial→mangga;Rendah
Mangga Gedong;862;44;0.7;0.2;11.2;2.45;20;31;0.6;4;171.2;0.1;0.25;0;9;0;0.1;0.03;0.3;10;100;https://www.rumahtanaman.com/wp-content/uploads/2014/05/GG.jpg;52;"Hoerudin (2012); Atkinson et al. (2008)";partial→mangga;Rendah
Mangga Golek;863;63;0.5;0.2;16.7;2.45;20;31;0.6;4;171.2;0.1;0.25;0;9;0;0.1;0.03;0.3;10;100;https://images.tokopedia.net/img/cache/500-square/VqbcmM/2021/12/9/98f71686-5832-459e-9732-11f0cc62ac2c.jpg;52;"Hoerudin (2012); Atkinson et al. (2008)";partial→mangga;Rendah
Mangga Harum Manis;864;46;0.4;0.2;11.9;2.45;20;31;0.6;4;171.2;0.1;0.25;0;9;0;0.1;0.03;0.3;10;100;https://www.rumahtanaman.com/wp-content/uploads/2018/01/Slide8.jpg;52;"Hoerudin (2012); Atkinson et al. (2008)";partial→mangga;Rendah
Mangga Indramayu;865;72;0.8;0.2;18.7;2.45;20;31;0.6;4;171.2;0.1;0.25;0;9;0;0.1;0.03;0.3;10;100;https://asset.kompas.com/crops/oO0XncIXQSUeIA_Uc4k1_y9V5gM=/0x44:1000x711/750x500/data/photo/2022/06/18/62ad5b3acadca.jpg;52;"Hoerudin (2012); Atkinson et al. (2008)";partial→mangga;Rendah
Mangga Kopek;866;56;0.4;0.2;14.6;2.45;20;31;0.6;4;171.2;0.1;0.25;0;9;0;0.1;0.03;0.3;10;100;https://images.tokopedia.net/img/cache/500-square/VqbcmM/2021/8/25/8e436ae5-3754-4c1b-a211-f2c8b50b86f1.jpg;52;"Hoerudin (2012); Atkinson et al. (2008)";partial→mangga;Rendah
Mangga kwini segar;867;86;0.7;0.5;19.8;6.5;11;11;0.2;1;16;0.1;0.1;0;60;0;0.15;0.02;0.5;12.5;65;https://images.tokopedia.net/img/cache/500-square/VqbcmM/2020/11/22/5c712852-cd55-4c17-9515-f47bdfb1bf7f.jpg;52;"Hoerudin (2012); Atkinson et al. (2008)";partial→mangga;Rendah
Mangga manalagi segar;868;133;1;0.1;32.1;6.75;20;23;1;70;161;0;0;0;4;0;0.07;0;0.6;12.5;65;https://images.tokopedia.net/img/cache/700/VqbcmM/2021/11/12/71d9b8e5-1a32-465e-bcc6-0be9e8113e4a.jpg;52;"Hoerudin (2012); Atkinson et al. (2008)";partial→mangga;Rendah
Mangga Muda;869;59;0.5;0.4;15.1;2.45;20;31;0.6;4;171.2;0.1;0.25;0;9;0;0.1;0.03;0.3;10;100;https://img-cdn.medkomtek.com/5gj7IKgzhEym6vd4Wf0Bvzqak4I=/0x0/smart/filters:quality(75):strip_icc():format(webp)/article/BT9WysgDcGiXjX7j0PkI5/original/031876800_1606991796-shutterstock_306861815.jpg;52;"Hoerudin (2012); Atkinson et al. (2008)";partial→mangga;Rendah
Mangga segar;870;52;0.7;0;12.3;1.6;20;16;1;3;140;0.3;0;0;60;0;0.03;0.01;0.3;12;65;https://arahpantura.aboutsemarang.id/wp-content/uploads/2023/05/A6CCD5BB-60B4-46F0-87C4-A63241A9D6FC.png;52;"Hoerudin (2012); Atkinson et al. (2008)";partial→mangga;Rendah
Manggis;871;63;0.6;0.6;15.6;1.1;62;80;2;10;68;0.1;0.2;0;0;0;0.1;0.02;0.1;0;100;https://res.cloudinary.com/dk0z4ums3/image/upload/v1645702972/attached_image/manfaat-buah-manggis-untuk-kesehatan-yang-sayang-dilewatkan.jpg;45;Tidak ditemukan dalam literatur – perlu pengisian manual;not_found;Rendah
Margarin;872;720;0.6;81;0.4;0;20;16;0;225;25.9;0;0;0;60;0;0;0;0;0;100;https://static.republika.co.id/uploads/images/inpicture_slide/mentega-_181004053127-973.jpg;0;Atkinson et al. (2008) – tidak mengandung karbohidrat;exact;Tidak signifikan (non-karbohidrat)
Markisa segar;873;144;3.5;1.2;29.8;6.75;27;203;1.4;37;453.8;0.1;0.1;0;60;278.75;0.02;0.17;2;10;48;https://sc04.alicdn.com/kf/U9a58688525d24e25a10c656a5b19874cy.jpg;55;Tidak ditemukan dalam literatur – perlu pengisian manual;not_found;Sedang
Markisa squash;874;217;2.5;1;49.6;0;6;83;0.6;14;65;0;0.1;0;23;75;0.07;0.02;0;12.5;100;https://asset-a.grid.id/crop/0x0:0x0/x/photo/2021/02/16/resep-squash-markisa-mint-minum-20210216051340.jpg;55;Tidak ditemukan dalam literatur – perlu pengisian manual;not_found;Sedang
Markisa squash BD;875;104;1.2;0.5;23.7;0;1;88;0.5;40;40;0;0.1;0;7;40;0.2;0.02;0;12;100;https://asset-a.grid.id/crop/0x0:0x0/x/photo/2021/02/16/resep-squash-markisa-mint-minum-20210216051340.jpg;55;Tidak ditemukan dalam literatur – perlu pengisian manual;not_found;Sedang
Martabak  manis;876;265.3;4.7;5.5;49.3;1.1;62;80;2;10;68;0.1;0.2;0;0;0;0.1;0.02;0.1;0;100;https://tasteofnusa.com/wp-content/uploads/2022/03/martabak-manis-12-720x720.jpg;55;Amalia et al. (2011) dalam Arif et al. (2013);token(manis)→jagung manis;Sedang
Martabak india;877;153;4.5;4.2;24.3;0;14;108;2.4;225;112;0.4;0.5;0;0;0;0;0;0;0;100;https://i0.wp.com/resepkoki.id/wp-content/uploads/2022/08/Resep-Martabak-Kari.jpg?fit=996%2C1328&ssl=1;55;Tidak ditemukan dalam literatur – perlu pengisian manual;not_found;Sedang
Martabak mesir;878;278;5.1;8.6;45;0;49;168;3.4;193;123;0.2;0.9;0;0;0;0;0;0;0;100;https://www.resepkuerenyah.com/wp-content/uploads/2016/11/45.-resep-martabak-mesir.jpg;55;Tidak ditemukan dalam literatur – perlu pengisian manual;not_found;Sedang
Martabak Telur ;879;200;8.9;5.1;29.5;0;62;196.5;4;108;191.5;0.105;1.05;0;0;0;0.135;0.055;0.45;0;100;https://www.masakapahariini.com/wp-content/uploads/2020/10/Martabak-Telor-Bayam.jpg;0;Atkinson et al. (2008) – tidak signifikan;partial→telur;Tidak signifikan (non-karbohidrat)
Masekat;880;369;2.1;7;74.1;4;17;52;0.8;141;12;0.4;0.3;0;0;0;0;0;0;0;100;https://img-global.cpcdn.com/recipes/af253cf910c76d69/1200x630cq70/photo.jpg;55;Tidak ditemukan dalam literatur – perlu pengisian manual;not_found;Sedang
Matoa segar;881;90;1.2;0.1;21.1;0.5;20;40;0.6;10;190;0.3;0.6;0;2;0;0.18;0.09;0.5;12.5;40;https://images.tokopedia.net/img/cache/500-square/VqbcmM/2023/3/9/ac2bbe27-dd14-46dc-947f-98a9b16b0be6.jpg;55;Tidak ditemukan dalam literatur – perlu pengisian manual;not_found;Sedang
Melase;882;276;0;0.1;71;0;6;83;0.6;14;0;0;0.3;0;0;0;0.04;0;0;0;100;https://s0.bukalapak.com/img/57164672241/large/data.jpeg;55;Tidak ditemukan dalam literatur – perlu pengisian manual;not_found;Sedang
Melinjo;883;66;5;0.7;13.3;1.1;62;80;2;10;68;0.1;0.2;0;0;0;0.1;0.02;0.1;0;100;https://blue.kumparan.com/image/upload/fl_progressive,fl_lossy,c_fill,q_auto:best,w_640/v1571737858/tgrthwihqglldjcu0ptw.jpg;55;Tidak ditemukan dalam literatur – perlu pengisian manual;not_found;Sedang
Melon segar;884;37;0.6;0.4;7.8;1;12;14;0.4;27;167;0.3;0.1;0;1;0;0.02;0.1;0;0;58.1;https://asset.kompas.com/crops/6GJGDA9CwVlnWtfhcImRgwyoj3Y=/0x0:1811x1207/750x500/data/photo/2022/09/22/632c0d9940fcd.jpg;56;"Hoerudin (2012); Atkinson et al. (2008)";partial→melon;Sedang
Menjangan daging dendeng mentah;885;322;55.8;2;22.7;0;55;310;2.1;225;775;0.75;2.5;0;26;0;0;0;0;0;100;https://images.tokopedia.net/img/cache/700/VqbcmM/2022/9/1/c86b6e83-7b8f-4d90-a900-faf92e7afcbb.jpg;0;Atkinson et al. (2008) – tidak mengandung karbohidrat;token(daging)→daging sapi;Tidak signifikan (non-karbohidrat)
Mentega;886;725;0.5;81.6;1.4;0;15;16;1.1;225;103;0;0.4;0;60;0;0;0.1;0;0;100;https://res.cloudinary.com/dk0z4ums3/image/upload/v1643714477/attached_image/waspadai-bahaya-mentega-karena-mengandung-lemak-jenuh.jpg;0;Atkinson et al. (2008) – tidak mengandung karbohidrat;exact;Tidak signifikan (non-karbohidrat)
Menteng;887;65;1.7;0.2;16.1;1.1;62;80;2;10;68;0.1;0.2;0;0;0;0.1;0.02;0.1;0;100;https://cdn.idntimes.com/content-images/community/2019/06/img-20190616-231022-b1184a09c11ecdd83465d09708483513_600x400.jpg;55;Tidak ditemukan dalam literatur – perlu pengisian manual;not_found;Sedang
Merica;888;359;11.5;6.8;64.4;1.1;62;80;2;10;68;0.1;0.2;0;0;0;0.1;0.02;0.1;0;100;https://akcdn.detik.net.id/community/media/visual/2019/12/10/c78ea524-99d4-42ec-b2d7-5d8b498aa18a_43.jpeg?w=250&q=;55;Tidak ditemukan dalam literatur – perlu pengisian manual;not_found;Sedang
Mi basah;889;88;0.6;3.3;14;0.1;14;13;6.8;63;13.5;0.06;0.4;0;0;0;0;0;0;0;100;https://lzd-img-global.slatic.net/g/ff/kf/S32cbc99669db47d09a0603d5b5340a676.jpg_720x720q80.jpg_.webp;40;Atkinson et al. (2008);exact;Rendah
Mi golosor;890;71;0.2;0.8;15.9;0.1;117;5;0.2;0;0;0;0;0;0;112;0.05;0.02;0;0;100;https://img.okezone.com/content/2021/04/18/301/2396626/mie-glosor-takjil-khas-bogor-yang-cuma-bisa-dicicipi-saat-ramadan-nC8fwT950l.jpg;65;Tidak ditemukan dalam literatur – perlu pengisian manual;not_found;Sedang
Mi kering;891;339;10;1.7;6.3;0.4;31;143;3.9;225;83;0.29;1.9;0;0;0;0;0.08;2.2;0;100;https://www.basoyen.com/wp-content/uploads/2020/07/markus-winkler-57EDibTULBw-unsplash-600x600.jpg;65;Tidak ditemukan dalam literatur – perlu pengisian manual;not_found;Sedang
Mie aceh rebus;892;113;3;3.2;18.1;0;22;44;1.4;191;36;0.2;0.3;0;0;0;0;0;0;0;100;https://resepkoki.id/wp-content/uploads/2021/03/Resep-Mie-Aceh.jpg;75;Atkinson et al. (2008);token(rebus)→singkong rebus;Tinggi
Mie ayam;893;102;6.2;3.9;10.5;0;262;51;1.8;225;0;0;0;0;0;166;0.555;0;0;0;100;https://awsimages.detik.net.id/community/media/visual/2022/10/12/resep-mie-ayam-kecap_43.jpeg?w=1200;0;Atkinson et al. (2008) – tidak mengandung karbohidrat;partial→ayam;Tidak signifikan (non-karbohidrat)
Mie bakso;894;114;5.3;3;16.4;0.1;286;53;1.9;225;0;0;0;0;0;180;0.16;0;0;0;100;https://upload.wikimedia.org/wikipedia/commons/a/a9/Indonesian_bakso%2C_with_noodle_and_bean_sprouts%2C_April_2018_%2803%29.jpg;0;Tidak ditemukan dalam literatur – perlu pengisian manual;not_found;Tidak signifikan (non-karbohidrat)
Mie basah;895;86;0.6;3.3;14;2;30;68;1.5;10;70;0.1;0.5;0;0;0;0.1;0.04;0.6;0;100;https://www.suarasurabaya.net/wp-content/uploads/2015/12/kk163583_clip10.jpg;40;Atkinson et al. (2008);exact;Rendah
Mie Bendo;896;353;0.3;0;88;2.4;28;14;2.8;9;49.2;0.5;0.1;0;2;0;0.02;0;0.1;0;100;https://img-global.cpcdn.com/recipes/bdd43198a013a918/680x482cq70/mie-lethekmie-bendo-goreng-foto-resep-utama.jpg;65;Tidak ditemukan dalam literatur – perlu pengisian manual;not_found;Sedang
Mie celon;897;102;3;2.1;17.8;0;12;84;1.4;225;112;0.1;0.5;0;0;0;0;0;0;0;100;https://nilaigizi.com/assets/images/produk/produk_1538367850.jpg;65;Tidak ditemukan dalam literatur – perlu pengisian manual;not_found;Sedang
Mie Goreng ;898;468;7.6;20.4;62.4;2;30;68;1.5;10;70;0.1;0.5;0;0;0;0.1;0.04;0.6;0;100;https://kbu-cdn.com/dk/wp-content/uploads/mie-goreng-korea.jpg;40;Atkinson et al. (2008);exact;Rendah
Mie kering;899;337;7.9;11.8;50;2;30;68;1.5;10;70;0.1;0.5;0;0;0;0.1;0.04;0.6;0;100;https://assets.ayobandung.com/crop/0x0:0x0/750x500/webp/photo/2022/10/13/1236905540.jpg;65;Tidak ditemukan dalam literatur – perlu pengisian manual;not_found;Sedang
Mie pangsit basah;900;105;5.9;4.9;9.4;0;208;48;2;225;0;0;0;0;0;278.75;0.46;0;0;0;100;https://sweetrip.id/wp-content/uploads/2020/08/bakmisibos_116436440_1141684466204653_5039711773118966116_n.jpg;40;Atkinson et al. (2008);token(basah)→mi basah;Rendah
Mie Sagu;901;190;0.2;0.4;46.5;1.4;8;7;0.3;10;2.6;0.1;0;0;2;0;0;0.3;0;0;100;https://o-cdn-cas.sirclocdn.com/parenting/images/mie_sagu_goreng.width-800.format-webp.webp;70;Haliza et al. (2006) dalam Arif et al. (2013);partial→sagu;Sedang
Minyak Hati Hiu (Eulamia);902;902;0;100;0;1.1;62;80;2;10;68;0.1;0.2;0;0;0;0.1;0.02;0.1;0;100;https://i0.wp.com/bogor-today.com/wp-content/uploads/2022/01/minyak-ikan-hiu.jpeg;0;Atkinson et al. (2008) – tidak mengandung karbohidrat;token(minyak)→minyak goreng;Tidak signifikan (non-karbohidrat)
Minyak Ikan;903;902;0;100;0;0;0;0;0;0;0;0;0;0;0;0;0;0;0;0;100;https://cdn0-production-images-kly.akamaized.net/KulMk8pE4MUFW9NwVOhQU_zDI_U=/1200x900/smart/filters:quality(75):strip_icc():format(jpeg)/kly-media-production/medias/2753245/original/059475000_1552803824-capsule-1079838_960_720.jpg;0;Atkinson et al. (2008) – tidak mengandung karbohidrat;partial→ikan;Tidak signifikan (non-karbohidrat)
Minyak Kacang Tanah;904;902;0;100;0;0;0;0;0;0;0;0;0;0;0;0;0;0;0;0;100;https://nilaigizi.com/assets/images/produk/produk_1535871426.jpg;14;Atkinson et al. (2008);partial→kacang tanah;Rendah
Minyak kedelai;905;883;0;99.9;0;0;0;0;0;0;0.1;0;0;0;0;0;0;0;0;0;100;https://res.cloudinary.com/dk0z4ums3/image/upload/v1678151337/attached_image/minyak-kedelai-ketahui-6-manfaatnya-untuk-kesehatan.jpg;0;Atkinson et al. (2008) – tidak mengandung karbohidrat;token(minyak)→minyak goreng;Tidak signifikan (non-karbohidrat)
Minyak Kelapa;906;870;1;98;0;0;0;0;0;0;0;0;0;0;0;0;0;0;0;0;100;https://res.cloudinary.com/dk0z4ums3/image/upload/v1619511406/attached_image/Manfaat-Minyak-Kelapa-Bagi-Kesehatan-dan-Kecantikan.jpg;0;Atkinson et al. (2008) – tidak mengandung karbohidrat;exact;Tidak signifikan (non-karbohidrat)
Minyak Kelapa Sawit;907;902;0;100;0;0;0;0;0;0;0;0;0;0;60;0;0;0;0;0;100;https://res.cloudinary.com/dk0z4ums3/image/upload/v1619512031/attached_image/mengenal-manfaat-kelapa-sawit-dan-bahayanya.jpg;0;Atkinson et al. (2008) – tidak mengandung karbohidrat;partial→minyak kelapa;Tidak signifikan (non-karbohidrat)
Minyak Wijen;908;902;0;100;0;0;10;5;0.1;2;20;0;0;0;0;0;0;0.07;0.1;0;100;https://imgx.parapuan.co/crop/0x0:0x0/x/photo/2022/03/10/minyak-wijenjpg-20220310033229.jpg;0;Atkinson et al. (2008) – tidak mengandung karbohidrat;token(minyak)→minyak goreng;Tidak signifikan (non-karbohidrat)
Minyak Zaitun;909;884;0;100;0;0;14;0;1.2;7;0;0;0;0;0;0;0;0;3.5;0;100;https://faktualnews.co/images/2020/07/ilustrasi-minyak-zaitun-2.jpg;0;Atkinson et al. (2008) – tidak mengandung karbohidrat;token(minyak)→minyak goreng;Tidak signifikan (non-karbohidrat)
Misoa;910;345;8.5;2.2;78;0.5;52;120;8.2;225;44;0.08;0;0;0;0;0;0.02;0.2;0;100;https://i0.wp.com/resepkoki.id/wp-content/uploads/2017/01/Resep-Misoa-goreng.jpg?fit=1896%2C1920&ssl=1;55;Tidak ditemukan dalam literatur – perlu pengisian manual;not_found;Sedang
Misro ;911;218;0.8;16;50.2;1.1;62;80;2;10;68;0.1;0.2;0;0;0;0.1;0.02;0.1;0;100;https://resepkoki.id/wp-content/uploads/2016/03/Resep-Misro.jpg;55;Tidak ditemukan dalam literatur – perlu pengisian manual;not_found;Sedang
Moon tahu;912;128;8;10;1.3;0.2;205;92;2.5;225;0;0;0;0;0;278.75;0.46;0;0;0;100;https://asset.kompas.com/crops/6euVEo-wAGx89LIBbuVHsBls00g=/3x0:700x465/750x500/data/photo/2021/02/26/60389a2ca08d2.jpg;15;"Waspadji et al. (2003); Atkinson et al. (2008)";partial→tahu;Rendah
Mostarda metan -sawi;913;33;2.3;0.5;4.7;1.8;60;30;3.1;20;100;0.1;0.4;0;60;0;0.2;0.1;0.1;12;85;https://1.bp.blogspot.com/-Z49IVx92C3Q/YPTZ76m0s4I/AAAAAAAAE7A/YqyhcefD4AsQ1AuLNA-G-fEMDUUKjKJ1gCLcBGAsYHQ/s1200/mostarda-planta-1200x900.jpg;15;Tidak ditemukan dalam literatur – perlu pengisian manual;not_found;Rendah
Mujahir acar kuning masakan;914;330;17.8;23.4;12.1;1.1;154;357;5.3;0;0;0;0;0;0;278.75;0.15;0;0;0;100;https://img-global.cpcdn.com/recipes/8bebe8ed6c7b4f07/680x482cq70/ikan-mujair-acar-kuning-foto-resep-utama.jpg;75;Atkinson et al. (2008);token(kuning)→labu kuning;Tinggi
Naan maran sapi masakan;915;478;38.3;33.9;5.1;0;30;390;8.2;220;320;0.6;2.5;0;0;0;0;0;0.2;0;100;https://drive.google.com/file/d/1LZOGoU3M3XcPbU5_HaAZ26ybCTbiTXpT/view?usp=sharing;31;Atkinson et al. (2008);token(sapi)→susu sapi;Rendah
Nanas;916;52;0.4;0.2;13.7;2.45;20;31;0.6;4;171.2;0.1;0.25;0;9;0;0.1;0.03;0.3;10;100;https://awsimages.detik.net.id/community/media/visual/2022/07/04/diet-nanas-bikin-bb-turun-1-kg-seminggu-apa-aman-untuk-kesehatan-3.jpeg?w=682;59;Atkinson et al. (2008);exact;Sedang
Nanas palembang segar;917;58;0.7;0.2;13.3;1.6;29;15;0.6;7;117;0;0.1;0;17;0;0.26;0.03;0.2;11;53;https://images.tokopedia.net/img/cache/500-square/VqbcmM/2021/8/7/9df0b092-1dcd-422f-9551-cd3f8edd56c5.jpg;59;Atkinson et al. (2008);partial→nanas;Sedang
Nangka biji;918;165;4.2;0.1;36.7;1.1;62;80;2;10;68;0.1;0.2;0;0;0;0.1;0.02;0.1;0;100;https://awsimages.detik.net.id/community/media/visual/2020/11/13/olahan-biji-nangka-yang-enak-dan-murah-meriah-1.jpeg?w=700&q=90;55;Atkinson et al. (2008);partial→nangka;Sedang
Nangka masak di pohon;919;106;1.2;0.3;27.6;1.1;62;80;2;10;68;0.1;0.2;0;0;0;0.1;0.02;0.1;0;100;https://asset.kompas.com/crops/vAJZIAE0JnVJOvig_kTUk1moh84=/0x53:1000x720/750x500/data/photo/2020/12/26/5fe6f33006f3c.jpg;55;Atkinson et al. (2008);partial→nangka;Sedang
Nangka Muda;920;51;2;0.4;11.3;1.1;62;80;2;10;68;0.1;0.2;0;0;0;0.1;0.02;0.1;0;100;https://sahabatdapur.com/wp-content/uploads/2015/08/nangka-muda-foto-istimewa.jpg;55;Atkinson et al. (2008);partial→nangka;Sedang
Nasi;921;180;3;0.3;39.8;0.2;25;27;0.4;1;38;0.1;0.6;0;0;0;0.05;0.1;2.6;0;100;https://asset.kompas.com/crops/V8z5REsWvqpu4CxKPWl_Ukg7CNI=/151x100:1349x898/780x390/data/photo/2022/01/08/61d9973b79cbd.jpg;72;"Atkinson et al. (2008); Waspadji et al. (2003)";partial→nasi putih;Tinggi
Nasi beras merah;922;149;2.8;0.4;32.5;2;30;68;1.5;10;70;0.1;0.5;0;0;0;0.1;0.04;0.6;0;100;https://www.masakapahariini.com/wp-content/uploads/2019/11/nasi-tim-beras-merah.jpg;55;Atkinson et al. (2008);partial→beras merah;Sedang
Nasi gemuk;923;192;3.8;8.8;24.4;0.7;15;74;1;225;63;0.2;1.4;0;0;0;0.19;0.05;2;0;100;https://upload.wikimedia.org/wikipedia/commons/thumb/b/bd/Nasi_Gmk.jpg/1200px-Nasi_Gmk.jpg;72;"Atkinson et al. (2008); Waspadji et al. (2003)";token(nasi)→nasi putih;Tinggi
Nasi Goreng ;924;276;3.2;3.2;30.2;2;30;68;1.5;10;70;0.1;0.5;0;0;0;0.1;0.04;0.6;0;100;https://asset.kompas.com/crops/2RnTJZK6E9ABjS_1qmItNjI1hls=/0x0:5760x3840/750x500/data/photo/2023/02/14/63eb12fb840da.jpg;76;Atkinson et al. (2008);exact;Tinggi
Nasi gurih;925;190;4.7;7.5;26;0.7;12;62;0.8;225;52;0.2;1.2;0;0;0;0.11;0.06;2.1;0;100;https://www.frisianflag.com/storage/app/media/uploaded-files/nasi-uduk-betawi.jpg;72;"Atkinson et al. (2008); Waspadji et al. (2003)";token(nasi)→nasi putih;Tinggi
Nasi jagung;926;357;8.8;0.5;79.5;2;30;68;1.5;10;70;0.1;0.5;0;0;0;0.1;0.04;0.6;0;100;https://tokohinspiratif.id/wp-content/uploads/2019/03/WhatsApp-Image-2019-03-25-at-16.10.19-1280x640.jpeg;50;Richana et al. (2012) dalam Arif et al. (2013);exact;Rendah
Nasi minyak;927;207;3.5;5;37.1;0.8;26;100;1.5;74;174;0.2;2.2;0;0;0;0.14;0.07;2.6;0;100;https://upload.wikimedia.org/wikipedia/commons/c/c0/Nasi_Minyak_Palembang_1.jpg;72;"Atkinson et al. (2008); Waspadji et al. (2003)";token(nasi)→nasi putih;Tinggi
Nasi rames;928;155;10.3;4.2;19.1;0;239;62;1.8;225;0;0;0;0;0;278.75;0.555;0;0;0;100;https://o-cdn-cas.sirclocdn.com/parenting/images/nasi-rames.width-800.format-webp.webp;72;"Atkinson et al. (2008); Waspadji et al. (2003)";token(nasi)→nasi putih;Tinggi
Nasi tim;929;120;2.4;0.4;26;0.5;3;7;0.4;0;23.9;0.1;0.4;0;0;0;0.1;0;1.4;0;100;https://www.masakapahariini.com/wp-content/uploads/2022/08/cara-membuat-nasi-tim-ayam-sayuran-mpasi.jpg;72;"Atkinson et al. (2008); Waspadji et al. (2003)";token(nasi)→nasi putih;Tinggi
Nasi Uduk ;930;253.3;4.3;21;11.7;2;30;68;1.5;10;70;0.1;0.5;0;0;0;0.1;0.04;0.6;0;100;https://img.kurio.network/P1Obhh7cenTadrAZ6Hc_XPjaVws=/1200x1200/filters:quality(80)/https://kurio-img.kurioapps.com/21/09/01/53606332-ec0c-478c-add9-78815b5cc658.jpe;72;"Atkinson et al. (2008); Waspadji et al. (2003)";token(nasi)→nasi putih;Tinggi
Nasu likku masakan;931;196;14.5;8.3;15.9;0;69;157;1;225;470;0.3;2;0;0;0;0.2;0.24;1.5;0;100;https://cdn-2.tstatic.net/makassar/foto/bank/images/nasu-likku-wajo.jpg;55;Tidak ditemukan dalam literatur – perlu pengisian manual;not_found;Sedang
Noga Kacang Tanah ;932;600;14;41.7;42;2.4;133;220;4;6;69.2;0.27;1.2;0;0;0;0.18;0.07;0.7;0;100;https://t-2.tstatic.net/priangan/foto/bank/images/Noga-Suuk.jpg;14;Atkinson et al. (2008);partial→kacang tanah;Rendah
Nopia spesial;933;387;5.3;7.6;74.3;0.3;337.5;133;4.2;0;0;0;0;0;0;278.75;0.17;0;0;0;100;https://images.tokopedia.net/img/cache/700/VqbcmM/2022/11/16/4db2f8bc-bb3d-4e95-a679-b13c5b5c0faf.jpg;55;Tidak ditemukan dalam literatur – perlu pengisian manual;not_found;Sedang
Olah-olah;934;9;2.1;6;7.1;4.4;26;3;1.2;225;266;0.3;0.6;0;36;0;0.2;0.1;0.4;0;100;https://img-global.cpcdn.com/recipes/45ba2643fc906c09/680x482cq70/olah-olah-foto-resep-utama.jpg;55;Tidak ditemukan dalam literatur – perlu pengisian manual;not_found;Sedang
Oncom;935;187;13;6;22.6;0;96;115;8.2;0;0;0;0;0;0;0;0.09;0;1.6;0;100;https://asset.kompas.com/crops/TJ76EsKIghwcoD2Dkv7GrHGa_x4=/0x9:1000x675/750x500/data/photo/2020/08/04/5f2959f90ed39.jpg;30;Rimbawan & Siagian (2004);exact;Rendah
Oncom ampas kacang hijau;936;376;14.9;6;65.7;6.75;199;110;8.2;0;0;0;0;0;0;0;0.03;0;0;0;100;79282965_4a911ce8-9d69-4db9-98c3-9efe78d49d24_724_724 (700×700) (tokopedia.net);25;"Marsono (2002); Atkinson et al. (2008)";partial→kacang hijau;Rendah
Oncom Goreng ;937;363.3;19.3;19.3;40.3;1.1;62;80;2;10;68;0.1;0.2;0;0;0;0.1;0.02;0.1;0;100;https://t-2.tstatic.net/medan/foto/bank/images/Resep-Oncom-Goreng-Tepung.jpg;30;Rimbawan & Siagian (2004);partial→oncom;Rendah
Oncom Hitam Goreng ;938;284;12;14.4;13.6;1.1;62;80;2;10;68;0.1;0.2;0;0;0;0.1;0.02;0.1;0;100;https://images.tokopedia.net/img/cache/700/product-1/2019/10/10/79282965/79282965_4a911ce8-9d69-4db9-98c3-9efe78d49d24_724_724;30;Rimbawan & Siagian (2004);partial→oncom;Rendah
Oncom Hitam Goreng bertepung ;939;306.7;9;18;27;2;30;68;1.5;10;70;0.1;0.5;0;0;0;0.1;0.04;0.6;0;100;https://assets.ayobandung.com/crop/0x0:0x0/750x500/webp/photo/2022/07/19/2363852219.png;30;Rimbawan & Siagian (2004);partial→oncom;Rendah
Oncom kacang hijau + singkong;940;351;11;5.3;65.9;6.75;164;113;7.8;0;0;0;0;0;0;0;0.01;0;0;0;100;https://golali.id/wp-content/uploads/2023/02/Oncom-760x473.jpg;75;Atkinson et al. (2008);partial→singkong;Tinggi
Oncom Kacang Tanah pepes;941;132;12.7;3.8;13.7;3.1;133;355;8.2;0;0;0;0;0;0;10;0.08;0.2;0.7;0;100;https://t-2.tstatic.net/palembang/foto/bank/images/oncom_20170407_152823.jpg;14;Atkinson et al. (2008);partial→kacang tanah;Rendah
Oncom Kedele;942;187;13;6;22.6;1.1;62;80;2;10;68;0.1;0.2;0;0;0;0.1;0.02;0.1;0;100;https://asset.kompas.com/crops/h4_WZ8GncmYCpLRv-hrfwyr0_AQ=/0x0:1000x667/750x500/data/photo/2020/08/04/5f295a4cc469c.jpg;30;Rimbawan & Siagian (2004);partial→oncom;Rendah
Oncom Merah Goreng ;943;368;6.8;32;13.2;1.1;62;80;2;10;68;0.1;0.2;0;0;0;0.1;0.02;0.1;0;100;https://asset.kompas.com/crops/h4_WZ8GncmYCpLRv-hrfwyr0_AQ=/0x0:1000x667/750x500/data/photo/2020/08/04/5f295a4cc469c.jpg;30;Rimbawan & Siagian (2004);partial→oncom;Rendah
Oncom Merah Goreng bertepung ;944;320;7.3;18.7;31;2;30;68;1.5;10;70;0.1;0.5;0;0;0;0.1;0.04;0.6;0;100;https://kbu-cdn.com/dk/wp-content/uploads/oncom-goreng.jpg;30;Rimbawan & Siagian (2004);partial→oncom;Rendah
Oncom Merah Sayur (tumis) ;945;40;2;2;3;1.45;47;64.5;1.15;30;118.65;0.1;0.3;0;23;0;0.1;0.065;0.1;5;100;https://cdn.idntimes.com/content-images/community/2022/02/img-20220215-221041-46e2f5aecb68d33317c733fcbbadfb19-3b67f78530f06dc0bb76ba7e4c795a5a_600x400.jpg;30;Rimbawan & Siagian (2004);partial→oncom;Rendah
Oncom pepes;946;76;5.2;1.8;10.6;1.1;62;80;2;10;68;0.1;0.2;0;0;0;0.1;0.02;0.1;0;100;https://asset-a.grid.id/crop/0x0:0x0/700x465/photo/sasefoto/original/33239_pepes-oncom-teri.jpg;30;Rimbawan & Siagian (2004);partial→oncom;Rendah
Onde-onde ;947;288.6;8.3;8.9;44.3;0;0;0;0;0;0;0;0;0;0;0;0;0;0;0;100;https://www.masakapahariini.com/wp-content/uploads/2020/10/resep-onde-onde.jpg;75;Tidak ditemukan dalam literatur – perlu pengisian manual;not_found;Tinggi
Ongol-ongol ;948;115;1.5;6;14;1.1;62;80;2;10;68;0.1;0.2;0;0;0;0.1;0.02;0.1;0;100;https://blog.tokowahab.com/wp-content/uploads/2020/01/Resep-Ongol-Ongol.jpg;55;Tidak ditemukan dalam literatur – perlu pengisian manual;not_found;Sedang
Ongol-ongol sagu;949;111;0.3;2.7;21.2;0.3;79;15;1.7;0;0;0;0;0;0;0;0.06;0;0;0;100;https://img-global.cpcdn.com/recipes/c2a7ee1d87669ccd/680x482cq70/ongol-ongol-sagu-foto-resep-utama.jpg;70;Haliza et al. (2006) dalam Arif et al. (2013);partial→sagu;Sedang
Opak Singkong ;950;940;36;42;104;2;30;68;1.5;10;70;0.1;0.5;0;0;0;0.1;0.04;0.6;0;100;https://cf.shopee.co.id/file/f10cd2d5ad4812daf630547293706737;75;Atkinson et al. (2008);partial→singkong;Tinggi
Oramu ninahu ndawa olaho masakan;951;117;13.7;5;4.3;0;337.5;440;2;0;727;0.3;1.5;0;0;0;0.555;0.04;1.7;0;100;https://drive.google.com/file/d/1LZOGoU3M3XcPbU5_HaAZ26ybCTbiTXpT/view?usp=sharing;55;Tidak ditemukan dalam literatur – perlu pengisian manual;not_found;Sedang
Otak;952;125;10.4;8.6;0.8;1.1;62;80;2;10;68;0.1;0.2;0;0;0;0.1;0.02;0.1;0;100;https://asset.kompas.com/crops/Zb2CWR9vmVrUUr6v372o4SJ8gs0=/0x0:1000x667/750x500/data/photo/2021/07/18/60f3913f44be3.jpg;55;Tidak ditemukan dalam literatur – perlu pengisian manual;not_found;Sedang
Oyek;953;351;0.9;0.9;84.9;4.3;60;36;2.1;5;229;0.1;0.5;0;0;0;0.02;0.02;0.5;0;100;https://asset-a.grid.id/crop/0x0:0x0/780x800/photo/bobofoto/original/20348_nasi-oyek.JPG;55;Tidak ditemukan dalam literatur – perlu pengisian manual;not_found;Sedang
Oyek (dari singkong);954;342;2.3;0.1;83.1;2;30;68;1.5;10;70;0.1;0.5;0;0;0;0.1;0.04;0.6;0;100;https://asset-a.grid.id/crop/0x0:0x0/780x800/photo/bobofoto/original/20348_nasi-oyek.JPG;75;Atkinson et al. (2008);partial→singkong;Tinggi
Paku hinela wulelenggapaya;955;77;3.5;4.6;5.4;3.6;63;85;0;225;37;0.3;0.7;0;55;0;0.555;0.1;0.2;4;100;https://drive.google.com/file/d/1LZOGoU3M3XcPbU5_HaAZ26ybCTbiTXpT/view?usp=sharing;0;Tidak ditemukan dalam literatur – perlu pengisian manual;not_found;Tidak signifikan (non-karbohidrat)
Pala biji;956;494;7.5;36.4;40.1;1.1;62;80;2;10;68;0.1;0.2;0;0;0;0.1;0.02;0.1;0;100;https://res.cloudinary.com/dk0z4ums3/image/upload/v1670897868/attached_image/biji-pala-ketahui-kandungan-nutrisi-dan-manfaatnya-bagi-kesehatan.jpg;19;Nainggolan & Adimunca (2005) dalam Arif et al. (2013);token(biji)→jambu biji;Rendah
Pala daging;957;42;0.3;0.2;10.9;0;62;196.5;4;108;191.5;0.105;1.05;0;0;0;0.135;0.055;0.45;0;100;https://res.cloudinary.com/dk0z4ums3/image/upload/v1672648028/attached_image/buah-pala-dan-manfaatnya-bagi-kesehatan.jpg;0;Atkinson et al. (2008) – tidak mengandung karbohidrat;token(daging)→daging sapi;Tidak signifikan (non-karbohidrat)
Paniki masak santan masakan;958;460;28.5;35.2;7.2;0;188;357;5.5;225;532;0.4;2.5;0;0;0;0.27;0.19;0;0;100;https://img-global.cpcdn.com/recipes/0435c98a0facbd6b/680x482cq70/ayam-paniki-kuah-santan-daun-kemangi-foto-resep-utama.jpg;55;Tidak ditemukan dalam literatur – perlu pengisian manual;not_found;Sedang
Papais ;959;133.8;3;1.6;27;1.1;62;80;2;10;68;0.1;0.2;0;0;0;0.1;0.02;0.1;0;100;https://cdn-brilio-net.akamaized.net/news/2022/02/15/222989/1667876-1000xauto-resep-papais-pisang.jpg;55;Tidak ditemukan dalam literatur – perlu pengisian manual;not_found;Sedang
Papeda;960;61;0.2;0.1;14.9;0.5;3;1;0.2;4;20;0.1;0.1;0;0;0;0.06;0;0;0;100;https://upload.wikimedia.org/wikipedia/commons/thumb/0/01/Papeda%2C_Kuah_Kuning%2C_Ikan_Tude_Bakar_2.jpg/1200px-Papeda%2C_Kuah_Kuning%2C_Ikan_Tude_Bakar_2.jpg;55;Tidak ditemukan dalam literatur – perlu pengisian manual;not_found;Sedang
Parede baleh masakan;961;87;10.5;2.5;5.5;0;35;215;0.9;225;59;0.1;0.2;0;0;0;0.24;0;0.7;0;100;https://cdn.yummy.co.id/content-images/images/20200815/2YZZLlB1Zbu1u15lVU5vD8BzPnocXd9x-31353937343730313934d41d8cd98f00b204e9800998ecf8427e.jpg?x-oss-process=image/format,webp;0;Tidak ditemukan dalam literatur – perlu pengisian manual;not_found;Tidak signifikan (non-karbohidrat)
Paria (Pare);962;29;1.1;0.3;6.6;1.1;62;80;2;10;68;0.1;0.2;0;0;0;0.1;0.02;0.1;0;100;https://img-cdn.medkomtek.com/X4BJRDfL_8HS_c5aJtsuyssrYzc=/730x411/smart/filters:quality(75):strip_icc():format(webp)/article/QvEjQFs7tywQmPo2gqqRk/original/046665800_1514452569-5-Manfaat-Tak-Terduga-dari-Pare-By-jiangdi-shutterstock_280759094.jpg;55;Tidak ditemukan dalam literatur – perlu pengisian manual;not_found;Sedang
Paria Putih kukus;963;16;0.8;0.2;3.4;1.1;62;80;2;10;68;0.1;0.2;0;0;0;0.1;0.02;0.1;0;100;https://img-global.cpcdn.com/recipes/a97ee086d880b66f/680x482cq70/chao-gu-kua-pare-putih-isi-telur-tofu-kukus-foto-resep-utama.jpg;72;"Atkinson et al. (2008); Waspadji et al. (2003)";token(putih)→nasi putih;Tinggi
Paria putih segar;964;19;1;0.4;3.6;1.3;31;65;0.9;5;277.7;0.03;0.8;0;60;80;0.18;0.04;0.4;12.5;80;https://images.tokopedia.net/img/cache/700/product-1/2019/12/3/3052608/3052608_77a86b88-9b60-4b1c-a386-e34233b36223_393_393.jpg;72;"Atkinson et al. (2008); Waspadji et al. (2003)";token(putih)→nasi putih;Tinggi
Pastel;965;307;4.5;13.3;42.4;0;296;53;2.5;0;0;0;0;0;0;278.75;0.15;0;0;0;100;https://img-global.cpcdn.com/recipes/66d15fa15c092e35/1200x630cq70/photo.jpg;55;Tidak ditemukan dalam literatur – perlu pengisian manual;not_found;Sedang
Pati Singkong (tapioka);966;362;0.5;0.3;86.9;2;30;68;1.5;10;70;0.1;0.5;0;0;0;0.1;0.04;0.6;0;100;https://img.my-best.id/content_section/beforehand_tips/4e0654064c1f4f6c6f82ca43010f122e.jpg?ixlib=rails-4.3.1&q=70&lossless=0&w=690&fit=max&s=a3da0b23fcedeb9e0f0e9f86034c1225;75;Atkinson et al. (2008);partial→singkong;Tinggi
Pe-Cay;967;23;1.8;0.3;4.5;1.1;62;80;2;10;68;0.1;0.2;0;0;0;0.1;0.02;0.1;0;100;https://img-global.cpcdn.com/recipes/b41cd819ef249758/680x482cq70/sayur-pecay-sawi-putih-cah-tahu-foto-resep-utama.jpg;55;Tidak ditemukan dalam literatur – perlu pengisian manual;not_found;Sedang
Peda Ikan Banjar;968;156;28;4;0;0;90;204;1.9;131;229.5;0.1;0.7;0;0;0;0.1;0.025;0.25;0;100;https://laz-img-sg.alicdn.com/p/f2d44f9c00473cc712dd7572f10001ba.jpg;0;Atkinson et al. (2008) – tidak mengandung karbohidrat;partial→ikan;Tidak signifikan (non-karbohidrat)
Pelecing kangkung;969;75;2.5;2.8;10;5.4;36;3;2.1;225;381;0.1;0.4;0;60;0;0.555;0;0.2;12;100;https://awsimages.detik.net.id/community/media/visual/2021/11/30/resep-plecing-kangkung-khas-lombok_43.jpeg?w=1200;15;Waspadji et al. (2003);partial→kangkung;Rendah
Pelepah manuk masakan;970;219;19.7;13.6;4.4;1.1;62;80;2;10;68;0.1;0.2;0;0;0;0.1;0.02;0.1;0;100;https://cdn2.tstatic.net/tribunnewswiki/foto/bank/images/Ilustrasi-pelepah-manuk-khas-NTT2.jpg;55;Tidak ditemukan dalam literatur – perlu pengisian manual;not_found;Sedang
Pempek adaan;971;162;4.9;3;27.8;1.1;62;80;2;10;68;0.1;0.2;0;0;0;0.1;0.02;0.1;0;100;https://asset.kompas.com/crops/ZCo2_DcJAXGslXbYIM3Zv4nCzsA=/0x41:1000x708/750x500/data/photo/2021/03/01/603c1e79dd9d3.jpg;55;Tidak ditemukan dalam literatur – perlu pengisian manual;not_found;Sedang
Pempek belida;972;156;4.2;1.4;31.6;1.1;62;80;2;10;68;0.1;0.2;0;0;0;0.1;0.02;0.1;0;100;https://storage.hpaindonesia.net:8215/assets/71fe72e0c41bc168b875616e063f59fe/a5ef8b002a65c712f64b2d7df37c80c5.jpg;55;Tidak ditemukan dalam literatur – perlu pengisian manual;not_found;Sedang
Pempek kapal selam;973;152;4.5;2.3;28.2;1.1;62;80;2;10;68;0.1;0.2;0;0;0;0.1;0.02;0.1;0;100;https://blog.duniamasak.com/wp-content/uploads/image2-1024x1024.jpeg;55;Tidak ditemukan dalam literatur – perlu pengisian manual;not_found;Sedang
Pempek kelesan;974;211;12.3;6.1;26.6;1.1;62;80;2;10;68;0.1;0.2;0;0;0;0.1;0.02;0.1;0;100;https://assets.ayobandung.com/crop/0x0:0x0/750x500/webp/photo/halloseleb/2020/11/Pempek-1.png;55;Tidak ditemukan dalam literatur – perlu pengisian manual;not_found;Sedang
Pempek kulit;975;243;5.2;7.3;39.1;1.1;62;80;2;10;68;0.1;0.2;0;0;0;0.1;0.02;0.1;0;100;https://img.kurio.network/qccsgXHXu9eyYhL6WTN-KoaY8xE=/1200x1200/filters:quality(80)/https://kurio-img.kurioapps.com/20/06/05/40ff5973-31a7-407f-be12-b3d3af335023.jpg;55;Tidak ditemukan dalam literatur – perlu pengisian manual;not_found;Sedang
Pempek tenggiri;976;173;7.2;1.2;33.4;1.1;62;80;2;10;68;0.1;0.2;0;0;0;0.1;0.02;0.1;0;100;https://s0.bukalapak.com/uploads/content_attachment/fd3107d582c4f80e5448ada5/original/foto_utama_pempek_2.jpg;55;Tidak ditemukan dalam literatur – perlu pengisian manual;not_found;Sedang
Pencok lele masakan;977;372;7.8;36.3;3.5;0;289;295;5.3;0;0;0;0;0;0;0;0.12;0;0;0;100;https://img-global.cpcdn.com/recipes/385569312441e99f/680x482cq70/pencok-lele-foto-resep-utama.jpg;0;Atkinson et al. (2008) – tidak mengandung karbohidrat;token(lele)→ikan lele;Tidak signifikan (non-karbohidrat)
Penyu serapah masakan;978;174;13.1;12.2;2.2;0;72;186;8.2;0;507;0.75;2.4;0;0;0;0;0;0;0;100;https://fastly.4sqi.net/img/general/600x600/OCEUQQy60QPea6xF6nBfPDNzanEyT-n5j4BPRiR6IoM.jpg;55;Tidak ditemukan dalam literatur – perlu pengisian manual;not_found;Sedang
Pepare ular segar;979;19;0.6;0.1;3.9;1;20;10;0.4;130;30;0.1;0.1;0;60;0;0.1;0.1;0.1;9;97;https://m.andrafarm.com/_andra_farm/gambar_kelompok/a078.jpg;55;Tidak ditemukan dalam literatur – perlu pengisian manual;not_found;Sedang
Pepaya lodeh;980;275;11.6;11.6;30.2;2.45;20;31;0.6;4;171.2;0.1;0.25;0;9;0;0.1;0.03;0.3;10;100;https://img-global.cpcdn.com/recipes/5355bb65be878c54/680x482cq70/lodeh-pepaya-muda-foto-resep-utama.jpg;55;"Hoerudin (2012); Atkinson et al. (2008)";partial→pepaya;Sedang
Pepaya Muda;981;26;2.1;0.1;4.9;2.45;20;31;0.6;4;171.2;0.1;0.25;0;9;0;0.1;0.03;0.3;10;100;https://static.readers.id/files/images/20230203-60b84fc2b2b72.jpg;55;"Hoerudin (2012); Atkinson et al. (2008)";partial→pepaya;Sedang
Pepaya segar;982;46;0.5;12;12.2;1.6;23;12;1.7;4;221;0;0.3;0;60;278.75;0.04;0.06;0.4;12.5;75;https://melayupedia.com/foto_berita/2021/10/2021-10-29-suka-buah-pepaya-yuk-olah-jadi-minuman-yang-segar.jpeg;55;"Hoerudin (2012); Atkinson et al. (2008)";partial→pepaya;Sedang
Pepea oncom ampas tahu;983;76;5.2;1.8;10.6;2.2;215;66;8.2;0;0;0;0;0;0;268;0.11;0;0;0;100;https://cdn2.tstatic.net/travel/foto/bank/images/pepes-oncom.jpg;15;"Waspadji et al. (2003); Atkinson et al. (2008)";partial→tahu;Rendah
Permen ;984;400;0;0;95;0.3;50;85;2.5;0;0;0;0;0;0;0;0.2;0;0;0;100;https://cdn1-production-images-kly.akamaized.net/7v14RDPh4Yi0jn8yPsIj4cl2YyQ=/1200x900/smart/filters:quality(75):strip_icc():format(jpeg)/kly-media-production/medias/2054451/original/070398300_1522833158-iStock-153502589.jpg;75;Tidak ditemukan dalam literatur – perlu pengisian manual;not_found;Tinggi
Pete Segar;985;142;10.4;2;22;1.1;62;80;2;10;68;0.1;0.2;0;0;0;0.1;0.02;0.1;0;100;https://images.tokopedia.net/img/cache/500-square/VqbcmM/2021/7/28/7234b1e2-2f75-4f28-a167-2b163cfb0484.jpg;55;Tidak ditemukan dalam literatur – perlu pengisian manual;not_found;Sedang
Peterseli;986;50;3.7;1;9;1.1;62;80;2;10;68;0.1;0.2;0;0;0;0.1;0.02;0.1;0;100;https://asset.kompas.com/crops/DMl4MXqzMzZAkHUZZAkeDiehoaw=/0x83:1000x750/750x500/data/photo/2021/08/19/611ddc3ed176e.jpeg;55;Tidak ditemukan dalam literatur – perlu pengisian manual;not_found;Sedang
Petis Ikan;987;161;20;0.2;24;0;37;36;2.8;0;0;0;0;0;0;0;0.01;0.2;0.8;0;100;https://images.tokopedia.net/img/cache/500-square/VqbcmM/2021/8/24/d361f072-450d-4d28-9195-2f6ffd192b85.jpg;0;Atkinson et al. (2008) – tidak mengandung karbohidrat;partial→ikan;Tidak signifikan (non-karbohidrat)
Petis Udang;988;220;15;0.1;40;0;90;204;1.9;131;229.5;0.1;0.7;0;0;0;0.1;0.025;0.25;0;100;https://img-global.cpcdn.com/recipes/9495ed8f8ea95711/680x482cq70/petis-udang-foto-resep-utama.jpg;0;Atkinson et al. (2008) – tidak mengandung karbohidrat;partial→udang;Tidak signifikan (non-karbohidrat)
Petis udang kering;989;345;23.8;1.4;59.3;0;221;397;3.8;0;462.8;0.75;1.9;0;0;232;0.555;0.3;2.2;0;100;https://i0.wp.com/harga.web.id/wp-content/uploads/Petis-Udang-1.jpg?fit=680%2C300&ssl=1;0;Atkinson et al. (2008) – tidak mengandung karbohidrat;partial→udang;Tidak signifikan (non-karbohidrat)
Petis udang pasta;990;220;15;0.9;38;2.3;37;36;2.8;225;307.9;0.5;1.3;0;0;0;0.01;0.13;1.7;0;100;https://cf.shopee.co.id/file/88086a73cd823de9d5e502b27e8ce7f5;0;Atkinson et al. (2008) – tidak mengandung karbohidrat;partial→udang;Tidak signifikan (non-karbohidrat)
Pilus ;991;514;1;27.8;647;1.1;62;80;2;10;68;0.1;0.2;0;0;0;0.1;0.02;0.1;0;100;https://asset.kompas.com/crops/S7g9b7Wq4I4Ut3RoExzI7yd2mL4=/0x0:1000x667/750x500/data/photo/2021/12/10/61b2aa4cbd1f3.jpg;55;Tidak ditemukan dalam literatur – perlu pengisian manual;not_found;Sedang
Pinda masakan;992;107;15.9;0.6;0.4;1.1;62;80;2;10;68;0.1;0.2;0;0;0;0.1;0.02;0.1;0;100;https://cdn.idntimes.com/content-images/post/20200530/2-a6cb06028f22e293879ec7f5cc4a19fd.jpg;55;Tidak ditemukan dalam literatur – perlu pengisian manual;not_found;Sedang
Pindang Ikan Banjar;993;157;28;4.2;0;0;90;204;1.9;131;229.5;0.1;0.7;0;0;0;0.1;0.025;0.25;0;100;https://img-global.cpcdn.com/recipes/14d53b21dadc8a0a/680x482cq70/pindang-patin-urang-banjar-ala-ulun-foto-resep-utama.jpg;0;Atkinson et al. (2008) – tidak mengandung karbohidrat;partial→ikan;Tidak signifikan (non-karbohidrat)
Pindang Ikan Benggol;994;170;31;4.2;0;0;90;204;1.9;131;229.5;0.1;0.7;0;0;0;0.1;0.025;0.25;0;100;https://img-global.cpcdn.com/recipes/c8d60c4a0a1eeb05/680x482cq70/pindang-benggol-bumbu-kecap-mantuuul-foto-resep-utama.jpg;0;Atkinson et al. (2008) – tidak mengandung karbohidrat;partial→ikan;Tidak signifikan (non-karbohidrat)
Pindang Ikan Layang;995;153;30;2.8;0;0;90;204;1.9;131;229.5;0.1;0.7;0;0;0;0.1;0.025;0.25;0;100;https://img-global.cpcdn.com/recipes/d32672cdc5392959/400x400cq70/photo.jpg;0;Atkinson et al. (2008) – tidak mengandung karbohidrat;partial→ikan;Tidak signifikan (non-karbohidrat)
Pindang Ikan Selar Kecil;996;142;27;3;0;0;90;204;1.9;131;229.5;0.1;0.7;0;0;0;0.1;0.025;0.25;0;100;https://img-global.cpcdn.com/recipes/e291e5bf58d67808/680x482cq70/pindang-ikan-selar-foto-resep-utama.jpg;0;Atkinson et al. (2008) – tidak mengandung karbohidrat;partial→ikan;Tidak signifikan (non-karbohidrat)
Pindang kenari masakan;997;124;9.5;9.6;0;0;120;220;1.3;225;270;0.3;1.2;0;60;0;0;0;0.1;0;100;https://lestariweb.com/ResepImages/PindangIkanKenari.jpg;55;Tidak ditemukan dalam literatur – perlu pengisian manual;not_found;Sedang
Pisang Ambon;998;99;1.2;0.2;25.8;2.45;20;31;0.6;4;171.2;0.1;0.25;0;9;0;0.1;0.03;0.3;10;100;https://sibejajo.com/asset/foto_produk/pisang_ambon.jpg;59;Waspadji et al. (2003);exact;Sedang
Pisang angleng (pisang ampyang) segar;999;68;1.3;0.2;17.2;0.8;10;26;0.6;23;215.7;0;0;0;9;76;0.08;0.05;2.5;6;75;https://images.tokopedia.net/img/cache/700/VqbcmM/2022/3/13/917dcae7-a629-441a-80e0-ef57db2d5d86.jpg.webp;59;"Hoerudin (2012); Atkinson et al. (2008)";partial→pisang;Sedang
Pisang ayam segar;1000;120;1.1;0.2;26.8;4.1;20;61;0.4;6;392;0.1;0.3;0;24;0;0.1;0.02;1;12.5;75;https://assets.tokko.io/0feaf09b-2761-465e-98df-a8ae8e3d0837/products/images/9239a74b-b3ba-43b0-8368-88ae7940ff5e;59;"Hoerudin (2012); Atkinson et al. (2008)";partial→pisang;Sedang
Pisang gapi segar ;1001;127;2.1;0.3;31.1;6.75;58;40;0.3;6;392;0.1;0.3;0;13;0;0.18;0.02;0.3;12.5;75;https://img.mbizmarket.co.id/products/thumbs/800x800/2023/01/20/befd74e59c6a52a52770d9f79cfd83e5.jpg;59;"Hoerudin (2012); Atkinson et al. (2008)";partial→pisang;Sedang
Pisang Goreng ;1002;220;2.3;2.3;6.3;2.45;20;31;0.6;4;171.2;0.1;0.25;0;9;0;0.1;0.03;0.3;10;100;https://awsimages.detik.net.id/community/media/visual/2022/06/28/resep-pisang-goreng-keriting_43.jpeg?w=1200;59;"Hoerudin (2012); Atkinson et al. (2008)";partial→pisang;Sedang
Pisang goroho segar;1003;115;1.9;0.2;27.9;4.6;2;30;0.2;36;359;0.1;0.3;0;11;0;0.15;0.02;1.1;10;75;https://cf.shopee.co.id/file/c7e52955f5ce99a5e9b08f9415d26813;59;"Hoerudin (2012); Atkinson et al. (2008)";partial→pisang;Sedang
Pisang hijau segar;1004;117;2;0.3;28.9;0.4;9;37;0.9;31;529.4;0.3;0.6;0;48;278.75;0.13;0.06;0;12.5;72;https://riaureview.com/assets/berita/original/84297374449-pisang_hiaju.jpg;59;"Hoerudin (2012); Atkinson et al. (2008)";partial→pisang;Sedang
Pisang kayu segar;1005;100;1.4;0.5;23.6;2.6;15;0;0.1;1;493;0.1;0.3;0;3;0;0.1;0;0.6;11;75;https://images.tokopedia.net/img/cache/500-square/VqbcmM/2021/8/10/869aef02-92ce-44ce-acc0-01ab37f8af93.jpg;59;"Hoerudin (2012); Atkinson et al. (2008)";partial→pisang;Sedang
Pisang kepok segar;1006;109;0.8;0.5;26.3;5.7;10;30;0.5;10;300;0.1;0.2;0;0;0;0.1;0;0.1;9;75;https://img.okezone.com/content/2013/09/10/299/863930/lWNmq1egxS.jpg;59;"Hoerudin (2012); Atkinson et al. (2008)";partial→pisang;Sedang
Pisang ketip segar;1007;145;1.1;0.3;34.5;6.6;5;54;0.1;4;726;0.2;0.5;0;3;0;0.13;0.02;0.8;12.5;75;https://siplah-oss.tokoladang.co.id/merchant/14629/product/Se7OPSmd9MOoEDAanTZ1AHI66EJfLxZxCi39Jzh9.jpg;59;"Hoerudin (2012); Atkinson et al. (2008)";partial→pisang;Sedang
Pisang kidang segar;1008;96;1;0.2;22.5;0.6;87;173;0.6;6;418.8;0.2;0.5;0;38;58;0.04;0.1;0.9;2;70;https://s3.theasianparent.com/cdn-cgi/image/width=450,quality=90/tap-assets-prod/wp-content/uploads/sites/24/2023/01/Pisang-Genderuwo.jpg;59;"Hoerudin (2012); Atkinson et al. (2008)";partial→pisang;Sedang
Pisang Lampung;1009;99;1.3;0.2;25.6;2.45;20;31;0.6;4;171.2;0.1;0.25;0;9;0;0.1;0.03;0.3;10;100;https://amantasegar.com/wp-content/uploads/2022/03/pisang-lampung-web.jpg;59;"Hoerudin (2012); Atkinson et al. (2008)";partial→pisang;Sedang
Pisang Mas;1010;127;1.4;0.2;33.6;2.45;20;31;0.6;4;171.2;0.1;0.25;0;9;0;0.1;0.03;0.3;10;100;https://rumahbuah.com/wp-content/uploads/2015/03/Rumbu_-Pisang02.jpg;59;"Hoerudin (2012); Atkinson et al. (2008)";partial→pisang;Sedang
Pisang mas bali;1011;127;1.4;0.2;31.8;2.45;20;31;0.6;4;171.2;0.1;0.25;0;9;0;0.1;0.03;0.3;10;100;https://siplahtelkom.com/public/products/124427/3079678/images-48-.1637576152.jpeg;59;"Hoerudin (2012); Atkinson et al. (2008)";partial→pisang;Sedang
Pisang Oli;1012;134;1.1;0.5;35.5;2.45;20;31;0.6;4;171.2;0.1;0.25;0;9;0;0.1;0.03;0.3;10;100;https://i0.wp.com/udfauzi.com/wp-content/uploads/2020/06/Pisang-Uli-Adalah.jpg?resize=700%2C525&ssl=1;59;"Hoerudin (2012); Atkinson et al. (2008)";partial→pisang;Sedang
Pisang Raja;1013;120;1.2;0.2;31.8;2.45;20;31;0.6;4;171.2;0.1;0.25;0;9;0;0.1;0.03;0.3;10;100;https://asset.kompas.com/crops/cmVXFlilJIrGxAFHn0-5Fu3b43M=/0x141:1000x807/750x500/data/photo/2022/07/21/62d9015c28bcd.jpg;59;"Hoerudin (2012); Atkinson et al. (2008)";partial→pisang;Sedang
Pisang Raja Sere (Susu);1014;118;1.2;0.2;31.1;2.45;20;31;0.6;4;171.2;0.1;0.25;0;9;0;0.1;0.03;0.3;10;100;https://images.tokopedia.net/img/cache/500-square/VqbcmM/2021/7/29/954a86e6-5179-4814-8d3e-de1c75f9b198.jpg;59;"Hoerudin (2012); Atkinson et al. (2008)";partial→pisang;Sedang
Pisang rotan segar;1015;98;1.3;1.2;20.5;1;17;51;1.1;24;406.9;0.2;0.5;0;37;278.75;0.01;0.1;0.9;2;56;https://suriahelanglui.com/wp-content/uploads/2012/09/PisangLidi1-1.jpg;59;"Hoerudin (2012); Atkinson et al. (2008)";partial→pisang;Sedang
Pisang Siam goreng;1016;625;1;0;8.1;2.45;20;31;0.6;4;171.2;0.1;0.25;0;9;0;0.1;0.03;0.3;10;100;https://asset-a.grid.id/crop/0x0:0x0/700x465/photo/2022/12/05/pisang-gorengjpg-20221205080417.jpg;59;"Hoerudin (2012); Atkinson et al. (2008)";partial→pisang;Sedang
Pisang talas segar;1017;113;1.2;0.2;26.7;4.4;22;22;0.6;29;48;0.3;0.1;0;60;0;0.12;0.03;1;9;75;https://s3.bukalapak.com/img/874746887/large/Pisang_Talas.jpeg;55;Trinidad et al. (2010);partial→talas;Sedang
Prey (bawang daun);1018;45;2.2;0.3;10.3;1.1;62;80;2;10;68;0.1;0.2;0;0;0;0.1;0.02;0.1;0;100;https://asset.kompas.com/crops/u8jpueVME4sJk32KP-0Rnjg9o1I=/479x0:1500x681/750x500/data/photo/2022/05/07/6275586c1ce7d.jpg;15;Tidak ditemukan dalam literatur – perlu pengisian manual;not_found;Rendah
Pucuk lumai/daun leunca segar;1019;33;4.5;0.4;2.8;0;13;75;2.9;2;0;0.2;0.6;0;0;0;0.5;0.1;0;12.5;70;https://images.tokopedia.net/img/cache/700/VqbcmM/2021/12/30/c6442594-cf5f-4230-9c69-3736724953da.jpg;15;Tidak ditemukan dalam literatur – perlu pengisian manual;not_found;Rendah
Pulut;1020;216;2.6;3.1;44.4;0;6;70;3.8;100;22;0.4;1.3;0;0;0;0.14;0;0;0;100;https://assets.tmecosys.com/image/upload/t_web767x639/img/recipe/ras/Assets/B407551B-198D-472D-B9D8-4F11D6C1AE25/Derivates/91E2E036-AF80-4A24-91FF-EE9631211E26.jpg;55;Tidak ditemukan dalam literatur – perlu pengisian manual;not_found;Sedang
Punai daging goreng;1021;224;26.2;11.3;4.4;0;337.5;362;3.1;2;19;0.3;1.6;0;0;0;0;0;0;0;100;https://img.okezone.com/content/2012/12/06/488/728478/4GJoElzYrO.jpg;0;Atkinson et al. (2008) – tidak mengandung karbohidrat;token(daging)→daging sapi;Tidak signifikan (non-karbohidrat)
Pundut nasi;1022;104;1.9;4.1;15.1;0.4;26;100;1.5;74;174;0;0;0;0;0;0;0;0;0;100;https://img-global.cpcdn.com/recipes/bd0db074266f1019/1200x630cq70/photo.jpg;72;"Atkinson et al. (2008); Waspadji et al. (2003)";token(nasi)→nasi putih;Tinggi
Purundawa;1023;25;1.5;0.5;3.6;1.7;147;39;0;225;201;0.1;0.6;0;55;0;0.1;0.1;3.5;2;100;https://drive.google.com/file/d/1LZOGoU3M3XcPbU5_HaAZ26ybCTbiTXpT/view?usp=sharing;55;Tidak ditemukan dalam literatur – perlu pengisian manual;not_found;Sedang
Purut segar;1024;76;4.1;1.1;15.2;1.7;30;76;0.6;10;285.2;0;0;0;27;93;0.01;0.11;0;0;34;https://upload.wikimedia.org/wikipedia/commons/thumb/5/50/Citrus_hystrix_dsc07772.jpg/250px-Citrus_hystrix_dsc07772.jpg;55;Tidak ditemukan dalam literatur – perlu pengisian manual;not_found;Sedang
Putri malu segar;1025;76;3.6;0.3;14.6;6.75;119;84;3.3;1;631;0.6;1.4;0;60;0;0.555;0.3;0;6;100;https://cdns.klimg.com/merdeka.com/i/w/news/2021/03/02/1280218/content_images/670x335/20210302115027-1-putri-malu-001-andre-kurniawan.jpg;55;Tidak ditemukan dalam literatur – perlu pengisian manual;not_found;Sedang
Putri selat;1026;163;2.2;6.5;23.8;0;72;3;4;6;68;0;0;0;0;0;0;0;0;0;100;https://asset-a.grid.id/crop/0x0:0x0/700x465/photo/2020/09/16/2138675327.jpg;55;Tidak ditemukan dalam literatur – perlu pengisian manual;not_found;Sedang
Putu Mayang ;1027;200;1;2.4;43.8;1.1;62;80;2;10;68;0.1;0.2;0;0;0;0.1;0.02;0.1;0;100;https://awsimages.detik.net.id/community/media/visual/2022/05/12/resep-putu-mayang-betawi_43.jpeg?w=1200;55;Tidak ditemukan dalam literatur – perlu pengisian manual;not_found;Sedang
Ragi;1028;136;43;2.4;3;1.1;62;80;2;10;68;0.1;0.2;0;0;0;0.1;0.02;0.1;0;100;https://image-cdn.medkomtek.com/UTbN3ow8_SyXb7gEP0usBxi_2bU=/640x640/smart/klikdokter-media-buckets/medias/2327323/original/051193900_1637037632-Manfaat_Konsumsi_Millet_Finger_atau_Ragi_untuk_Ibu_Hamil.jpg;55;Tidak ditemukan dalam literatur – perlu pengisian manual;not_found;Sedang
Rajungan segar;1029;76;12.1;2;2.4;0;337.5;214;2.2;69;192;0.75;2.5;0;40;0;0.2;0.25;0.2;0;100;https://upload.wikimedia.org/wikipedia/commons/thumb/9/97/Portunus_sanguinolentus.jpg/1200px-Portunus_sanguinolentus.jpg;55;Tidak ditemukan dalam literatur – perlu pengisian manual;not_found;Sedang
Rambutan;1030;69;0.9;0.1;18.1;1.1;62;80;2;10;68;0.1;0.2;0;0;0;0.1;0.02;0.1;0;100;https://www.homegrown.in/upload/product/big1193470275.jpg;55;Waspadji et al. (2003);exact;Sedang
Rambutan Aceh;1031;11;0;0;2.7;1.1;62;80;2;10;68;0.1;0.2;0;0;0;0.1;0.02;0.1;0;100;https://lzd-img-global.slatic.net/3rd/q/aHR0cHM6Ly9lY3M3LnRva29wZWRpYS5uZXQvaW1nL2NhY2hlLzcwMC9wcm9kdWN0LTEvMjAxOS84LzE0LzQ2NjQ4NDAvNDY2NDg0MF9lZDU0NThmOS02ODU2LTRkMjAtYWQzMC00ZWJjMjBkODMzZWIuanBn_720x720q80.png_.webp;55;Waspadji et al. (2003);partial→rambutan;Sedang
Rambutan binjai segar;1032;76;0.5;0.2;18;3.8;15;22;1.2;22;120;0.2;0.2;0;0;0;0.19;0.01;0.4;12.5;40;https://images.tokopedia.net/img/cache/700/product-1/2019/11/17/80554416/80554416_20e30e21-1b24-4335-bca5-4a1383855b2c_624_465.jpg;55;Waspadji et al. (2003);partial→rambutan;Sedang
Rambutan sinyonya;1033;4;0;0;0.9;1.1;62;80;2;10;68;0.1;0.2;0;0;0;0.1;0.02;0.1;0;100;https://cf.shopee.co.id/file/9dc60c5410cf225b15e15b260ebb9fdc;55;Waspadji et al. (2003);partial→rambutan;Sedang
Rarawuan ;1034;295;7.3;8.5;47.5;1.1;62;80;2;10;68;0.1;0.2;0;0;0;0.1;0.02;0.1;0;100;https://1.bp.blogspot.com/-0ER95zwTjoo/YOHlYJOtQCI/AAAAAAAAgJ0/d2OeMsWXfuAm2YimGXpKX5OVJqYEqoXpwCLcBGAsYHQ/s1352/209813966_330785408583521_6848659010339177574_n.jpg;55;Tidak ditemukan dalam literatur – perlu pengisian manual;not_found;Sedang
Rasbi (Beras Ubi);1035;394;2.2;8.8;76.6;6.75;68;76;1.6;165;388;0.4;0.4;0;0;0;0.02;0.3;1.2;0;100;https://warisanbudaya.kemdikbud.go.id/dashboard/media/photos/1613027332-tetap-5.jpg;65;Tidak ditemukan dalam literatur – perlu pengisian manual;not_found;Sedang
Rasi (Beras Singkong);1036;350;0.9;0.4;85.7;6.75;42;21;1.5;8;14;0.3;0.5;0;0;0;0.02;0.02;0.4;0;100;https://warisanbudaya.kemdikbud.go.id/dashboard/media/photos/1613027332-tetap-5.jpg;75;Atkinson et al. (2008);partial→singkong;Tinggi
Rawon masakan;1037;60;5.4;2.5;4;0;272;153;3.3;0;0;0;0;0;0;278.75;0.09;0;0;0;100;https://www.masakapahariini.com/wp-content/uploads/2018/04/resep-rawon-daging-500x300.jpg;55;Tidak ditemukan dalam literatur – perlu pengisian manual;not_found;Sedang
Rebon (udang kecil segar);1038;81;16.2;1.2;0.7;0;90;204;1.9;131;229.5;0.1;0.7;0;0;0;0.1;0.025;0.25;0;100;https://images.tokopedia.net/img/cache/500-square/VqbcmM/2021/3/15/971bdefe-2f12-4fe0-bac8-46821b86f6c0.jpg;0;Atkinson et al. (2008) – tidak mengandung karbohidrat;partial→udang;Tidak signifikan (non-karbohidrat)
Rebon kering;1039;299;29.4;3.6;3.2;1.1;62;80;2;10;68;0.1;0.2;0;0;0;0.1;0.02;0.1;0;100;https://images.tokopedia.net/img/cache/500-square/VqbcmM/2021/8/13/d25ccc26-81c6-414e-9210-b7b5a5903789.jpg;55;Tidak ditemukan dalam literatur – perlu pengisian manual;not_found;Sedang
Rebon udang kecil segar;1040;81;16.2;1.2;0.7;0;337.5;292;2.2;169;202.9;0.7;1.2;0;0;0;0.04;0.1;2.4;0;100;https://agrozine.id/wp-content/uploads/2022/07/Udang-Rebon.jpg;0;Atkinson et al. (2008) – tidak mengandung karbohidrat;partial→udang;Tidak signifikan (non-karbohidrat)
Rebung;1041;27;0.6;0.3;5.2;1.1;62;80;2;10;68;0.1;0.2;0;0;0;0.1;0.02;0.1;0;100;https://cdn1-production-images-kly.akamaized.net/VdkaPQZ7BOhsrzOWdXKVwhjeaYY=/1200x900/smart/filters:quality(75):strip_icc():format(jpeg)/kly-media-production/medias/1740001/original/057180700_1508071681-Sederet-Manfaat-Rebung-untuk-Kesehatan.jpg;55;Tidak ditemukan dalam literatur – perlu pengisian manual;not_found;Sedang
Rebung laut mentah;1042;320;7.2;4.2;63.3;0;240;440;6.6;20;775;0.75;2.5;0;0;0;0;0;3.5;0;100;https://drive.google.com/file/d/1LZOGoU3M3XcPbU5_HaAZ26ybCTbiTXpT/view?usp=sharing;0;Atkinson et al. (2008) – tidak mengandung karbohidrat;token(laut)→ikan laut;Tidak signifikan (non-karbohidrat)
Rempeyek kacang tolo;1043;451;11.2;20.2;59.7;1.8;156;221;4.6;0;0;0;0;0;0;0;0.02;0;0;0;100;https://img-global.cpcdn.com/recipes/48ce62ec9bac2146/1200x630cq70/photo.jpg;15;Atkinson et al. (2008);partial→kacang;Rendah
Rempeyek kacang uci;1044;497;17;27.6;50.8;2.4;166;89;6.7;0;0;0;0;0;0;0;0.05;0;0;0;100;https://img-global.cpcdn.com/recipes/a6f9e4ebc75b128d/680x482cq70/rempeyek-kacang-tanah-foto-resep-utama.jpg;15;Atkinson et al. (2008);partial→kacang;Rendah
Rendang sapi masakan;1045;193;22.6;7.9;7.8;0;337.5;211;8.2;0;0;0;0;0;0;278.75;0.12;0;0;0;100;https://asset.kompas.com/crops/HDe5rLDP0dEOLb6MC_UPvRTwFg8=/0x141:500x474/750x500/data/photo/2021/05/11/609a08809259f.jpg;31;Atkinson et al. (2008);token(sapi)→susu sapi;Rendah
Renggi goreng;1046;471;4.7;21.8;64.1;6.4;4;80;1.1;126;29;0.75;1.3;0;0;0;0.53;0.05;3.5;0;100;https://cdn.idntimes.com/content-images/community/2019/05/rengginang-manis-768x509-a83023517a0077a930f4f7d1c113f41d.jpg;76;Atkinson et al. (2008);token(goreng)→nasi goreng;Tinggi
Rimbang segar;1047;75;1.6;0.6;15.8;6.75;55;97;0.6;20;234;0.4;0.4;0;51;0;0.4;0.1;1.3;12.5;95;https://m.andrafarm.com/_andra_farm/gambar_kelompok/a158-4.jpg;55;Tidak ditemukan dalam literatur – perlu pengisian manual;not_found;Sedang
Risoles ;1048;335;5.3;3.5;70.5;1.1;62;80;2;10;68;0.1;0.2;0;0;0;0.1;0.02;0.1;0;100;https://rasabunda.com/wp-content/uploads/2021/08/Risoles-Ragout.jpg;55;Tidak ditemukan dalam literatur – perlu pengisian manual;not_found;Sedang
Roti boong;1049;341;5.5;16.2;43.3;0;15;65;1.1;161;41;0;0.9;0;0;0;0.4;0.3;2.4;0;100;https://img-global.cpcdn.com/recipes/cee92d5a548ee3d5/680x482cq70/kue-bohongroti-goreng-empuk-dan-menul-foto-resep-utama.jpg;71;Atkinson et al. (2008);partial→roti;Tinggi
Roti Gambang ;1050;350;7.5;2;75.5;2;30;68;1.5;10;70;0.1;0.5;0;0;0;0.1;0.04;0.6;0;100;https://cdn0-production-images-kly.akamaized.net/TR6XRCpau_4ik-E3GDzTng6DDnU=/0x300:4496x2834/1200x675/filters:quality(75):strip_icc():format(webp)/kly-media-production/medias/3573373/original/099205200_1631765412-shutterstock_1786072643.jpg;71;Atkinson et al. (2008);partial→roti;Tinggi
Roti Putih;1051;248;8;1.2;50;6.75;10;95;1.5;225;91;0.15;0.9;0;0;0;0.1;0.29;2.4;0;100;https://www.yesdok.com/visual/slideshow/slices-bread-white-background-article-1625550183.jpg?w=1200;71;Atkinson et al. (2008);partial→roti;Tinggi
Roti warna sawo matang;1052;249;7.9;1.5;49.7;0;20;140;2.5;225;91;0;0;0;0;0;0.15;0;0;0;100;https://asset.kompas.com/crops/LQ98lafgoMzcrz1TSTfIdGjBw2A=/0x0:1000x667/1200x800/data/photo/2020/08/24/5f4349a0dd479.jpg;71;Atkinson et al. (2008);partial→roti;Tinggi
Rujak cingur;1053;153;11.3;8.4;8;1.4;256;143;4.4;0;0;0;0;0;0;278.75;0.16;0;0;2;100;https://lingkar.news/wp-content/uploads/2023/03/Resep-Rujak-Cingur-Makanan-Tradisional-Khas-Surabaya.jpg;55;Tidak ditemukan dalam literatur – perlu pengisian manual;not_found;Sedang
Rumput laut;1054;41;1.4;0.3;8.1;2.2;80;20;1.6;225;380;0.2;0.4;0;60;0;0.2;0;0.1;7;100;https://cdn.infobrand.id/images/img/posts/2019/07/11/pemerintah-sebut-rumput-laut-potensial-jadi-lumbung-rupiah.jpg;0;Atkinson et al. (2008) – tidak mengandung karbohidrat;token(laut)→ikan laut;Tidak signifikan (non-karbohidrat)
Rusa daging dendeng mentah;1055;536;40.5;41.5;0;0;90;420;8.2;130;690;0.3;2.5;0;0;0;0;0;0.2;0;100;https://images.tokopedia.net/img/cache/250-square/VqbcmM/2022/5/21/4b8937f9-6431-46ec-9d95-d633aa52371f.jpg;0;Atkinson et al. (2008) – tidak mengandung karbohidrat;token(daging)→daging sapi;Tidak signifikan (non-karbohidrat)
Rusip;1056;110;11.5;2;11.7;0;337.5;348;7.1;0;0;0;0;0;0;0;0.04;0;0;0;100;https://indonesiakaya.com/wp-content/uploads/2020/10/1__Sambal_rusip_merupakan_sambal_khas_masyarakat_Bangka_yang_terbuat_dari_ikan_teri_edit.jpg;55;Tidak ditemukan dalam literatur – perlu pengisian manual;not_found;Sedang
RW anjing masakan;1057;198;24.6;10.7;0.9;0;337.5;440;4;225;226;0.1;2.5;0;0;0;0.35;0.2;0;0;100;https://akcdn.detik.net.id/customthumb/2014/08/13/297/daginganjingtorajadalam.jpg?w=700&q=90;55;Tidak ditemukan dalam literatur – perlu pengisian manual;not_found;Sedang
Saga biji tanpa kulit;1058;449;30.6;25.5;31.9;1.1;62;80;2;10;68;0.1;0.2;0;0;0;0.1;0.02;0.1;0;100;https://id-live-01.slatic.net/p/cce66ff1a785cd7308e286e0e821fbdc.jpg;19;Nainggolan & Adimunca (2005) dalam Arif et al. (2013);token(biji)→jambu biji;Rendah
Sagu Ambon ;1059;338;0.6;0.3;83.1;1.1;62;80;2;10;68;0.1;0.2;0;0;0;0.1;0.02;0.1;0;100;https://akcdn.detik.net.id/community/media/visual/2019/05/23/5d8019b4-a99b-4aea-a6e1-96be21f8e194_43.jpeg?w=250&q=;70;Haliza et al. (2006) dalam Arif et al. (2013);partial→sagu;Sedang
Sagu aren kering;1060;355;0.6;1.1;85.6;0.3;91;167;2.2;2;200;0;0.3;0;0;0;0.04;0.1;0.5;0;100;https://img-global.cpcdn.com/recipes/66e50eace9b95af6/1200x630cq70/photo.jpg;70;Haliza et al. (2006) dalam Arif et al. (2013);partial→sagu;Sedang
Sagu aren segar;1061;231;0.6;0.2;56.6;3.2;20;20;0.1;7;0;0.1;0.1;0;0;0;0.2;0;0;0;100;https://images.tokopedia.net/img/cache/700/VqbcmM/2020/10/22/d501ae3a-e756-4b85-b5bc-a3c84b245ba3.jpg;70;Haliza et al. (2006) dalam Arif et al. (2013);partial→sagu;Sedang
Sagu forno;1062;291;0.5;4;63.4;0;10;20;0.8;40;50;0.1;0.2;0;0;0;0;0;0;0;100;https://awsimages.detik.net.id/community/media/visual/2021/06/25/sagu-porno_43.jpeg?w=650&q=80;70;Haliza et al. (2006) dalam Arif et al. (2013);partial→sagu;Sedang
Sagu kasbi segar;1063;230;0.6;0.2;56.5;3;20;1;0.3;100;410;0.1;0.2;0;0;0;0.1;0;0;0;100;https://encrypted-tbn0.gstatic.com/images?q=tbn:ANd9GcQbsLHiihaXfZjagnPqP8L6DS6A5W_nZ9HKXiY1vuybeGq-i8-9VVYLUs-3VivtsQE7ZQc&usqp=CAU;70;Haliza et al. (2006) dalam Arif et al. (2013);partial→sagu;Sedang
Sagu Lemak (Kue Sagon);1064;452;2.8;14.8;76.8;1.1;15;39;1.1;182;52.7;0.04;0.8;0;60;0;0.32;0.04;0.1;0;100;https://images.tokopedia.net/img/cache/700/VqbcmM/2021/3/5/d8ba35a9-c0a0-4194-9bf0-ec93071792cc.jpg;70;Haliza et al. (2006) dalam Arif et al. (2013);partial→sagu;Sedang
Sagu lempeng;1065;347;0.9;0.3;85.2;4.7;30;30;0.2;11;0;0.1;0.1;0;0;0;0.3;0;0;0;100;https://cdn2.tstatic.net/tribunnewswiki/foto/bank/images/sagu-lempengan.jpg;70;Haliza et al. (2006) dalam Arif et al. (2013);partial→sagu;Sedang
Sagu Rendang;1066;364;0.1;0.2;90.5;1.9;13;9;3.9;42;15.1;0.1;0.1;0;0;0;0.02;0.3;0.8;0;100;https://img-global.cpcdn.com/recipes/52dbe680ea623036/1200x630cq70/photo.jpg;70;Haliza et al. (2006) dalam Arif et al. (2013);partial→sagu;Sedang
Sagu singkong kering;1067;362;0.5;0.3;86.9;0;0;0;0;0;0;0;0;0;0;0;0;0;0;0;100;https://cf.shopee.co.id/file/7fac4b96fb9f443f661cba672244588d;75;Atkinson et al. (2008);partial→singkong;Tinggi
Sagu sinole;1068;354;0.8;8.3;68.9;0;10;30;0.8;30;11;0.2;0.3;0;0;0;0;0;0;0;100;https://img-global.cpcdn.com/recipes/9051c1a3e2650c22/680x482cq70/kue-kering-sagu-keju-simple-dan-enak-foto-resep-utama.jpg;70;Haliza et al. (2006) dalam Arif et al. (2013);partial→sagu;Sedang
Salak bali segar;1069;57;0.5;0.1;13.6;1.3;94;25;2.1;0;0;0.1;0.2;0;3;37;0;0;0;0;93;https://www.static-src.com/wcsstore/Indraprastha/images/catalog/full//103/MTA-57912637/no-brand_salak-bali-gula-pasir-asli-manis-segar-1-kg_full01.jpg;35;Waspadji et al. (2003);partial→salak;Rendah
Salak medan segar;1070;55;0.4;0.2;12.8;3.2;6;46;0.5;39;113;0.2;0.3;0;4;0;0.04;0.03;0;12.5;93;https://s4.bukalapak.com/img/9684256368/large/data.png;35;Waspadji et al. (2003);partial→salak;Rendah
Salak pondoh segar;1071;87;0.8;0.4;20.1;0;38;31;3.9;0;0;0.1;0.2;0;0;40;0;0.12;0.1;8;59;https://images.tokopedia.net/img/cache/500-square/product-1/2019/12/15/4224508/4224508_f3dc890d-8d6d-4f5d-a6fe-cc43fe6e8567_1064_1064.jpg;35;Waspadji et al. (2003);partial→salak;Rendah
Sale pisang siam;1072;281;2.4;0.7;66.1;1;41;64;1.2;0;0;0;0;0;0;272;0.1;0;0;0;100;https://t-2.tstatic.net/priangan/foto/bank/images/Ilustrasi-sale-pisang-dari-Trenggalek.jpg;59;"Hoerudin (2012); Atkinson et al. (2008)";partial→pisang;Sedang
Santan (dengan air);1073;122;2;10;7.6;1.4;25;30;0.1;9;162.4;0.2;0.4;0;0;0;0;0;0.5;2;100;https://res.cloudinary.com/dk0z4ums3/image/upload/v1604041366/attached_image/tak-berbahaya-kenali-manfaat-santan-lebih-dekat.jpg;55;Tidak ditemukan dalam literatur – perlu pengisian manual;not_found;Sedang
Santan (kelapa saja);1074;324;4.2;34.3;55.6;1.1;62;80;2;10;68;0.1;0.2;0;0;0;0.1;0.02;0.1;0;100;https://www.rumahmesin.com/wp-content/uploads/2016/11/ngalor-ngidul-menyoal-santan-kelapa-1024x538.jpg;55;Tidak ditemukan dalam literatur – perlu pengisian manual;not_found;Sedang
Santan murni;1075;324;4.2;34.3;5.6;0;14;45;1.9;18;514.1;0.4;0.9;0;0;0;0;0;0.5;2;100;https://asset.kompas.com/crops/eNIewogp_GV7CahqIvslrYZh4XY=/0x39:1000x706/750x500/data/photo/2020/04/29/5ea93a05011e9.jpg;55;Tidak ditemukan dalam literatur – perlu pengisian manual;not_found;Sedang
Saos Tomat;1076;98;2;0.4;24.5;0.9;12;18;0.8;225;129.6;0.18;0.3;0;60;278.75;0.09;0.06;1.7;11;100;https://static.sehatq.com/content/review/image/1644897313.png;38;Waspadji et al. (2003);partial→tomat;Rendah
Sapi abon;1077;212;18;10.6;59.3;6.75;150;209;8.2;0;0;0;0;0;60;138;0.17;0;0;0;100;https://cdn0-production-images-kly.akamaized.net/fqIGhZT1Z1Zu36S_0_xZCoJSI5A=/1200x900/smart/filters:quality(75):strip_icc():format(jpeg)/kly-media-production/medias/3980335/original/086906600_1648695608-Abon_Sapi_Premium.jpg;31;Atkinson et al. (2008);token(sapi)→susu sapi;Rendah
Sapi babat segar;1078;108;17.6;4.2;0;0;12;144;1;147;101.4;0.11;2.2;0;49;0;0.15;0.17;1.7;0;100;https://images.tokopedia.net/img/cache/500-square/VqbcmM/2021/3/10/5802bb88-dd3a-42b8-9d4e-f03f46fcf8a3.jpg;31;Atkinson et al. (2008);token(sapi)→susu sapi;Rendah
Sapi daging asap;1079;182;32;6;0;0;15;300;5;225;485.4;0.03;2.5;0;0;0;0.12;0.23;3.5;0;100;https://asset.kompas.com/crops/FMBgpWLQutfbdsgz0ZytI8a9JKo=/0x542:1080x1262/750x500/data/photo/2022/03/22/6239b98488b17.jpg;31;Atkinson et al. (2008);token(sapi)→susu sapi;Rendah
Sapi daging dendeng mentah;1080;301;55;9;0;0;30;370;5.1;0;0;0;0;0;0;0;0.1;0;0;0;100;https://cdns.diadona.id/diadona.id/resized/640x320/news/2020/04/27/9731/664xauto-cara-membuat-dendeng-sapi-yang-dijemur-kering-basah-kelapa-balado-dan-manis-200427a.jpg;31;Atkinson et al. (2008);token(sapi)→susu sapi;Rendah
Sapi daging gemuk segar;1081;273;17.5;22;0;0;10;150;2.6;93;267;0.17;2.5;0;0;0;0.08;0.18;3.5;0;100;https://cdn1-production-images-kly.akamaized.net/lA6qLu1irMjT2OPAYtqnW-nvIfQ=/640x360/smart/filters:quality(75):strip_icc():format(jpeg)/kly-media-production/medias/3133148/original/027517900_1589942784-Raw_Fresh_Meat_With_Rosemary.jpg;31;Atkinson et al. (2008);token(sapi)→susu sapi;Rendah
Sapi daging kornet;1082;289;16;25;0;0;10;170;4;225;94.4;0.07;2.5;0;52;0;0.01;0.16;2.7;0;100;https://s4.bukalapak.com/attachment/418432/pengertian_kornet_main_image.jpg;31;Atkinson et al. (2008);token(sapi)→susu sapi;Rendah
Sapi daging kurus segar;1083;174;19.6;10;0;0;11;181;2.9;83;489;0.07;2.5;0;60;0;0.07;0.3;1.2;0;100;https://cdn1-production-images-kly.akamaized.net/lA6qLu1irMjT2OPAYtqnW-nvIfQ=/640x360/smart/filters:quality(75):strip_icc():format(jpeg)/kly-media-production/medias/3133148/original/027517900_1589942784-Raw_Fresh_Meat_With_Rosemary.jpg;31;Atkinson et al. (2008);token(sapi)→susu sapi;Rendah
Sapi daging lemak sedang segar;1084;201;18.8;14;0;0;11;170;2.8;105;378;0.75;2.5;0;60;0;0.08;0.3;1.3;0;100;https://images.tokopedia.net/img/cache/700/VqbcmM/2020/10/10/3e7ebf5d-cc63-4354-ac94-e96ce7057653.png;31;Atkinson et al. (2008);token(sapi)→susu sapi;Rendah
Sapi daging sosis (Worst);1085;448;14.5;42.3;2.3;0;28;61;1.1;225;284.5;0.06;1.7;0;0;0;0.1;0.18;3.5;0;100;https://images.tokopedia.net/img/cache/700/product-1/2020/7/3/1982472/1982472_d7e37ee9-0836-4eb7-9d26-fe0b1f602bd3_300_300;31;Atkinson et al. (2008);token(sapi)→susu sapi;Rendah
Sapi daleman segar;1086;183;12;14.4;1.4;0;43;319;1.8;225;160;0.1;0.8;0;60;0;0.31;0.22;3.5;0;100;https://asset-a.grid.id/crop/0x0:0x0/x/photo/2022/05/12/manfaat-jeroan-sapijpg-20220512025232.jpg;31;Atkinson et al. (2008);token(sapi)→susu sapi;Rendah
Sapi dideh/darah;1087;98;21.9;1.1;0;0;7;24;1.3;150;170;0;0.2;0;60;0;0.01;0.03;0.9;0;100;https://cdns.diadona.id/diadona.id/resized/640x320/news/2020/09/29/23311/664xauto-banyak-digemari-kuliner-asal-indonesia-ini-ternyata-terbuat-dari-darah-hewan-200929c.jpg;31;Atkinson et al. (2008);token(sapi)→susu sapi;Rendah
Sapi ginjal segar;1088;137;15;8.1;0.9;0;9;221;7.9;200;230.2;0;0;0;60;0;0.37;0.3;3.5;12.5;100;https://i0.wp.com/herald.id/wp-content/uploads/2023/01/google.jpg?fit=521%2C405&ssl=1;31;Atkinson et al. (2008);token(sapi)→susu sapi;Rendah
Sapi hati sosis (liverworst);1089;274;16;22;3;2.3;20;150;4;225;158.8;0.22;2.2;0;0;0;0.2;0.3;3.5;0;100;https://img.herstory.co.id/articles/archive_20220708/sosis-daging-sapi-20220708-145317.jpg;31;Atkinson et al. (2008);token(sapi)→susu sapi;Rendah
Sapi keleponan segar;1090;84;10.5;4.6;0.2;0;20;13;2.1;73;318;0.2;1.7;0;34;0;0.1;0.14;0.3;0;100;https://asset.kompas.com/crops/T3UEAUZcyLPz2Kf7uAajNqm1DV0=/0x0:999x666/780x390/data/photo/2020/07/27/5f1e7ad5324dc.jpg;31;Atkinson et al. (2008);token(sapi)→susu sapi;Rendah
Sapi liver segar;1091;132;19.7;3.2;6;0;7;358;6.6;110;213;0.51;2.3;0;60;0;0.26;0.3;3.5;12.5;100;https://images.tokopedia.net/img/cache/700/VqbcmM/2021/3/10/964e4fd5-7470-4799-a02f-1e8af6a83177.jpg;31;Atkinson et al. (2008);token(sapi)→susu sapi;Rendah
Sapi otak segar;1092;123;10.4;8.6;0.8;0;16;330;3.6;112;243.8;0.26;0.9;0;0;0;0.23;0.19;3.5;12.5;100;https://asset.kompas.com/crops/Zb2CWR9vmVrUUr6v372o4SJ8gs0=/0x0:1000x667/750x500/data/photo/2021/07/18/60f3913f44be3.jpg;31;Atkinson et al. (2008);token(sapi)→susu sapi;Rendah
Sapi paru dendeng mentah;1093;360;57.3;6;19.2;0;126;440;8.2;225;775;0.75;2.5;0;0;0;0;0;0;0;100;https://img-global.cpcdn.com/recipes/e709be83be77515c/680x482cq70/dendeng-paru-kering-foto-resep-utama.jpg;31;Atkinson et al. (2008);token(sapi)→susu sapi;Rendah
Sapi paru goreng;1094;268;23.9;12.7;14.5;0;102;315;8.2;225;299;0;1.5;0;0;0;0;0;0;0;100;https://awsimages.detik.net.id/community/media/visual/2022/07/14/resep-paru-goreng-ketumbar_43.jpeg?w=1200;31;Atkinson et al. (2008);token(sapi)→susu sapi;Rendah
Sapi usus segar;1095;126;14;7.2;1.5;0;14;115;4;0;0;0;0;0;0;0;0.08;0.3;0.2;0;100;https://images.tokopedia.net/img/cache/700/product-1/2020/6/14/8589094/8589094_bca7552d-86d6-4c95-899c-4915c124c74f_480_480.jpg;31;Atkinson et al. (2008);token(sapi)→susu sapi;Rendah
Sarang Burung;1096;281;37.5;0.3;32.1;1.1;62;80;2;10;68;0.1;0.2;0;0;0;0.1;0.02;0.1;0;100;https://awsimages.detik.net.id/community/media/visual/2021/03/19/ini-alasan-mengapa-air-liur-burung-walet-bisa-seharga-mobil-baru-1_169.jpeg?w=700&q=90;55;Tidak ditemukan dalam literatur – perlu pengisian manual;not_found;Sedang
Sardines dalam kaleng;1097;338;21.1;27;1;0;337.5;434;3.5;0;0;0;0;0;0;0;0.1;0;0;0;100;https://linisehat.com/wp-content/uploads/2020/11/sarden-kaleng2.jpg;55;Tidak ditemukan dalam literatur – perlu pengisian manual;not_found;Sedang
Sari Kedelai bubuk;1098;344;30;20;43;2.4;133;220;4;6;69.2;0.27;1.2;0;0;0;0.18;0.07;0.7;0;100;https://media.istockphoto.com/id/1164293425/id/foto/bubuk-susu-kedelai-dalam-piring-kayu-yang-ditempatkan-di-tumpukan-biji-kedelai.jpg?s=1024x1024&w=is&k=20&c=n1B9DzPrJKQql3O3YBHY7LseqinI8NCWyqaY9h-AKwc=;15;"Marsono (2002); Atkinson et al. (2008)";token(kedelai)→kacang kedelai;Rendah
Sarimuka;1099;166;2.3;2.8;32.9;0;36;13;2;3;34;0;0;0;0;0;0;0;0;0;100;https://cdn.yummy.co.id/content-images/images/20200413/KrnfHZ9pmu6mOFKig8QN5LoC7ev3vhPG-31353836373531353434d41d8cd98f00b204e9800998ecf8427e.jpg?x-oss-process=image/format,webp;55;Tidak ditemukan dalam literatur – perlu pengisian manual;not_found;Sedang
Sate Bandeng;1100;283;12.1;16.8;20.9;2;118;186;1.2;225;199;0.2;0.9;0;2;0;0.02;0.02;0;0;82.4;https://asset.kompas.com/crops/4UfXhXtR7hK2atnUpqKRHGbhFuk=/3x0:700x465/750x500/data/photo/2021/02/16/602b2a91ca7f1.jpg;0;Atkinson et al. (2008) – tidak mengandung karbohidrat;token(bandeng)→ikan bandeng;Tidak signifikan (non-karbohidrat)
Sate Kulit ;1101;110;15.5;0.5;11.5;1.1;62;80;2;10;68;0.1;0.2;0;0;0;0.1;0.02;0.1;0;100;https://img.qraved.co/v2/image/data/over-1530587392136-x.png;55;Tidak ditemukan dalam literatur – perlu pengisian manual;not_found;Sedang
Sate penyu masakan;1102;179;22.5;3.5;13.3;0;187;238;8.2;0;0;0;0;0;0;0;0.1;0;0;0;100;https://booking-bali-villas.com/bali/wp-content/uploads/2014/10/Sate-Penyu-e1412911561808.jpg;55;Tidak ditemukan dalam literatur – perlu pengisian manual;not_found;Sedang
Sate pusut masakan;1103;274;12.9;18.6;13.6;0;63;190;2.7;225;0;0;0;0;0;0;0.06;0;0;0;100;https://cdn0-production-images-kly.akamaized.net/-ZH0E7VH_7Y_VdtKDmgokQ4DAAs=/0x0:5184x2922/1200x675/filters:quality(75):strip_icc():format(webp)/kly-media-production/medias/3652549/original/060993000_1638588819-shutterstock_1729690198.jpg;55;Tidak ditemukan dalam literatur – perlu pengisian manual;not_found;Sedang
Sate Usus ;1104;126.7;14;7.3;1.3;1.1;62;80;2;10;68;0.1;0.2;0;0;0;0.1;0.02;0.1;0;100;https://assets.pikiran-rakyat.com/crop/0x0:0x0/x/photo/2022/03/17/92418359.jpeg;55;Tidak ditemukan dalam literatur – perlu pengisian manual;not_found;Sedang
Sawi;1105;22;2.3;0.3;4;1.45;47;64.5;1.15;30;118.65;0.1;0.3;0;23;0;0.1;0.065;0.1;5;100;https://i0.wp.com/resepkoki.id/wp-content/uploads/2018/02/sawi-hijau.jpg?fit=700%2C465&ssl=1;15;Tidak ditemukan dalam literatur – perlu pengisian manual;not_found;Rendah
Sawi putih / pecai segar;1106;9;1;0.1;1.7;0.8;56;42;1.1;5;193.1;0.05;0.1;0;60;278.75;0.05;0.18;0.4;3;79;https://res.cloudinary.com/dk0z4ums3/image/upload/v1562321062/attached_image/simak-manfaat-sawi-putih-dan-cara-mengolahnya.jpg;72;"Atkinson et al. (2008); Waspadji et al. (2003)";token(putih)→nasi putih;Tinggi
Sawi taiwan segar;1107;30;1.9;0.5;4.4;2.7;100;58;1.6;27;217;0.1;0.7;0;60;0;0.2;0.1;0.6;12.5;85;https://bosmayur.com/wp-content/uploads/2020/10/SAWI-HIJAU-TAIWAN.jpg;15;Tidak ditemukan dalam literatur – perlu pengisian manual;not_found;Rendah
Sawi tanah segar;1108;19;1.3;0.2;2.9;2.2;92;45;1.2;17;145;0.1;0.4;0;60;0;0.2;0.1;0.1;12.5;85;https://distan.sukabumikota.go.id/wp-content/uploads/2016/01/IMG_20130731_171016-e1452758317382.jpg;14;Atkinson et al. (2008);token(tanah)→kacang tanah;Rendah
Sawo;1109;92;0.5;1.1;22.4;1.1;62;80;2;10;68;0.1;0.2;0;0;0;0.1;0.02;0.1;0;100;https://asset-a.grid.id/crop/0x0:0x0/700x465/photo/2022/02/18/manfaat-makan-buah-sawojpg-20220218054230.jpg;45;Tidak ditemukan dalam literatur – perlu pengisian manual;not_found;Rendah
Sawo duren segar;1110;64;1;3.1;8;0.8;18;45;0.8;13;111.4;0;0.1;0;0;0;0.01;0.02;0.1;1;64;https://cdn-2.tstatic.net/kaltim/foto/bank/images/buah-sawo-duren.jpg;45;Tidak ditemukan dalam literatur – perlu pengisian manual;not_found;Rendah
Sawo kecik segar;1111;111;0.9;2.3;21.6;1;20;185;0.7;28;117.8;0;0.1;0;60;12;0;0.04;1.5;12.5;83;https://cdn-2.tstatic.net/kaltim/foto/bank/images/sawo-kecik.jpg;45;Tidak ditemukan dalam literatur – perlu pengisian manual;not_found;Rendah
Sawo Manila segar;1112;92;0.5;1.1;22.4;6.75;25;12;1;26;110.2;0;0.1;0;60;60;0.01;0.04;1.4;12.5;79;https://www.kampustani.com/wp-content/uploads/2021/07/budidaya-sawo-manila.jpg;45;Tidak ditemukan dalam literatur – perlu pengisian manual;not_found;Rendah
Sayur asem;1113;29;0.7;0.6;5;0.6;40;61;3.1;0;0;0;0;0;0;278.75;0.1;0;0;0;100;https://kbu-cdn.com/dk/wp-content/uploads/sayur-asem-betawi.jpg;15;Tidak ditemukan dalam literatur – perlu pengisian manual;not_found;Rendah
Sayur bunga pepaya;1114;49;1.7;0.3;9.8;2.7;220;220;1.3;90;350;0.1;0.1;0;60;0;0;0.1;0;0;100;https://img.okezone.com/content/2016/08/11/298/1461224/resep-tumis-bunga-pepaya-anti-pahit-FVC55ioetB.jpg;55;"Hoerudin (2012); Atkinson et al. (2008)";partial→pepaya;Sedang
Sayur garu;1115;178;2.6;13.9;10.6;6.75;30;130;0.9;20;120;0.1;0.3;0;0;0;0.2;0.1;0;9;100;https://image.akurat.co/images/uploads/images/akurat_20181220020604_MYQ3rr.jpg;14;Hasan et al. (2011) dalam Arif et al. (2013);token(garu)→garut;Rendah
Sayur kohu-kohu;1116;133;7.3;6.6;11.2;1.2;40;120;0.2;20;50;0.1;0.3;0;60;0;0.2;0.2;0;9;100;https://cdn2.tstatic.net/tribunnewswiki/foto/bank/images/Kohu-Kohu-1.jpg;15;Tidak ditemukan dalam literatur – perlu pengisian manual;not_found;Rendah
Sayur lebui;1117;64;2.1;0.6;12.5;5.7;21;2;1;124;146;0.2;0.7;0;14;0;0;0;0.1;0;100;https://asset-a.grid.id/crop/0x0:0x0/x/photo/2021/02/25/sayur-lebuijpg-20210225095814.jpg;15;Tidak ditemukan dalam literatur – perlu pengisian manual;not_found;Rendah
Sayur lilin-terubuk;1118;36;2.7;0.7;4.8;1.4;10;90;0.1;30;44;0.2;1;0;0;0;0.3;0.2;0;12.5;100;https://img-global.cpcdn.com/recipes/a038616fb592cfd1/680x482cq70/sayur-lilinterubuk-santan-foto-resep-utama.jpg;15;Tidak ditemukan dalam literatur – perlu pengisian manual;not_found;Rendah
Sayur ndusuk;1119;49;3.1;2.5;3.6;0;11;6;0.5;225;88;0;0.2;0;0;0;0.2;0.1;0;12.5;100;https://assets.ayobandung.com/crop/0x0:0x0/750x500/webp/photo/2023/03/28/ndusuk-975786137.jpg;15;Tidak ditemukan dalam literatur – perlu pengisian manual;not_found;Rendah
Sayur sop;1120;27;1.3;2;1;0.3;168;57;1.8;0;0;0;0;0;0;278.75;0.1;0;0;0;100;https://www.astronauts.id/blog/wp-content/uploads/2022/07/Resep-Sayur-Sop-Bening-Enak-dan-Gurih-Cocok-Saat-Tubuh-Kurang-Fit-1024x683.jpg;15;Tidak ditemukan dalam literatur – perlu pengisian manual;not_found;Rendah
Sayur umbut kelapa;1121;67;5.2;2.9;5.1;1.4;48;81;3.2;225;108;0.2;1.1;0;21;0;0.2;0;0;5;100;https://cdn0-production-images-kly.akamaized.net/H6v-Vuj_s2NuBQ1JVdAtUOraaOI=/0x0:998x562/469x260/filters:quality(75):strip_icc():format(webp)/kly-media-production/medias/3603077/original/021559400_1634270571-shutterstock_2045298773.jpg;0;Atkinson et al. (2008) – tidak mengandung karbohidrat;token(kelapa)→minyak kelapa;Tidak signifikan (non-karbohidrat)
Sayur umbut rotan;1122;57;5.4;2.6;3.1;1.6;184;135;1.2;225;81;0.2;0.9;0;18;0;0.2;0;0;6;100;https://img-global.cpcdn.com/recipes/02702f896cf4ff96/680x482cq70/umbut-rotan-foto-resep-utama.jpg;15;Tidak ditemukan dalam literatur – perlu pengisian manual;not_found;Rendah
Selada;1123;15;1.2;0.2;2.9;1.1;62;80;2;10;68;0.1;0.2;0;0;0;0.1;0.02;0.1;0;100;https://www.batamfresh.com/wp-content/uploads/2015/12/Selada-Keriting.jpg;15;Tidak ditemukan dalam literatur – perlu pengisian manual;not_found;Rendah
Selada Air;1124;17;1.7;0.3;3;1.1;62;80;2;10;68;0.1;0.2;0;0;0;0.1;0.02;0.1;0;100;https://cdn0-production-images-kly.akamaized.net/B_tax3ztCLedJZHexDnJ4iL3jjE=/1x66:1000x629/1200x675/filters:quality(75):strip_icc():format(webp)/kly-media-production/medias/3467088/original/065324800_1622175744-shutterstock_1891465237.jpg;15;Tidak ditemukan dalam literatur – perlu pengisian manual;not_found;Rendah
Selada Air rebus;1125;19;2.7;0.2;2.9;1.1;62;80;2;10;68;0.1;0.2;0;0;0;0.1;0.02;0.1;0;100;https://cdn.yummy.co.id/content-images/images/20210709/49DvTl27doQU4KTcGvMeptYfrUCVyrTW-31363235383338343334d41d8cd98f00b204e9800998ecf8427e.jpg?x-oss-process=image/format,webp;75;Atkinson et al. (2008);token(rebus)→singkong rebus;Tinggi
Seledri;1126;20;1;0.1;4.6;1.1;62;80;2;10;68;0.1;0.2;0;0;0;0.1;0.02;0.1;0;100;https://images.bisnis.com/posts/2021/11/08/1463244/seledri.jpg;15;Tidak ditemukan dalam literatur – perlu pengisian manual;not_found;Rendah
Semangka;1127;28;0.5;0.2;6.9;2.45;20;31;0.6;4;171.2;0.1;0.25;0;9;0;0.1;0.03;0.3;10;100;https://cdn.timesmedia.co.id/images/2018/10/03/Semangka-Merah.jpg;72;"Hoerudin (2012); Atkinson et al. (2008)";exact;Tinggi
Semur Jengkol ;1128;192.5;4.5;6;30.3;0;77;99;1;0;0;0;0;0;0;81;0.14;0;0;4;100;https://assets.pikiran-rakyat.com/crop/0x135:1080x1215/x/photo/2020/11/25/1187166638.jpg;10;Atkinson et al. (2008);partial→kol;Rendah
Sente;1129;64;0.6;0.3;14.8;1.1;62;80;2;10;68;0.1;0.2;0;0;0;0.1;0.02;0.1;0;100;https://1.bp.blogspot.com/-IS-d4Bkv3xk/XVlKMrBMdgI/AAAAAAAAHJg/KjUu1TZsi_cV66oChd1oVYlKEvm-K-vvQCLcBGAs/s1600/20190802_164326.jpg;55;Tidak ditemukan dalam literatur – perlu pengisian manual;not_found;Sedang
Sente talas segar;1130;353;0.7;0.2;84.7;6.6;11;13;1.5;30;694.6;0.6;2.2;0;41;0;0.05;0.2;2.8;5;86;https://assets.pikiran-rakyat.com/crop/0x0:0x0/750x500/photo/2022/03/26/2627914496.png;55;Trinidad et al. (2010);partial→talas;Sedang
Sepi masakan;1131;88;7.9;1.6;10.6;0;337.5;350;2.3;225;258;0.75;1.1;0;0;0;0;0;0;0;100;https://img-global.cpcdn.com/recipes/5816c55413474302/1200x630cq70/photo.jpg;55;Tidak ditemukan dalam literatur – perlu pengisian manual;not_found;Sedang
Serbuk Coklat;1132;298;8;23.8;48.9;1.1;62;80;2;10;68;0.1;0.2;0;0;0;0.1;0.02;0.1;0;100;https://static.sehatq.com/content/review/image/1622196432.jpeg;55;Tidak ditemukan dalam literatur – perlu pengisian manual;not_found;Sedang
Serimping talas kebumen;1133;478;2.5;21.2;69.2;1.7;112;118;2.3;0;0;0;0;0;0;0;0.25;0;0;0;100;https://cf.shopee.co.id/file/1a5298e33a33b350a144b846d16c2be3;55;Trinidad et al. (2010);partial→talas;Sedang
Setrup sirup;1134;213;0;0;55;0.3;50;85;2.5;0;0;0;0;0;0;0;0.2;0;0;0;100;https://awsimages.detik.net.id/community/media/visual/2021/05/10/resep-sirup-cocopandan-1.jpeg?w=720;63;Atkinson et al. (2008);partial→sirup;Sedang
Shabu-shabu;1135;88;3.2;8;0.8;0.9;217;48;2.9;225;0;0;0;0;0;278.75;0.2;0;0;0;100;https://drive.google.com/file/d/1LZOGoU3M3XcPbU5_HaAZ26ybCTbiTXpT/view?usp=sharing;55;Tidak ditemukan dalam literatur – perlu pengisian manual;not_found;Sedang
Sie reuboh masakan;1136;474;11.2;42.5;11.7;0;26;62;1.3;225;176;0.75;2.5;0;9;0;0.46;0.26;0;0;100;https://cdn0-production-images-kly.akamaized.net/9A6K5z9xgb8RkvkFIp5RFFE5b_o=/0x185:4800x2890/469x260/filters:quality(75):strip_icc():format(webp)/kly-media-production/medias/3911399/original/008984200_1642826892-shutterstock_2081704363.jpg;55;Tidak ditemukan dalam literatur – perlu pengisian manual;not_found;Sedang
Singkah (rotan muda);1137;81;5.1;4.5;5.1;1.1;62;80;2;10;68;0.1;0.2;0;0;0;0.1;0.02;0.1;0;100;https://cdn.yummy.co.id/content-images/images/20210218/Nx9961dOuX853cCpRzqB4Vx1QrnG3P8A-31363133363139383438d41d8cd98f00b204e9800998ecf8427e.jpg?x-oss-process=image/resize,w_600,h_600,m_fixed,image/format,webp;55;Tidak ditemukan dalam literatur – perlu pengisian manual;not_found;Sedang
Singkong Goreng ;1138;285;1;18;28;2;30;68;1.5;10;70;0.1;0.5;0;0;0;0.1;0.04;0.6;0;100;https://sweetrip.id/wp-content/uploads/2022/04/singkong.jpeg;75;Atkinson et al. (2008);partial→singkong;Tinggi
Singkong kukus;1139;146;1.2;0.3;34.7;2;30;68;1.5;10;70;0.1;0.5;0;0;0;0.1;0.04;0.6;0;100;https://asset.kompas.com/crops/5kSIoZRz5urTHMM1PdoIQ64E0zU=/0x0:996x664/750x500/data/photo/2021/08/21/61208628cd52c.jpg;75;Atkinson et al. (2008);partial→singkong;Tinggi
Singkong tape;1140;173;0.5;0.1;42.5;2;30;68;1.5;10;70;0.1;0.5;0;0;0;0.1;0.04;0.6;0;100;https://image-cdn.medkomtek.com/KWOw6uO2QBAVuCumxbrxIkbIIek=/1200x675/smart/klikdokter-media-buckets/medias/2321509/original/051458700_1606124573-Awas-Kebanyakan-Makan-Tape-Singkong-Bikin-Keputihan-shutterstock_1790685980.jpg;75;Atkinson et al. (2008);partial→singkong;Tinggi
Siomay ;1141;95.3;4.4;2.2;14.4;1.1;62;80;2;10;68;0.1;0.2;0;0;0;0.1;0.02;0.1;0;100;https://awsimages.detik.net.id/community/media/visual/2021/11/17/resep-siomay-ayan-jamur_43.jpeg?w=1200;55;Tidak ditemukan dalam literatur – perlu pengisian manual;not_found;Sedang
Sirsak;1142;65;1;0.3;16.3;1.1;62;80;2;10;68;0.1;0.2;0;0;0;0.1;0.02;0.1;0;100;https://assets.pikiran-rakyat.com/crop/0x0:0x0/x/photo/2021/09/20/3327403627.jpeg;45;Tidak ditemukan dalam literatur – perlu pengisian manual;not_found;Rendah
Sirup;1143;213;0;0;55;0;0;0;0;3;4.2;0;0;0;0;0;0;0;0;0;100;https://ik.trn.asia/uploads/2023/03/1679317359376.jpeg;63;Atkinson et al. (2008);exact;Sedang
Sop buntut masakan;1144;71;7.5;3.6;2.2;0;286;38;3.2;225;0;0;0;0;0;278.75;0.14;0;0;0;100;https://img-global.cpcdn.com/recipes/91727f982ad54daa/1200x630cq70/photo.jpg;55;Tidak ditemukan dalam literatur – perlu pengisian manual;not_found;Sedang
Sop daging sapi masakan;1145;49;5.8;0.5;5.3;0;158;48;2.2;225;0;0;0;0;0;278.75;0.37;0;0;0;100;https://img.okezone.com/content/2020/02/27/298/2175054/resep-sayur-sop-daging-masakan-rumahan-paling-populer-24WHr0ACJo.jpg;0;Atkinson et al. (2008) – tidak mengandung karbohidrat;partial→daging sapi;Tidak signifikan (non-karbohidrat)
Sop kaki sapi masakan;1146;68;9;1.9;3.7;0;302;15;2.2;225;0;0;0;0;0;150;0.46;0;0;0;100;https://www.ruparupa.com/blog/wp-content/uploads/2021/06/Screen-Shot-2021-06-21-at-14.11.27.png;31;Atkinson et al. (2008);token(sapi)→susu sapi;Rendah
Sop kambing masakan;1147;34;5.5;0.8;1.1;0;145;37;1.6;225;0;0;0;0;0;80;0.555;0;0;0;100;https://asset.kompas.com/crops/4BopB2so0iCh5Dj_6QkB41md3B0=/3x0:700x465/750x500/data/photo/2021/01/15/6000de7b45e69.jpg;0;Atkinson et al. (2008) – tidak mengandung karbohidrat;token(kambing)→daging kambing;Tidak signifikan (non-karbohidrat)
Sop konro masakan;1148;71;7.4;2.6;4.5;0;17;60;4.6;184;25;0.3;1.3;0;0;0;0.12;0.02;0;0;100;https://asset.kompas.com/crops/t9vL2Z6ZAjt7cnpl05cuYOfd2k4=/129x72:651x420/750x500/data/photo/2020/07/30/5f22636a0e7e0.jpg;55;Tidak ditemukan dalam literatur – perlu pengisian manual;not_found;Sedang
Sop Kool;1149;12;0.5;0.1;2;1.1;62;80;2;10;68;0.1;0.2;0;0;0;0.1;0.02;0.1;0;100;https://gallery-jateng.poskota.co.id/storage/Foto/2020/1608103380_1-org.png;55;Tidak ditemukan dalam literatur – perlu pengisian manual;not_found;Sedang
Sop Kool dan Wortel;1150;15;0.6;0.1;3.1;1.45;47;64.5;1.15;30;118.65;0.1;0.3;0;23;0;0.1;0.065;0.1;5;100;https://img-global.cpcdn.com/recipes/8adcb73d8f012620/680x482cq70/sop-kol-simple-foto-resep-utama.jpg;35;Atkinson et al. (2008);partial→wortel;Rendah
Sop saudara masakan;1151;89;7.2;5;3.9;0;10;174;8.2;225;50;0.2;1.1;0;0;0;0.09;0.12;2;0;100;https://resepkoki.id/wp-content/uploads/2018/03/Resep-Sop-Sodara.jpg;55;Tidak ditemukan dalam literatur – perlu pengisian manual;not_found;Sedang
Soto bandung masakan;1152;42;3.9;1.7;2.8;0.4;74;75;1.8;0;0;0;0;0;20;0;0;0;0;0;100;https://asset.kompas.com/crops/aq7SWhGNCO6UTombdviZuAchnCM=/3x0:700x465/750x500/data/photo/2021/04/21/607ff824cb839.jpg;55;Tidak ditemukan dalam literatur – perlu pengisian manual;not_found;Sedang
Soto banjar masakan;1153;110;2.9;9.5;3.2;0;28;28;0.3;36;6;0;0.2;0;0;278.75;0.05;0;0;0;100;https://www.masakapahariini.com/wp-content/uploads/2019/06/5.jpg;55;Tidak ditemukan dalam literatur – perlu pengisian manual;not_found;Sedang
Soto betawi masakan;1154;135;2.5;8.8;11.5;0.5;222;72;1.9;0;0;0;0;0;0;278.75;0.04;0;0;0;100;https://www.unileverfoodsolutions.co.id/dam/global-ufs/mcos/SEA/calcmenu/recipes/ID-recipes/soups/soto-betawi/main-header.jpg;55;Tidak ditemukan dalam literatur – perlu pengisian manual;not_found;Sedang
Soto dengan Daging;1155;127.5;2.6;9.4;8.3;0;62;196.5;4;108;191.5;0.105;1.05;0;0;0;0.135;0.055;0.45;0;100;https://img.kurio.network/mjtADdO0Q-nnAohGaTqVBvp8rMc=/1200x1200/filters:quality(80)/https://kurio-img.kurioapps.com/21/03/01/0bfa7a3d-28f6-440f-907b-def23ccb96d9.jpe;0;Atkinson et al. (2008) – tidak mengandung karbohidrat;token(daging)→daging sapi;Tidak signifikan (non-karbohidrat)
Soto jeroan masakan;1156;92;11.8;4.3;1.4;0;218;48;1.9;225;0;0;0;0;0;278.75;0.36;0;0;0;100;https://awsimages.detik.net.id/community/media/visual/2022/03/15/resep-soto-jeroan-sapi_43.jpeg?w=1200;55;Tidak ditemukan dalam literatur – perlu pengisian manual;not_found;Sedang
Soto kudus masakan;1157;38;2.6;2.3;1.8;0.2;237;67;1.7;0;0;0;0;0;0;128;0.06;0;0.5;0;100;https://www.masakapahariini.com/wp-content/uploads/2020/02/soto-kudus-7.jpg;55;Tidak ditemukan dalam literatur – perlu pengisian manual;not_found;Sedang
Soto madura masakan;1158;60;3.5;4.5;1.3;0;337.5;126;3.8;0;0;0;0;0;0;121;0.06;0;0;0;100;https://cdn.yummy.co.id/content-images/images/20210311/FyZCyT9dfZQGp9zNZhL2iuoQn9pA7hpK-31363135343538363836d41d8cd98f00b204e9800998ecf8427e.jpg?x-oss-process=image/format,webp;61;Atkinson et al. (2008);partial→madu;Sedang
Soto padang masakan;1159;127;5.9;6.6;11;0.7;298;94;1.5;0;0;0;0;0;0;204;0.22;0;0;0;100;https://topwisata.info/wp-content/uploads/2020/11/resep2Bsoto2Bpadang2B252812529.jpg;55;Tidak ditemukan dalam literatur – perlu pengisian manual;not_found;Sedang
Soto pekalongan masakan;1160;94;3;6.8;5.1;0.3;322;79;2;0;0;0;0;0;0;119;0.29;0;0;0;100;https://www.topwisata.info/wp-content/uploads/2021/12/Soto-Tauto-Pekalongan-1.jpg;55;Tidak ditemukan dalam literatur – perlu pengisian manual;not_found;Sedang
Soto pemalang masakan;1161;75;3.6;5.2;3.5;0;170;80;2.1;0;0;0;0;0;0;30;0.13;0;0;0;100;https://i0.wp.com/bogor-today.com/wp-content/uploads/2022/09/87456.jpg;55;Tidak ditemukan dalam literatur – perlu pengisian manual;not_found;Sedang
Soto sukaraja masakan;1162;80;3.2;3.5;9;0.3;337.5;77;2.3;0;0;0;0;0;0;89;0.04;0;0;0;100;https://www.piknikdong.com/wp-content/uploads/2021/04/Resep-Soto-Sokaraja.jpg;55;Tidak ditemukan dalam literatur – perlu pengisian manual;not_found;Sedang
Soto sulung masakan;1163;86;2.3;8.5;0;0;200;120;2.9;0;0;0;0;0;0;105;0.08;0;0;0;100;https://www.primarasa.co.id/images/images/Soto%20sulung%20artikel%281%29.jpg;55;Tidak ditemukan dalam literatur – perlu pengisian manual;not_found;Sedang
Soto tanpa Daging ;1164;117.1;0.4;8.6;9.6;0;62;196.5;4;108;191.5;0.105;1.05;0;0;0;0.135;0.055;0.45;0;100;https://resepkoki.id/wp-content/uploads/2019/11/Soto-Ayam-Bening.jpg;0;Atkinson et al. (2008) – tidak mengandung karbohidrat;token(daging)→daging sapi;Tidak signifikan (non-karbohidrat)
Spaghetti;1165;139;7.4;2.1;22.6;0;109;53;4.7;0;0;0;0;0;0;278.75;0.35;0;0;0;100;https://images.immediate.co.uk/production/volatile/sites/30/2022/09/Spicy-tomato-spaghetti-caf3053.jpg;55;Tidak ditemukan dalam literatur – perlu pengisian manual;not_found;Sedang
Srikaya;1166;101;1.7;0.6;35.2;1.1;62;80;2;10;68;0.1;0.2;0;0;0;0.1;0.02;0.1;0;100;https://images.tokopedia.net/blog-tokopedia-com/uploads/2021/02/Manfaat-Buah-Srikaya-untuk-Kesehatan.jpg;55;Tidak ditemukan dalam literatur – perlu pengisian manual;not_found;Sedang
Sukiyaki masakan;1167;75;5.6;0.4;12.2;0.2;109;59;0.5;225;0;0;0;0;0;278.75;0.37;0;0;0;100;https://www.masakapahariini.com/wp-content/uploads/2022/05/sukiyaki-praktis.jpg;55;Tidak ditemukan dalam literatur – perlu pengisian manual;not_found;Sedang
Sukun muda segar;1168;119;1.4;0.2;28.1;1.4;24;44;1.4;24;414.4;0.1;0.1;0;28;278.75;0.17;0.17;3.5;12.5;84;https://blog.titipku.com/wp-content/uploads/2019/08/27891195_273863213147902_7929265216242581504_n-300x300.jpg;87;Rakhmawati et al. (2011) dalam Arif et al. (2013);partial→sukun;Tinggi
Sukun tua segar;1169;126;1.6;0.2;24.5;1.5;37;47;1.6;25;436;0.1;0.1;0;30;278.75;0.18;0.17;3.5;12.5;88;https://cf.shopee.co.id/file/f43b5d5a9dd930d9954b304579ed3865;87;Rakhmawati et al. (2011) dalam Arif et al. (2013);partial→sukun;Tinggi
Susu asam untuk bayi bubuk;1170;418;19;9;65.5;0;337.5;440;7;188;486.5;0;0;0;60;0;0.555;0.3;0.7;12.5;100;https://blue.kumparan.com/image/upload/fl_progressive,fl_lossy,c_fill,q_auto:best,w_640/v1535275935/ctbvshsk4dqp293ivbec.jpg;31;Atkinson et al. (2008);partial→susu;Rendah
Susu bubuk;1171;513;24.6;30;36.2;0;337.5;440;0.6;225;775;0.02;2.5;0;60;0;0.29;0.3;1.6;6;100;https://asset.kompas.com/crops/JH48SvD1Mh2-p1G2lmViLdqVQ3c=/0x0:997x665/750x500/data/photo/2022/07/13/62ce704885550.jpg;31;Atkinson et al. (2008);partial→susu;Rendah
Susu Kambing;1172;64;4.3;2.3;6.6;0;62;196.5;4;108;191.5;0.105;1.05;0;0;0;0.135;0.055;0.45;0;100;https://cdn.hellosehat.com/2019/04/0301a50d-shutterstock_1082562986-e1616553170498.jpg?w=828&q=75;31;Atkinson et al. (2008);partial→susu;Rendah
Susu Kedelai;1173;41;3.5;2.5;5;0.2;50;45;0.7;128;287.9;0.12;1;0;0;200;0.08;0.05;0.7;2;100;https://www.astronauts.id/blog/wp-content/uploads/2022/11/Ini-Keunggulan-Susu-Kedelai-Dibanding-Susu-Sapi-yang-Tidak-Banyak-Orang-Tahu-1200x900.jpg;34;Atkinson et al. (2008);exact;Rendah
Susu Kental Manis;1174;336;8.2;10;55;0;275;209;0.2;150;320;0.02;1;0;46;0;0.05;0.3;0.4;1;100;https://asset.kompas.com/crops/C220cRbRPu0EoI8SMHWr0HeFGuU=/0x0:750x500/750x500/data/photo/2022/06/03/6299dc0edf868.jpg;31;Atkinson et al. (2008);partial→susu;Rendah
Susu Kental Tak Manis;1175;138;7;7.9;9.9;0;243;195;0.2;140;303;0;0;0;0;0;0.05;0;0;1;100;https://res.cloudinary.com/dk0z4ums3/image/upload/v1627294463/attached_image/menakar-jumlah-kalori-kental-manis.jpg;31;Atkinson et al. (2008);partial→susu;Rendah
Susu Kerbau;1176;160;6.3;12;7.1;0;275;209;0.6;188;320;0.02;1;0;54;0;0.05;0.3;0.4;1;100;https://img.okezone.com/content/2018/06/01/481/1905351/tak-kalah-dari-sapi-minum-susu-kerbau-bisa-turunkan-kolesterol-jahat-xdwHF7iYmc.jpeg;31;Atkinson et al. (2008);partial→susu;Rendah
Susu Sapi;1177;61;3.2;3.5;4.3;0;62;196.5;4;108;191.5;0.105;1.05;0;0;0;0.135;0.055;0.45;0;100;https://awsimages.detik.net.id/community/media/visual/2022/01/16/ciri-ciri-susu-sapi-segar-sudah-basi-1.jpeg?w=1200;31;Atkinson et al. (2008);exact;Rendah
Susu Skim (tak berlemak);1178;36;3.5;0.1;5.1;0;275;209;0.6;188;320;0.02;1;0;54;0;0.05;0.3;0.4;1;100;https://www.frieslandcampinainstitute.com/uploads/sites/23/2023/01/Bottle-and-glass-of-milk-1540x1540-1.jpg;31;Atkinson et al. (2008);partial→susu;Rendah
Susu skim bubuk;1179;359;35.6;1;52;0;337.5;440;0.6;225;775;0.04;2.5;0;10;0;0.35;0.3;1.2;7;100;https://nilaigizi.com/assets/images/produk/produk_1535867844.jpg;31;Atkinson et al. (2008);partial→susu;Rendah
Susu skim segar;1180;36;3.5;0.1;5.1;0;123;97;0.1;38;0;0;0;0;0;0;0.04;0;0;1;100;https://ceklist.id/wp-content/uploads/2023/02/Merk-Susu-Skim.jpg;31;Atkinson et al. (2008);partial→susu;Rendah
Susupan;1181;87;5.3;5.2;6.3;0;275;209;0.6;188;320;0.02;1;0;54;0;0.05;0.3;0.4;1;100;https://asset-a.grid.id/crop/0x0:0x0/700x465/photo/2021/08/09/plant-leaf-flower-green-botany-f-20210809091749.jpg;31;Atkinson et al. (2008);partial→susu;Rendah
Suweg kukus;1182;90;1.5;0.1;21.9;1.1;62;80;2;10;68;0.1;0.2;0;0;0;0.1;0.02;0.1;0;100;https://assets.kompasiana.com/items/album/2020/06/07/img-20200607-072648-5edcc27dd541df08575a4ac2.jpg;42;Hasan et al. (2011) dalam Arif et al. (2013);partial→suweg;Rendah
Suweg mentah;1183;69;1;0.1;15.7;1.1;62;80;2;10;68;0.1;0.2;0;0;0;0.1;0.02;0.1;0;100;https://cdn.idntimes.com/content-images/post/20210303/jimikanda1-75d34d7a3b793cc5fa6a26da69daca26_600x400.png;42;Hasan et al. (2011) dalam Arif et al. (2013);partial→suweg;Rendah
Suweg talas segar;1184;74;1.4;0.1;17.2;1.4;42;46;1.3;7;400;0.1;0.1;0;24;254;0.04;0;0.4;2;86;https://www.greeners.co/wp-content/uploads/2015/11/Flora_Suweg_Berbau_Namun_Tinggi_Serat.jpg;55;Trinidad et al. (2010);partial→talas;Sedang
Suwir-suwir;1185;347;0.5;0.9;84.2;0.8;42;40;4.3;0;0;0;0;0;0;240;0.13;0;0.9;0;100;https://inagi.co.id/wp-content/uploads/2023/03/Ayam-Suwir-Pedas-Awet.jpg;55;Tidak ditemukan dalam literatur – perlu pengisian manual;not_found;Sedang
Tahu;1186;68;7.8;4.6;1.6;2.4;133;220;4;6;69.2;0.27;1.2;0;0;0;0.18;0.07;0.7;0;100;https://asset.kompas.com/crops/uYkv1kqUtpcan5FRV1iCLgCWf40=/0x0:1000x667/750x500/data/photo/2021/07/19/60f51d62438f6.jpg;15;"Waspadji et al. (2003); Atkinson et al. (2008)";exact;Rendah
Tahu goreng;1187;115;9.7;8.5;2.5;0.1;229;200;4.1;7;68.2;0.09;1.3;0;0;0;0.01;0.24;0;0;100;https://img-global.cpcdn.com/recipes/33285f91f3b22e50/1200x630cq70/photo.jpg;15;"Waspadji et al. (2003); Atkinson et al. (2008)";partial→tahu;Rendah
Tahu telur;1188;328;12.6;19.9;24.6;0.4;337.5;238;4.9;225;0;0;0;0;0;278.75;0.42;0;0;0;100;https://resepkoki.id/wp-content/uploads/2021/09/Resep-Tahu-Telur.jpg;15;"Waspadji et al. (2003); Atkinson et al. (2008)";partial→tahu;Rendah
Takwa;1189;148;13.8;8.5;4;0;140;214;8.2;3;79;0.3;1.3;0;0;278.75;0.2;0.1;0.8;0;100;https://cdn.idntimes.com/content-images/community/2020/10/118291206-1002092246870647-2962160802061132133-n-1-5c6484eccc2b0af148d9d1c7e92d2417.jpg;55;Tidak ditemukan dalam literatur – perlu pengisian manual;not_found;Sedang
Talas bogor kukus;1190;120;1.5;0.3;28.2;0.7;31;63;0.7;11;498;0.2;0.6;0;0;0;0.05;0.3;0.8;2;100;https://img-global.cpcdn.com/recipes/efaf364743906d68/680x482cq70/urab-talas-bogor-kukus-foto-resep-utama.jpg;55;Trinidad et al. (2010);partial→talas;Sedang
Talas pontianak segar;1191;163;2.3;0.5;36.4;0.7;45;80;1.7;14;323.1;0.3;1;0;0;0;0.02;0.1;1.3;0;83;https://idnmedis.com/wp-content/uploads/2020/05/talas-pontianak.jpg;55;Trinidad et al. (2010);partial→talas;Sedang
Talas viqueque segar;1192;115;1.8;0.5;25.9;6.75;50;220;0.9;1;70;0.3;1;0;0;0;0.08;0.1;0.9;0;85;https://filebroker-cdn.lazada.co.id/kf/S36df2a3bd2044060b1b78bd604a0d0343.jpg;55;Trinidad et al. (2010);partial→talas;Sedang
Tales kukus;1193;120;1.5;0.3;28.2;1.1;62;80;2;10;68;0.1;0.2;0;0;0;0.1;0.02;0.1;0;100;https://img-global.cpcdn.com/recipes/4d7f0cb55d14e0f7/1200x630cq70/photo.jpg;65;Tidak ditemukan dalam literatur – perlu pengisian manual;not_found;Sedang
Tales mentah;1194;98;1.9;0.2;23.7;1.1;62;80;2;10;68;0.1;0.2;0;0;0;0.1;0.02;0.1;0;100;https://asset.kompas.com/crops/vYFaxgHARhcHnYdEFwCFjqrKG-I=/0x7:640x434/780x390/data/photo/2020/12/21/5fe0650372553.jpeg;65;Tidak ditemukan dalam literatur – perlu pengisian manual;not_found;Sedang
Taoco;1195;166;10.4;4.9;24.1;1.1;62;80;2;10;68;0.1;0.2;0;0;0;0.1;0.02;0.1;0;100;https://asset-a.grid.id/crop/0x0:0x0/780x800/photo/bobofoto/original/4090_bumbu-taoco-hasil-fermentasi-kedelai-foto-resepkokiid.jpg;55;Tidak ditemukan dalam literatur – perlu pengisian manual;not_found;Sedang
Taoge goreng;1196;88;3.2;2.1;14;0.7;168;50;5.7;0;0;0;0;0;0;278.75;0.05;0;0;0;100;https://img.kurio.network/bmizo0RfhrurmaxfSXqouGMMD2s=/1200x900/filters:quality(80)/https://kurio-img.kurioapps.com/21/03/26/55ee220c-cf46-492e-8d45-58bc5fd972b2.jpe;76;Atkinson et al. (2008);token(goreng)→nasi goreng;Tinggi
Taoge kacang kedelai segar;1197;76;9;2.6;6.4;0.7;50;65;1;5;212.4;0.26;0.7;0;0;110;0.23;0.19;1.2;12.5;100;https://images.tokopedia.net/img/cache/500-square/VqbcmM/2021/10/9/b10822c1-c409-49e0-af47-21f97ea066ce.jpg;15;"Marsono (2002); Atkinson et al. (2008)";partial→kacang kedelai;Rendah
Taoge seduh;1198;28;3;0.8;4;1;52;73;0.5;18;58.3;0.19;0.4;0;46;18;0.1;0;0.9;2;87;https://cdn0-production-images-kly.akamaized.net/-77hgKOWZanv0lvl_cqqeAG1VZo=/303x0:1636x1333/1200x1200/filters:quality(75):strip_icc():format(webp)/kly-media-production/medias/3330261/original/062050000_1608607406-tumisan.jpg;15;Tidak ditemukan dalam literatur – perlu pengisian manual;not_found;Rendah
Taoge segar;1199;34;3.7;1.2;4.3;1.1;166;74;0.8;19;93.3;0.16;0.4;0;41;20;0.09;0.15;1.1;5;100;https://res.cloudinary.com/dk0z4ums3/image/upload/v1630045137/attached_image/di-balik-manfaat-toge-kenali-bahaya-dan-cara-mengonsumsinya.jpg;15;Tidak ditemukan dalam literatur – perlu pengisian manual;not_found;Rendah
Taokoa;1200;104;12.9;6.8;1.2;1.1;62;80;2;10;68;0.1;0.2;0;0;0;0.1;0.02;0.1;0;100;https://d1sag4ddilekf6.cloudfront.net/compressed_webp/items/IDITE2021111912351603278/detail/menueditor_item_e1237876ae9e45b29d3acb67ec0e20c1_1637325144124368426.webp;55;Tidak ditemukan dalam literatur – perlu pengisian manual;not_found;Sedang
Tapai beras;1201;99;1.7;0.3;22.4;2;30;68;1.5;10;70;0.1;0.5;0;0;0;0.1;0.04;0.6;0;100;https://assets-a1.kompasiana.com/items/album/2018/12/14/gambut-2-5c13825843322f55871e7493.jpg?t=o&v=780;72;"Atkinson et al. (2008); Indrasari et al. (2008)";token(beras)→beras putih;Tinggi
Tapai ketan hitam;1202;166;3.8;1;34.4;1.1;62;80;2;10;68;0.1;0.2;0;0;0;0.1;0.02;0.1;0;100;https://d1vbn70lmn1nqe.cloudfront.net/prod/wp-content/uploads/2022/11/14105431/Adakah-Manfaat-Tape-Ketan-Hitam-bagi-Kesehatan-Ini-Faktanya.jpg;86;Atkinson et al. (2008);token(ketan)→beras ketan;Tinggi
Tapai ketan putih;1203;172;3;0.5;37.5;1.1;62;80;2;10;68;0.1;0.2;0;0;0;0.1;0.02;0.1;0;100;https://assets.pikiran-rakyat.com/crop/0x0:0x0/x/photo/2022/05/16/275251457.jpg;86;Atkinson et al. (2008);token(ketan)→beras ketan;Tinggi
Tapai singkong;1204;169;1.4;0.3;40.2;2;21;34;0.8;0;0;0;0;0;0;0;0;0;0;9;100;https://res.cloudinary.com/dk0z4ums3/image/upload/v1674095060/attached_image/7-manfaat-tape-singkong-untuk-kesehatan-yang-perlu-diketahui.jpg;75;Atkinson et al. (2008);partial→singkong;Tinggi
Tauco cap DAS cake;1205;358;7.5;4.3;70.4;3.1;94;94;4.5;0;0;0;0;0;0;278.75;0.29;0;0;0;100;https://images.tokopedia.net/img/cache/700/VqbcmM/2021/8/9/d62d5182-bae6-4679-a274-61c273ed1d2e.jpg;25;Tidak ditemukan dalam literatur – perlu pengisian manual;not_found;Rendah
Tauji cap singa;1206;277;9.1;4.7;49.6;1.2;68;106;3;0;0;0;0;0;0;278.75;0.15;0;0;0;100;https://encrypted-tbn0.gstatic.com/images?q=tbn:ANd9GcTz6GB9p8gcMwSb6D2DeobvcftuMyU0dTpJvSF_3e-Cem05oOv-h9InQB9WZUHEz50fWSo&usqp=CAU;55;Tidak ditemukan dalam literatur – perlu pengisian manual;not_found;Sedang
Tebu Terubuk;1207;25;4.6;0.4;3;1.1;62;80;2;10;68;0.1;0.2;0;0;0;0.1;0.02;0.1;0;100;https://www.mongabay.co.id/wp-content/uploads/2022/03/Sayur-lilin1-768x512.jpg;55;Tidak ditemukan dalam literatur – perlu pengisian manual;not_found;Sedang
Tedong pallu basa masakan;1208;83;10.4;3.4;2.8;0;10;139;2.6;225;34;0.6;1.3;0;0;0;0.09;0.3;3.5;0;100;https://asset.kompas.com/crops/umv3qaizqafuWSMx2OBnveCqTE4=/0x0:1000x667/750x500/data/photo/2021/03/06/6043b395197ed.jpg;40;Atkinson et al. (2008);token(basa)→mi basah;Rendah
Teh;1209;132;19.5;0.7;67.8;1.1;62;80;2;10;68;0.1;0.2;0;0;0;0.1;0.02;0.1;0;100;https://cdn1-production-images-kly.akamaized.net/0mr7Bl0tJoy6whDPHW46kSVfb_k=/973x0:4142x3169/1200x1200/filters:quality(75):strip_icc():format(jpeg)/kly-media-production/medias/2981642/original/004479000_1575020680-peppermint-tea-on-teacup-1417945.jpg;0;Tidak mengandung karbohidrat signifikan;exact;Tidak signifikan (non-karbohidrat)
Teh hijau daun kering;1210;300;28.3;4.8;53.6;6.75;245;415;8.2;60;775;0.5;0;0;60;0;0.38;0.3;3.5;0;100;https://nilaigizi.com/assets/images/produk/produk_1535874581.jpg;0;Tidak mengandung karbohidrat signifikan;partial→teh;Tidak signifikan (non-karbohidrat)
Teh melati daun kering;1211;299;24.1;3.5;59;6.75;320;185;8.2;70;775;0.53;0;0;60;0;0.07;0.3;3.5;12.5;100;https://asset-a.grid.id/crop/0x0:0x0/700x465/photo/grid/original/63018_teh-melati.jpg;0;Tidak mengandung karbohidrat signifikan;partial→teh;Tidak signifikan (non-karbohidrat)
Tekokak;1212;34;2;0.1;7.9;1.1;62;80;2;10;68;0.1;0.2;0;0;0;0.1;0.02;0.1;0;100;https://redaksi.inibaru.id/nuploads/4/takokak2.jpg;55;Tidak ditemukan dalam literatur – perlu pengisian manual;not_found;Sedang
Tekokak kering;1213;294;8.3;1.7;72.6;6.75;337.5;180;8.2;9;0;0;1;0;60;278.75;0.4;0.17;3.5;0;100;https://m.andrafarm.com/_andra_farm/gambar_kelompok/a158.jpg;55;Tidak ditemukan dalam literatur – perlu pengisian manual;not_found;Sedang
Tekwan;1214;53;1.9;0.9;9.4;1.1;62;80;2;10;68;0.1;0.2;0;0;0;0.1;0.02;0.1;0;100;https://cdn0-production-images-kly.akamaized.net/j6uieBQwJPfQO1YqUyADA34MfBA=/0x355:667x731/1200x675/filters:quality(75):strip_icc():format(webp)/kly-media-production/medias/3402174/original/073058800_1615863502-shutterstock_1597851637.jpg;55;Tidak ditemukan dalam literatur – perlu pengisian manual;not_found;Sedang
Telur Ayam;1215;162;12.8;11.5;0.7;0;62;196.5;4;108;191.5;0.105;1.05;0;0;0;0.135;0.055;0.45;0;100;https://asset.kompas.com/crops/WYVtX9H9wYlXZDwLmMqHiw2ZJc4=/0x7:740x500/750x500/data/photo/2020/11/13/5fae4aae98da3.jpg;0;Atkinson et al. (2008) – tidak signifikan;exact;Tidak signifikan (non-karbohidrat)
Telur Ayam bagian kuning;1216;361;19.3;31.9;0.7;0;62;196.5;4;108;191.5;0.105;1.05;0;0;0;0.135;0.055;0.45;0;100;https://assets.hops.id/crop/0x0:0x0/750x500/webp/photo/hops/2020/08/different-egg-yolk-colors.jpg;0;Atkinson et al. (2008) – tidak signifikan;partial→telur;Tidak signifikan (non-karbohidrat)
Telur Ayam bagian putih;1217;50;10.8;0;0.8;0;62;196.5;4;108;191.5;0.105;1.05;0;0;0;0.135;0.055;0.45;0;100;https://res.cloudinary.com/dk0z4ums3/image/upload/v1539314113/attached_image/beragam-khasiat-putih-telur-yang-bisa-didapatkan-tubuh.jpg;0;Atkinson et al. (2008) – tidak signifikan;partial→telur;Tidak signifikan (non-karbohidrat)
Telur Ayam ceplok;1218;383;15.1;32.9;8.3;0;62;196.5;4;108;191.5;0.105;1.05;0;0;0;0.135;0.055;0.45;0;100;https://asset.kompas.com/crops/iCoT-Kr0xhu1V1MGOEhihIfgbYk=/0x0:498x332/750x500/data/photo/2020/02/07/5e3d3ae57251e.jpg;0;Atkinson et al. (2008) – tidak signifikan;partial→telur;Tidak signifikan (non-karbohidrat)
Telur Ayam dadar;1219;251;16.3;19.4;1.4;0;62;196.5;4;108;191.5;0.105;1.05;0;0;0;0.135;0.055;0.45;0;100;https://awsimages.detik.net.id/community/media/visual/2022/05/07/resep-telur-dadar-ayam_43.jpeg?w=700&q=90;0;Atkinson et al. (2008) – tidak signifikan;partial→telur;Tidak signifikan (non-karbohidrat)
Telur ayam kampung ;1220;179;13.6;13.3;4.4;0;62;196.5;4;108;191.5;0.105;1.05;0;0;0;0.135;0.055;0.45;0;100;https://asset.kompas.com/crops/2pq3Gh9tB33koJG0i3C9Bd65utQ=/0x0:1000x667/750x500/data/photo/2020/07/11/5f0970bc01fd5.jpg;0;Atkinson et al. (2008) – tidak signifikan;partial→telur;Tidak signifikan (non-karbohidrat)
Telur bebek bagian kuning segar;1221;386;17;35;0.8;0;150;400;7;106;90.7;0.09;2.5;0;60;0;0.555;0.3;1.4;0;100;https://asset-a.grid.id/crop/0x0:0x0/700x465/photo/2020/09/24/2217151674.jpg;0;Atkinson et al. (2008) – tidak signifikan;partial→telur;Tidak signifikan (non-karbohidrat)
Telur Bebek bagian putih;1222;54;11;0;0.8;0;62;196.5;4;108;191.5;0.105;1.05;0;0;0;0.135;0.055;0.45;0;100;https://m.ftscrt.com/food/d6ddfb94-7dad-4739-a886-7aa119947f16_lg_sq.jpg;0;Atkinson et al. (2008) – tidak signifikan;partial→telur;Tidak signifikan (non-karbohidrat)
Telur bebek bagian putih segar;1223;54;11;0;0.8;0;21;20;0.1;184;150.2;0.13;0.1;0;0;0;0.01;0.02;0.1;0;100;https://images.genpi.co/uploads/data/images/2021/landy%20cantik/telur%20bebek%20freepik.jpg;0;Atkinson et al. (2008) – tidak signifikan;partial→telur;Tidak signifikan (non-karbohidrat)
Telur Bebek ceplok;1224;320;15.1;30.5;0.9;0;62;196.5;4;108;191.5;0.105;1.05;0;0;0;0.135;0.055;0.45;0;100;https://statik.tempo.co/data/2020/06/02/id_942491/942491_720.jpg;0;Atkinson et al. (2008) – tidak signifikan;partial→telur;Tidak signifikan (non-karbohidrat)
Telur Bebek dadar;1225;301;20;23.7;0;0;62;196.5;4;108;191.5;0.105;1.05;0;0;0;0.135;0.055;0.45;0;100;https://cdn0-production-images-kly.akamaized.net/1WivGEoDIspEllYaxZHrpqkjEYQ=/1200x675/smart/filters:quality(75):strip_icc():format(webp)/kly-media-production/medias/2468104/original/014966900_1543254943-resep-dadar-telur-bebek-sayur-enak-dan-tidak-amis.jpg;0;Atkinson et al. (2008) – tidak signifikan;partial→telur;Tidak signifikan (non-karbohidrat)
Telur bebek tambak segar;1226;187;10.9;12.4;7.9;0;64;295;5.4;209;146;0.4;1.8;0;60;278.75;0.555;0.03;0.1;0;90;https://www.jagel.id/api/listimage/v/Telur-Bebek-Tambak-0-9195c7316763f2dc.jpg;0;Atkinson et al. (2008) – tidak signifikan;partial→telur;Tidak signifikan (non-karbohidrat)
Telur Bebek telur asin;1227;195;13.6;13.6;1.4;0;62;196.5;4;108;191.5;0.105;1.05;0;0;0;0.135;0.055;0.45;0;100;https://asset.kompas.com/crops/2pq3Gh9tB33koJG0i3C9Bd65utQ=/0x0:1000x667/750x500/data/photo/2020/07/11/5f0970bc01fd5.jpg;0;Atkinson et al. (2008) – tidak signifikan;partial→telur;Tidak signifikan (non-karbohidrat)
Telur burung puyuh segar;1228;116;10.7;7;1.6;0;65;191;3.5;111;11;0.05;1.2;0;60;0;0.13;0.3;0.1;0;100;https://img.celebrities.id/okz/700/5Mzp26/master_j6A38lc90K_1541_telur_burung_puyuh.jpg;0;Atkinson et al. (2008) – tidak signifikan;partial→telur;Tidak signifikan (non-karbohidrat)
Telur Penyu;1229;144;12;10.2;0;0;62;196.5;4;108;191.5;0.105;1.05;0;0;0;0.135;0.055;0.45;0;100;https://awsimages.detik.net.id/community/media/visual/2020/07/02/telur-penyu-4.jpeg?w=700&q=90;0;Atkinson et al. (2008) – tidak signifikan;partial→telur;Tidak signifikan (non-karbohidrat)
Telur Terubuk;1230;425;31;28;10;0;62;196.5;4;108;191.5;0.105;1.05;0;0;0;0.135;0.055;0.45;0;100;https://lovepeaceveggiefood.files.wordpress.com/2020/09/screenshot_2020-09-18-19-57-07-39.jpg;0;Atkinson et al. (2008) – tidak signifikan;partial→telur;Tidak signifikan (non-karbohidrat)
Tempe bongkrek;1231;119;4.4;3.5;18.3;0;27;100;2.6;0;0;0;0;0;0;0;0.08;0;0;0;100;https://cdns.klimg.com/merdeka.com/i/w/news/2021/07/17/1330783/540x270/mengenal-bongkrek-tempe-khas-banyumas-yang-picu-keracunan-massal-di-zaman-belanda.jpg;25;"Waspadji et al. (2003); Rimbawan & Siagian (2004)";partial→tempe;Rendah
Tempe Gembus;1232;73;5.7;1.3;4.2;2.4;133;220;4;6;69.2;0.27;1.2;0;0;0;0.18;0.07;0.7;0;100;https://upload.wikimedia.org/wikipedia/commons/1/1e/Tempe_gembus_160130-0345B_rwk.JPG;25;"Waspadji et al. (2003); Rimbawan & Siagian (2004)";partial→tempe;Rendah
Tempe gembus yogya;1233;76;6.8;0.7;10.6;5.3;76;142;8.2;0;0;0;0;0;0;0;0.555;0.01;0.1;0;100;https://4.bp.blogspot.com/-tqStQqYUK1Q/Vh9Foo8mRLI/AAAAAAAABx8/FUfvHGudfcM/s1600/Resep%2BTempe%2BGembus%2BBacem%2BKhas%2BJogja.JPG;25;"Waspadji et al. (2003); Rimbawan & Siagian (2004)";partial→tempe;Rendah
Tempe Goreng ;1234;328;18.4;23.2;12.8;2.4;133;220;4;6;69.2;0.27;1.2;0;0;0;0.18;0.07;0.7;0;100;https://asset.kompas.com/crops/tnGS6LHPv4vxzDYTS-JJdLXBrjo=/0x41:1000x708/1200x800/data/photo/2020/04/01/5e841eccea33c.jpg;25;"Waspadji et al. (2003); Rimbawan & Siagian (2004)";partial→tempe;Rendah
Tempe kacang babi;1235;139;12.5;0.8;21.9;1.8;68;182;2.6;0;0;0;0;0;0;20;0.1;0;0;0;100;https://img-global.cpcdn.com/recipes/62342621c06b498b/680x482cq70/kering-tempe-kacang-foto-resep-utama.jpg;15;Atkinson et al. (2008);partial→kacang;Rendah
Tempe kacang belimbing;1236;212;17.5;10;12.9;2.9;186;160;2.2;0;0;0;0;0;0;0;0.2;0;0;0;100;https://img.mbizmarket.co.id/products/thumbs/800x800/2020/12/03/c8d8e10380091aadfd2bbb85c05ad2a3.jpg;15;Atkinson et al. (2008);partial→kacang;Rendah
Tempe kedelai + jagung;1237;143;12;5.5;11.4;1.9;155;156;6.8;0;0;0;0;0;0;278.75;0.33;0.15;1.2;0;100;https://assets-a1.kompasiana.com/items/album/2020/11/18/u2-jpg-5fb531c43a700371b34a9672.jpg;52;"Atkinson et al. (2008); Richana et al. (2012)";partial→jagung;Rendah
Tempe kedelai murni goreng;1238;350;24.5;26.6;10.4;4.2;202;296;4.9;22;626.7;0.75;2.5;0;0;78;0.24;0.3;3.3;0;100;https://media.hitekno.com/thumbs/2020/02/24/21141-ilustrasi-tempe-goreng-shutterstock/730x480-img-21141-ilustrasi-tempe-goreng-shutterstock.jpg;25;"Waspadji et al. (2003); Rimbawan & Siagian (2004)";partial→tempe;Rendah
Tempe kedelai murni mentah;1239;201;20.8;8.8;13.5;1.4;155;326;4;9;234;0.57;1.7;0;0;0;0.19;0.3;3.5;0;100;https://asset-a.grid.id/crop/0x0:0x0/x/photo/2021/05/21/1308867495jpg-20210521022319.jpg;25;"Waspadji et al. (2003); Rimbawan & Siagian (2004)";partial→tempe;Rendah
Tempe koro benguk;1240;141;10.2;1.3;23.2;0;42;15;2.6;0;0;0;0;0;0;0;0.09;0;0;0;100;https://cdn-2.tstatic.net/makassar/foto/bank/images/hasil-olahan-tempe-koro-benguk-1-142022.jpg;25;"Waspadji et al. (2003); Rimbawan & Siagian (2004)";partial→tempe;Rendah
Tempe lamtoro var. gung dengan kulit;1241;146;11.7;2.3;19.6;2.4;133;220;4;6;69.2;0.27;1.2;0;0;0;0.18;0.07;0.7;0;100;https://marymemasak.files.wordpress.com/2017/10/wp-image-1458463552.jpg;25;"Waspadji et al. (2003); Rimbawan & Siagian (2004)";partial→tempe;Rendah
Tempe lamtoro var. gung tanpa kulit;1242;131;18;0.8;13;2.4;133;220;4;6;69.2;0.27;1.2;0;0;0;0.18;0.07;0.7;0;100;https://marymemasak.files.wordpress.com/2017/10/wp-image-1458463552.jpg;25;"Waspadji et al. (2003); Rimbawan & Siagian (2004)";partial→tempe;Rendah
Tempe pasar segar;1243;150;14;7.7;9.1;2.4;133;220;4;6;69.2;0.27;1.2;0;0;0;0.18;0.07;0.7;0;100;https://asset-a.grid.id/crop/0x0:0x0/360x240/photo/2020/02/06/4267088481.jpg;25;"Waspadji et al. (2003); Rimbawan & Siagian (2004)";partial→tempe;Rendah
Tempe pasar goreng;1244;336;20;28;7.8;3.4;156;350;3;20;566.2;0.75;2.2;0;0;10;0.1;0.3;3;0;100;https://cdn.antaranews.com/cache/800x533/2021/01/23/tempe.jpg;25;"Waspadji et al. (2003); Rimbawan & Siagian (2004)";partial→tempe;Rendah
Tempe Sayur ;1245;240;6;2.7;49.3;2.4;133;220;4;6;69.2;0.27;1.2;0;0;0;0.18;0.07;0.7;0;100;https://fibercreme.com/wp-content/uploads/2021/05/tempe-lombok-ijo-santan_.jpg;25;"Waspadji et al. (2003); Rimbawan & Siagian (2004)";partial→tempe;Rendah
Tempoya;1246;110;1.7;1.3;21.9;2.6;190;45;2.9;225;486.3;0;0;0;60;0;0.3;0.04;1.1;0;100;https://upload.wikimedia.org/wikipedia/commons/d/da/Tempoyak_Ikan_Patin_2.JPG;55;Tidak ditemukan dalam literatur – perlu pengisian manual;not_found;Sedang
Tempuyak;1247;126;1.1;2.2;25.7;1.1;62;80;2;10;68;0.1;0.2;0;0;0;0.1;0.02;0.1;0;100;https://down-id.img.susercontent.com/file/ae41014cc406b3192238f3c70b27ab96;55;Tidak ditemukan dalam literatur – perlu pengisian manual;not_found;Sedang
Tepung Arrowroot;1248;355;0.7;0.2;85.2;0.4;8;22;1.5;2;10.7;0;0.1;0;20;3;0.09;0;0;0;100;https://images.tokopedia.net/img/cache/700/product-1/2019/7/17/3324938/3324938_50c9762e-de6d-479f-8571-f624d64f47d4_1080_1080;85;Atkinson et al. (2008);token(tepung)→tepung terigu;Tinggi
Tepung Beras;1249;364;7;0.5;80;2;30;68;1.5;10;70;0.1;0.5;0;0;0;0.1;0.04;0.6;0;100;https://assets-a1.kompasiana.com/items/album/2020/02/28/manfaat-tepung-beras-5e58bf75097f361834666d32.jpg;89;Atkinson et al. (2008);exact;Tinggi
Tepung beras mentah;1250;353;7;0.5;80;2;30;68;1.5;10;70;0.1;0.5;0;0;0;0.1;0.04;0.6;0;100;https://media.istockphoto.com/id/1304420353/id/foto/tepung-beras-dengan-pot-beras-mentah-di-samping-bahan-kuliner.jpg?s=612x612&w=0&k=20&c=ervEzTPBVtgBqURvnvYGn8OXhVaAlNqCSYMZSPY1uVo=;89;Atkinson et al. (2008);partial→tepung beras;Tinggi
Tepung Ganyong;1251;353;0.8;1.7;83.6;0.7;4;31;3.3;3;63.5;0.1;0.3;0;0;0;0.02;0;0.9;1;100;https://images.tokopedia.net/img/cache/500-square/VqbcmM/2021/2/20/11ed2c3a-4cbf-46c9-a1f6-cfc419aae9b4.jpg;85;Atkinson et al. (2008);token(tepung)→tepung terigu;Tinggi
Tepung Gaplek;1252;363;1.1;0.5;88.2;6.7;18;95;1.5;6;55;0.4;1.2;0;1;0;0.3;0.2;0.1;0;100;https://img.freepik.com/free-photo/top-view-white-flour-inside-plate-white-background-flour-dust-dough-bake-raw_140725-74825.jpg?w=1060&t=st=1684235485~exp=1684236085~hmac=1d60bc879ed765bb275e9c93fe0d3b1490efdda75be5144d6517751fab70be00;85;Atkinson et al. (2008);token(tepung)→tepung terigu;Tinggi
Tepung Garut (arrowroot);1253;355;0.7;0.2;85.2;2;30;68;1.5;10;70;0.1;0.5;0;0;0;0.1;0.04;0.6;0;100;https://static.wixstatic.com/media/2e13b8_a03fa1e8610843ddb6a1532dade81046~mv2.jpg/v1/fill/w_980,h_551,al_c,q_85,usm_0.66_1.00_0.01/2e13b8_a03fa1e8610843ddb6a1532dade81046~mv2.jpg;14;Hasan et al. (2011) dalam Arif et al. (2013);partial→garut;Rendah
Tepung Hunkwee;1254;364;4.5;1;83.5;2;30;68;1.5;10;70;0.1;0.5;0;0;0;0.1;0.04;0.6;0;100;https://asset.kompas.com/crops/-PhMtDs3f739r-goggD3ULYWRqc=/0x0:1000x667/750x500/data/photo/2021/03/05/604233c7c6d87.jpg;85;Atkinson et al. (2008);token(tepung)→tepung terigu;Tinggi
Tepung Ikan;1255;316;60.1;6.5;22.4;2;30;68;1.5;10;70;0.1;0.5;0;0;0;0.1;0.04;0.6;0;100;https://unair.ac.id/wp-content/uploads/2021/05/Ilustrasi-oleh-Solusiternak-ID.jpg;0;Atkinson et al. (2008) – tidak mengandung karbohidrat;partial→ikan;Tidak signifikan (non-karbohidrat)
Tepung Jagung Kuning;1256;355;9.2;3.9;73.7;2;30;68;1.5;10;70;0.1;0.5;0;0;0;0.1;0.04;0.6;0;100;https://thumbs.vdvc.id/olret/images/original/2022/07/21/62d900a97984b-manfaat-tepung-jagung_olret.jpg;52;"Atkinson et al. (2008); Richana et al. (2012)";partial→jagung;Rendah
Tepung jagung putih;1257;355;9.2;3.9;73.7;2;30;68;1.5;10;70;0.1;0.5;0;0;0;0.1;0.04;0.6;0;100;https://images.tokopedia.net/img/cache/500-square/product-1/2020/4/30/100792539/100792539_dc308d17-cad0-4f85-af2e-44b564a788e4_512_372.jpg;52;"Atkinson et al. (2008); Richana et al. (2012)";partial→jagung;Rendah
Tepung Jalejo;1258;388;19;7.5;61.2;5.8;101;440;2;3;712;0.6;1.9;0;0;0;0.02;0.3;1.6;9;100;https://tabloidsinartani.com/uploads/news/images/inline/211206131405-209.jpg;85;Atkinson et al. (2008);token(tepung)→tepung terigu;Tinggi
Tepung Kacang Kedelai;1259;347;35.9;20.6;29.9;5.8;195;440;8.2;52;775;0;2.5;0;0;140;0.555;0.3;2.1;0;100;https://www.melatiputrajaya.com/wp-content/uploads/2021/01/Tepung-Kedelai-sumber-SehatQ.jpg;15;"Marsono (2002); Atkinson et al. (2008)";partial→kacang kedelai;Rendah
Tepung Kentang;1260;347;0.3;0.1;85.6;2;30;68;1.5;10;70;0.1;0.5;0;0;0;0.1;0.04;0.6;0;100;https://s1.bukalapak.com/bukalapak-kontenz-production/content_attachments/57746/original/kentang.jpg;78;Atkinson et al. (2008);partial→kentang;Tinggi
Tepung Mocaf;1261;350;1.2;0.6;85;6;60;64;8.2;8;403;0.1;0.6;0;0;0;0.02;0.02;0.7;2;100;https://akcdn.detik.net.id/visual/2021/09/13/ilustrasi-ini-ya-tepung-mocaf_169.jpeg?w=650;85;Atkinson et al. (2008);token(tepung)→tepung terigu;Tinggi
Tepung Pisang;1262;338;2.9;0.4;80.6;5.3;23;62;4;18;734;0.1;0.5;0;13;1;0.02;0.02;1;2;100;https://ik.imagekit.io/10tn5i0v1n/article/ab3eb1d96440ad0ca0329136ecf5a4aa.jpeg;59;"Hoerudin (2012); Atkinson et al. (2008)";partial→pisang;Sedang
Tepung Sagu;1263;353;0.7;0.2;84.7;2;30;68;1.5;10;70;0.1;0.5;0;0;0;0.1;0.04;0.6;0;100;https://asset.kompas.com/crops/FkVwSp5C8ixb-J9dHKbvSD9RjUw=/32x0:1000x645/750x500/data/photo/2022/03/14/622ee03456a21.jpg;70;Haliza et al. (2006) dalam Arif et al. (2013);partial→sagu;Sedang
Tepung Sente;1264;326;4;0.4;76.7;6.75;41;141;3.5;14;0;0.4;1.4;0;0;0;0.02;0.2;3.5;0;100;https://foto.kontan.co.id/biGUfj1ASo_mL-YullfGPl08lxM=/smart/2021/05/21/2111715002p.jpg;85;Atkinson et al. (2008);token(tepung)→tepung terigu;Tinggi
Tepung singkong/ Tapioka;1265;363;1.1;0.5;88.2;0.9;84;125;1;1;7.1;0;0.1;0;0;0;0.04;0;0.4;0;100;https://jakarta.akurat.co/storage/2023/05/tentang-tepung-tapioka.jpg;75;Atkinson et al. (2008);partial→singkong;Tinggi
Tepung Sukun;1266;353;2.9;0.5;84.4;3.7;100;85;4.6;9;775;0.1;0.6;0;0;0;0.4;0.02;0.1;3;100;https://www.static-src.com/wcsstore/Indraprastha/images/catalog/full//103/MTA-9417298/lingkar-organik_lingkar-organik_full01.jpg;87;Rakhmawati et al. (2011) dalam Arif et al. (2013);partial→sukun;Tinggi
Tepung Susu;1267;509;24.6;30;36.2;2;30;68;1.5;10;70;0.1;0.5;0;0;0;0.1;0.04;0.6;0;100;https://sc04.alicdn.com/kf/HTB15ytoKXXXXXawXXXXq6xXFXXXq.jpg;31;Atkinson et al. (2008);partial→susu;Rendah
Tepung Susu Asam untuk bayi;1268;418;19;9;65.5;2;30;68;1.5;10;70;0.1;0.5;0;0;0;0.1;0.04;0.6;0;100;https://welovesupermom.com/id/blog/wp-content/uploads/2022/09/Rekomendasi-Merk-Susu-Formula-yang-Baik-untuk-Pencernaan-Bayi.png;31;Atkinson et al. (2008);partial→susu;Rendah
Tepung Susu Skim;1269;362;35.6;1;52;2;30;68;1.5;10;70;0.1;0.5;0;0;0;0.1;0.04;0.6;0;100;https://asset-a.grid.id/crop/0x0:0x0/x/photo/2020/03/31/1491871723.jpg;31;Atkinson et al. (2008);partial→susu;Rendah
Tepung Tales Beneng;1270;332;5.7;0.6;76.1;6.75;59;302;8.2;7;0;0.75;2.5;0;0;0;0.02;0.1;0.3;0;100;https://i0.wp.com/technology-indonesia.com/wp-content/uploads/2021/07/INFO-TEPUNG-TALAS.jpg?resize=700%2C544;85;Atkinson et al. (2008);token(tepung)→tepung terigu;Tinggi
Tepung Terigu;1271;365;8.9;1.3;77.3;0.3;22;150;1.3;2;0;0;2.5;0;0;0;0.1;0.07;1;0;100;https://s3.bukalapak.com/attachment/344332/kandungan_tepung_terigu_image_1.jpg;85;Atkinson et al. (2008);exact;Tinggi
Tepung Ubi Ungu;1272;354;2.8;0.6;84.4;6.75;89;125;3.9;42;775;0.75;0.6;0;0;0;0.4;0.02;0;0;100;https://www.static-src.com/wcsstore/Indraprastha/images/catalog/full//88/MTA-24103752/no_brand_tepung_organik_tepung_ubi_ungu_100gr_bubur_bayi_sehat_organic_rice_flour_murah_full01_r3k7h2n1.jpg;85;Atkinson et al. (2008);token(tepung)→tepung terigu;Tinggi
Terasi;1273;155;22.3;2.9;9.9;2.7;337.5;440;8.2;225;775;0.75;2.4;0;0;0;0.24;0;3.3;0;100;https://asset.kompas.com/crops/jBGO_GPXiL6zxMtzfNerNGedvMY=/24x0:714x460/750x500/data/photo/2020/03/20/5e74a8155e288.jpg;55;Tidak ditemukan dalam literatur – perlu pengisian manual;not_found;Sedang
Terasi dobo;1274;191;33.1;3.6;6.6;1.6;337.5;440;8.2;225;775;0.75;2.5;0;0;0;0.555;0.22;2;0;100;https://nilaigizi.com/assets/images/produk/produk_1537342126.jpg;55;Tidak ditemukan dalam literatur – perlu pengisian manual;not_found;Sedang
Terasi Merah;1275;174;30;3.5;3.5;2.2;100;150;3.1;225;302.8;0.49;1.2;0;0;0;0;0.12;1.7;0;100;https://asset.kompas.com/crops/kNzoeQXIRa-V9FFtm9ZWeL0o4js=/48x79:928x666/750x500/data/photo/2022/06/07/629ef2189a7d5.jpg;55;Atkinson et al. (2008);token(merah)→nasi merah;Sedang
Terasi merah;1276;174;30;3.5;5.6;2.2;100;150;3.1;225;302.8;0.49;1.2;0;0;0;0;0.12;1.7;0;100;https://nilaigizi.com/assets/images/produk/produk_1537342154.jpg;55;Atkinson et al. (2008);token(merah)→nasi merah;Sedang
Teri balado masakan;1277;365;23.7;22.3;17.5;0;90;204;1.9;131;229.5;0.1;0.7;0;0;0;0.1;0.025;0.25;0;100;https://t-2.tstatic.net/medan/foto/bank/images/Resep-Balado-Teri-Kacang.jpg;0;Atkinson et al. (2008) – tidak mengandung karbohidrat;token(teri)→ikan teri;Tidak signifikan (non-karbohidrat)
Teripang dendeng mentah;1278;462;39.1;32.4;3.5;0;337.5;440;8.2;225;402.5;0;0;0;0;144;0.555;0;3.5;0;100;https://nilaigizi.com/assets/images/produk/produk_1535784851.jpg;0;Tidak ditemukan dalam literatur – perlu pengisian manual;not_found;Tidak signifikan (non-karbohidrat)
Terong;1279;24;1.1;0.2;5.5;1.1;62;80;2;10;68;0.1;0.2;0;0;0;0.1;0.02;0.1;0;100;https://d1vbn70lmn1nqe.cloudfront.net/prod/wp-content/uploads/2022/11/10051516/5-manfaat-terong-ungu-yang-baik-bagi-kesehatan-halodoc.jpg;15;Waspadji et al. (2003);exact;Rendah
Terong + Oncom makanan;1280;285;4.3;25.7;9.5;1.1;62;80;2;10;68;0.1;0.2;0;0;0;0.1;0.02;0.1;0;100;https://asset-a.grid.id/crop/0x0:0x0/700x465/photo/2018/11/01/3283397597.jpg;30;Rimbawan & Siagian (2004);partial→oncom;Rendah
Terong Asam;1281;39;2.3;1.9;2;1.1;62;80;2;10;68;0.1;0.2;0;0;0;0.1;0.02;0.1;0;100;https://specialtyproduce.com/sppics/15816.png;15;Waspadji et al. (2003);partial→terong;Rendah
Terong Belanda;1282;48;1.5;0.3;11.3;1.1;62;80;2;10;68;0.1;0.2;0;0;0;0.1;0.02;0.1;0;100;https://assets.pikiran-rakyat.com/crop/0x0:0x0/x/photo/2020/01/24/2611363109.jpg;15;Waspadji et al. (2003);partial→terong;Rendah
Terong hintalo segar;1283;45;1.9;0.8;7.5;5.1;19;268;1;167;142;0.6;0.2;0;60;0;0.2;0.3;0;4;100;https://images.tokopedia.net/img/cache/700/VqbcmM/2021/8/24/99a5903e-cbea-4dca-83d1-a03f846b8a68.jpg;15;Waspadji et al. (2003);partial→terong;Rendah
Terong kukus;1284;23;1.8;0.1;4.9;1.1;62;80;2;10;68;0.1;0.2;0;0;0;0.1;0.02;0.1;0;100;https://1.bp.blogspot.com/-Geazm3gHNOw/WrJfbbzv9XI/AAAAAAAACe0/ivjlGyMEIuQKPKORmHkPF9SIluhx0Ad5ACLcBGAs/s1600/photo.jpg;15;Waspadji et al. (2003);partial→terong;Rendah
Terong segar;1285;28;1.1;0.2;5.5;2.1;15;37;0.4;9;187;0.1;0.1;0;46;30;0.04;0.03;0.5;5;100;https://img.lovepik.com/photo/20211119/medium/lovepik-fresh-purple-eggplant-picture_500177124.jpg;15;Waspadji et al. (2003);partial→terong;Rendah
Terung belanda segar;1286;52;2.1;1.1;8.6;1.4;16;40;1.1;0;0;0;0;0;0;278.75;0.42;0.06;0;12;100;https://asset.kompas.com/crops/Bn1N1xzzNN8WVxDd712bq0XHjOA=/0x0:1000x667/1200x800/data/photo/2020/02/29/5e5a8b75a2a83.jpg;55;Tidak ditemukan dalam literatur – perlu pengisian manual;not_found;Sedang
Terung bengkulu segar;1287;52;1.1;0.4;11.2;3.2;19;39;1.1;14;0;0.16;1;0;60;278.75;0.23;0.04;0;6;100;https://cdn.antaranews.com/cache/800x533/2013/05/20130523Panen-Terong-220513.jpg;55;Tidak ditemukan dalam literatur – perlu pengisian manual;not_found;Sedang
Terung panjang;1288;25;2.1;0.1;5.3;0.5;38;24;0.7;9;53.7;0.09;0.2;0;60;24;0.15;0.06;0.7;8;100;https://www.tanamlah.com/wp-content/uploads/cara-tanam-terung-109.jpg;15;Waspadji et al. (2003);token(panjang)→kacang panjang;Rendah
Terung panjang kukus;1289;23;1.8;0.1;4.9;0.4;40;13;0.5;9;57;0.75;0.2;0;60;20;0;0.07;0.7;1;100;https://i1.wp.com/dailymakan.com/wp-content/uploads/2022/02/TERUNG-KUKUS-ALA-KOREA-6.jpg?ssl=1;15;Waspadji et al. (2003);token(panjang)→kacang panjang;Rendah
Tespong daun;1290;59;2.9;0.3;13.9;1.1;62;80;2;10;68;0.1;0.2;0;0;0;0.1;0.02;0.1;0;100;https://www.satuharapan.com/uploads/cache/news_75102_1493715767.jpg;15;Tidak ditemukan dalam literatur – perlu pengisian manual;not_found;Rendah
Tim (nasi tim);1291;120;2.4;0.4;26;2;30;68;1.5;10;70;0.1;0.5;0;0;0;0.1;0.04;0.6;0;100;https://www.mooimom.id/media/ck-uploads/2022/06/28/nasi-tim-bayi-bubur-ayam_lnEjENK.jpg;65;Tidak ditemukan dalam literatur – perlu pengisian manual;not_found;Sedang
Tinira ninahu nggaluku;1292;33;1.2;1.3;4.1;3.1;35;35;0;161;119;0.2;0.7;0;6;0;0.3;0;3.5;10;100;https://img-global.cpcdn.com/recipes/08a46e4e4555927f/680x482cq70/lodeh-tinira-kelapa-foto-resep-utama.jpg;55;Tidak ditemukan dalam literatur – perlu pengisian manual;not_found;Sedang
Tinoransak masakan;1293;516;17.7;49.5;0;1.1;62;80;2;10;68;0.1;0.2;0;0;0;0.1;0.02;0.1;0;100;https://img-global.cpcdn.com/recipes/fe8971ba42b8aded/1200x630cq70/photo.jpg;55;Tidak ditemukan dalam literatur – perlu pengisian manual;not_found;Sedang
Tipa-tipa;1294;355;6.2;1.2;79.8;1.3;17;328;1.6;0;0;0;0;0;0;0;0.26;0.04;1.5;0;100;https://gudangilmuku.com/wp-content/uploads/2023/03/Cara-Membuat-Tipa-Tipa-Khas-Sumatera-Utara.webp;55;Tidak ditemukan dalam literatur – perlu pengisian manual;not_found;Sedang
Tiwul  ;1295;353;2.4;1.1;83.4;6.5;55;95;4.7;5;670;0.2;0.8;0;0;0;0.02;0.02;0.1;3;100;https://asset.kompas.com/crops/_Lav4KVP5NTBM2GTsDVtTxgCx08=/70x0:914x563/750x500/data/photo/2021/12/03/61a9f9d558fc0.jpg;65;Tidak ditemukan dalam literatur – perlu pengisian manual;not_found;Sedang
Tiwul Instan;1296;395;3.2;8.5;76.5;4.2;81;81;5.8;225;469;0.75;1.2;0;0;0;0.4;0.2;0.2;4;100;https://grebeg.com/images/media/2020/11/large1606391454Nk2Sa26711.jpg;47;Atkinson et al. (2008);token(instan)→mi instan;Rendah
Toge -Tahu makanan;1297;392;5.4;28.5;28.4;2.4;133;220;4;6;69.2;0.27;1.2;0;0;0;0.18;0.07;0.7;0;100;https://awsimages.detik.net.id/community/media/visual/2021/09/21/resep-tumis-tahu-kuning-dan-tauge.jpeg?w=1200;15;"Waspadji et al. (2003); Atkinson et al. (2008)";partial→tahu;Rendah
Toge Goreng ;1298;93.6;4.4;1.8;15.1;1.1;62;80;2;10;68;0.1;0.2;0;0;0;0.1;0.02;0.1;0;100;https://akcdn.detik.net.id/community/media/visual/2019/04/22/de16ca5c-a9d9-4197-a567-b818b1d59d94.jpeg?w=1208;76;Atkinson et al. (2008);token(goreng)→nasi goreng;Tinggi
Toge kacang ijo;1299;23;2.9;0.2;4.1;2.4;133;220;4;6;69.2;0.27;1.2;0;0;0;0.18;0.07;0.7;0;100;https://www.faunadanflora.com/wp-content/uploads/2016/11/Cara-Budidaya-Toge-Dengan-Mudah-Dan-Cepat-Panen.jpg;15;Atkinson et al. (2008);partial→kacang;Rendah
Toge kacang tunggak;1300;35;5;0.2;5.8;2.4;133;220;4;6;69.2;0.27;1.2;0;0;0;0.18;0.07;0.7;0;100;https://tanahkaya.com/wp-content/uploads/2019/03/Kecambah-Gandum.jpg;15;Atkinson et al. (2008);partial→kacang;Rendah
Toge kedelai;1301;67;9;2.6;6.4;2.4;133;220;4;6;69.2;0.27;1.2;0;0;0;0.18;0.07;0.7;0;100;https://arafuru.com/wp-content/uploads/2014/07/cara-membuat-tauge.jpg;15;"Marsono (2002); Atkinson et al. (2008)";token(kedelai)→kacang kedelai;Rendah
Toge seduh;1302;28;3;0.8;4;1.1;62;80;2;10;68;0.1;0.2;0;0;0;0.1;0.02;0.1;0;100;https://img-global.cpcdn.com/recipes/86c113f61825b36e/680x482cq70/toge-goreng-dari-bogor-foto-resep-utama.jpg;15;Tidak ditemukan dalam literatur – perlu pengisian manual;not_found;Rendah
Tomat air (juice) segar;1303;20;1;0.2;3.5;1.45;47;64.5;1.15;30;118.65;0.1;0.3;0;23;0;0.1;0.065;0.1;5;100;https://assets.ayobandung.com/crop/0x0:0x0/750x500/webp/photo/2022/04/05/2356668642.jpeg;38;Waspadji et al. (2003);partial→tomat;Rendah
Tomat Masak;1304;20;1;0.3;4.2;1.45;47;64.5;1.15;30;118.65;0.1;0.3;0;23;0;0.1;0.065;0.1;5;100;https://ik.imagekit.io/dcjlghyytp1/2020/01/tomatoes-5356_1920-1.jpg?tr=f-auto;38;Waspadji et al. (2003);partial→tomat;Rendah
Tomat merah segar;1305;24;1.3;0.5;4.7;1.5;8;77;0.6;10;164.9;0.14;0.2;0;60;278.75;0.06;0.07;0.4;12.5;100;https://pasarsegar.co.id/wp-content/uploads/2021/02/tomat-merah.jpg;38;Waspadji et al. (2003);partial→tomat;Rendah
Tomat muda segar;1306;24;2;0.7;3.3;1.8;5;27;0.5;10;210;0.07;0.2;0;60;278.75;0.07;0.04;0.7;12.5;95;https://blog.sayurbox.com/wp-content/uploads/2020/01/tomato-4441117_1920-595x334.jpg;38;Waspadji et al. (2003);partial→tomat;Rendah
Tumis bandeng;1307;189;11.3;15.7;0.6;1.1;62;80;2;10;68;0.1;0.2;0;0;0;0.1;0.02;0.1;0;100;https://img.okezone.com/content/2018/04/26/298/1891625/kacang-panjang-tumis-tauge-dan-bandeng-bumbu-acar-menu-makan-siang-yang-sempurna-fPgLm3B8Js.jpg;0;Atkinson et al. (2008) – tidak mengandung karbohidrat;token(bandeng)→ikan bandeng;Tidak signifikan (non-karbohidrat)
Tumis bayam bersantan;1308;48;1.4;4.2;2.6;0.5;129;27;0.8;0;0;0;0;0;0;278.75;0.01;0;0;12.5;100;https://cdn1-production-images-kly.akamaized.net/4a0ttXDkFeMMNthY5iFfBhug3Ys=/1200x675/smart/filters:quality(75):strip_icc():format(webp)/kly-media-production/medias/3437424/original/069907400_1619146736-Bobor_Bayam_Jagung.jpg;15;Waspadji et al. (2003);partial→bayam;Rendah
Ubi Cilembu;1309;186;1.9;0.2;44.3;3.4;37;51;0.6;1;61.9;0.1;0.2;0;26;0;0.02;0.2;0;0;89.6;https://assets-a1.kompasiana.com/items/album/2021/11/11/img-20211111-wa0043-618cbcd606310e41062eaf72.jpg;65;Tidak ditemukan dalam literatur – perlu pengisian manual;not_found;Sedang
Ubi Jalar Goreng ;1310;160;3.7;1.3;55.3;2;30;68;1.5;10;70;0.1;0.5;0;0;0;0.1;0.04;0.6;0;100;https://resepkoki.id/wp-content/uploads/2022/03/Resep-Ubi-Goreng.jpg;61;Atkinson et al. (2008);partial→ubi jalar;Sedang
Ubi jalar kuning kukus;1311;100;0.7;0.3;23.8;1;44;46;0.4;3;0.8;0.1;0.2;0;60;278.75;0;0.1;0.6;12.5;100;https://img-global.cpcdn.com/recipes/96d4a66b6b3523c4/1200x630cq70/photo.jpg;61;Atkinson et al. (2008);partial→ubi jalar;Sedang
Ubi jalar kuning segar;1312;119;0.5;0.4;25.1;4.2;30;40;0.4;3;1;0.1;0.2;0;60;278.75;0.06;0.07;0.7;12.5;85;https://cf.shopee.co.id/file/d76a579e3447ec85dbf02a105df60529;61;Atkinson et al. (2008);partial→ubi jalar;Sedang
Ubi jalar manis segar;1313;83;1.5;0.2;18.8;0.6;27;162;2.1;52;320.7;0.1;0.3;0;0;0;0.02;0;0.4;0;85;https://asset-a.grid.id/crop/0x0:0x0/700x465/photo/2018/09/27/3387667169.jpg;61;Atkinson et al. (2008);partial→ubi jalar;Sedang
Ubi Jalar Merah;1314;123;1.8;0.7;27.9;2;30;68;1.5;10;70;0.1;0.5;0;0;0;0.1;0.04;0.6;0;100;https://akcdn.detik.net.id/visual/2020/11/23/ilustrasi-ubi-ungu-1_169.jpeg?w=650;61;Atkinson et al. (2008);partial→ubi jalar;Sedang
Ubi jalar merah segar;1315;151;1.6;0.3;35.4;0.7;29;74;0.7;92;565.6;0.3;0.5;0;0;278.75;0.13;0.08;0.7;11;86;https://foto.kontan.co.id/fHSXSoMtEpGrecd0KCpAArEf5W0=/smart/2018/12/10/1579520447p.jpg;61;Atkinson et al. (2008);partial→ubi jalar;Sedang
Ubi Jalar Putih;1316;123;1.8;0.7;27.9;2;30;68;1.5;10;70;0.1;0.5;0;0;0;0.1;0.04;0.6;0;100;https://cdn.idntimes.com/content-images/community/2019/06/white-sweet-potatoes-1296x728-7ec7f00d7808a28366c0e5cf1c95d104.jpg;61;Atkinson et al. (2008);partial→ubi jalar;Sedang
Ubi Jalar Rebus;1317;114;1.4;9.6;25.6;2;30;68;1.5;10;70;0.1;0.5;0;0;0;0.1;0.04;0.6;0;100;https://d1bpj0tv6vfxyp.cloudfront.net/articles/807337_27-11-2020_8-6-29.jpeg;61;Atkinson et al. (2008);exact;Sedang
Ubi Jalar Sayur;1318;184;1.4;0.3;22.5;2;30;68;1.5;10;70;0.1;0.5;0;0;0;0.1;0.04;0.6;0;100;https://assets.promediateknologi.id/crop/0x0:0x0/750x500/webp/photo/jawapos/2022/11/daun-ubi-jalar.jpg;61;Atkinson et al. (2008);partial→ubi jalar;Sedang
Ubi jalar tinta/ kemayung;1319;108;0.5;0.4;25.6;4.2;30;40;0.5;1;1;0.1;0.2;0;13;0;0.09;0.06;0.6;12.5;85;https://o-cdn-cas.sirclocdn.com/parenting/images/ubi-jalar_lllsrRt.width-800.format-webp.webp;61;Atkinson et al. (2008);partial→ubi jalar;Sedang
Ubi jalar tinta/ kemayung kukus;1320;165;0.9;0.2;39.8;1.1;20;23;0.8;1;0.9;0.1;0.2;0;0;0;0.02;0.1;0.5;0;100;https://cdn.idntimes.com/content-images/community/2019/06/purple-yam-ftr-f836c41ea4cc37b95697e80a21b109e1.jpg;61;Atkinson et al. (2008);partial→ubi jalar;Sedang
Uceng/ bunga melinjo segar;1321;82;5.8;1.3;11.7;4.8;70;266;2.4;0;0;0;0;0;0;58;0.11;0.15;0;3;89;https://assets.pikiran-rakyat.com/crop/0x0:0x0/750x500/photo/2022/07/04/2328640728.jpg;55;Tidak ditemukan dalam literatur – perlu pengisian manual;not_found;Sedang
Udang besar segar;1322;56;11.4;0.6;1.2;0;30;20;0.3;190;210;0.4;0.8;0;0;0;0.14;0;0.1;0;68;https://pasarkan.kaltaraprov.go.id/images/900/800/210829115219655ef78596-338e-4fe7-8f87-331786b072b3.jpg;0;Atkinson et al. (2008) – tidak mengandung karbohidrat;partial→udang;Tidak signifikan (non-karbohidrat)
Udang galah segar;1323;81;16.5;0.3;3;0;87;167;0.7;95;132;0.7;1.2;0;3;0;0.24;0.03;2.9;0;68;https://static.wixstatic.com/media/bcf5ea_c77ded4f24e741db9aa545a1b425dbc7~mv2.jpg/v1/fill/w_640,h_352,al_c,lg_1,q_80,enc_auto/bcf5ea_c77ded4f24e741db9aa545a1b425dbc7~mv2.jpg;0;Atkinson et al. (2008) – tidak mengandung karbohidrat;partial→udang;Tidak signifikan (non-karbohidrat)
Udang kering;1324;295;62.4;2.3;1.8;0;90;204;1.9;131;229.5;0.1;0.7;0;0;0;0.1;0.025;0.25;0;100;https://img.lovepik.com/photo/20211207/medium/lovepik-dried-shrimp-picture_501573420.jpg;0;Atkinson et al. (2008) – tidak mengandung karbohidrat;partial→udang;Tidak signifikan (non-karbohidrat)
Udang kering mentah;1325;278;62.6;4.1;2.2;0;337.5;440;5.2;225;360;0.75;2.5;0;0;0;0;0;0.1;0;100;https://cf.shopee.co.id/file/49eaffdb18468e87339980ffab3d60c9;0;Atkinson et al. (2008) – tidak mengandung karbohidrat;partial→udang;Tidak signifikan (non-karbohidrat)
Udang papay mentah;1326;273;47.8;3.8;12.5;0;337.5;440;2.4;225;775;0.75;2.5;0;0;0;0;0;0;0;100;https://img-global.cpcdn.com/recipes/c9f87393e4cf6300/680x482cq70/sambel-goreng-udang-rebon-udang-papay-foto-resep-utama.jpg;0;Atkinson et al. (2008) – tidak mengandung karbohidrat;partial→udang;Tidak signifikan (non-karbohidrat)
Udang segar;1327;91;21;0.2;0.1;0;136;170;8;178;222.4;0.3;1.3;0;4;0;0.01;0.3;3.5;0;68;https://asset.kompas.com/crops/z1Urz8LH3HtS9_TFNYDe-y7O2BQ=/0x0:1280x853/750x500/data/photo/2022/04/09/6250f722f0f82.jpg;0;Atkinson et al. (2008) – tidak mengandung karbohidrat;partial→udang;Tidak signifikan (non-karbohidrat)
Ulat sagu panggang;1328;380;11.9;30.3;14.9;4.8;30;120;1.5;225;550;0.75;2.5;0;0;0;0.5;0.3;0.1;0;100;https://blue.kumparan.com/image/upload/fl_progressive,fl_lossy,c_fill,q_auto:best,w_640/v1577185515/rd2me1ecjkzvtscug50l.jpg;70;Haliza et al. (2006) dalam Arif et al. (2013);partial→sagu;Sedang
Ulat sagu segar;1329;241;5.8;21.6;5.8;2.8;20;70;0.5;210;210;0.75;2.5;0;0;0;0.17;0.3;0.1;0;100;https://res.cloudinary.com/dk0z4ums3/image/upload/v1643715515/attached_image/6-manfaat-ulat-sagu-bagi-kesehatan-yang-sayang-untuk-dilewatkan.jpg;70;Haliza et al. (2006) dalam Arif et al. (2013);partial→sagu;Sedang
Umbi Uwi segar;1330;120;2.8;0.5;82.3;2.6;9;42;1.3;12;412;0.3;0.6;0;0;0;0.02;0.3;0.2;4;86;https://media.istockphoto.com/id/1150739645/id/foto/tumpukan-ubi-ungu-manis-segar-atau-kentang-pemandangan-atas.jpg?s=612x612&w=0&k=20&c=zKPj_hQiEjrW6EP_Ed8VhhlTaNvy-US_U-ToUlMm6HY=;55;Tidak ditemukan dalam literatur – perlu pengisian manual;not_found;Sedang
Umbut rotan;1331;34;2.4;0.3;5.5;2.2;89;79;1.3;8;552;0.2;1.9;0;14;0;0.2;0;0;9;100;https://kooliner.com/blog/wp-content/uploads/2016/05/juhuumbutrotan4.jpg;55;Tidak ditemukan dalam literatur – perlu pengisian manual;not_found;Sedang
Usus Sapi;1332;130;14;7.2;1.5;0;62;196.5;4;108;191.5;0.105;1.05;0;0;0;0.135;0.055;0.45;0;100;https://awsimages.detik.net.id/community/media/visual/2020/07/24/usus-sapi.jpeg?w=724;31;Atkinson et al. (2008);token(sapi)→susu sapi;Rendah
Uwi;1333;101;2;0.2;19.8;1.1;62;80;2;10;68;0.1;0.2;0;0;0;0.1;0.02;0.1;0;100;https://cdn0-production-images-kly.akamaized.net/KEyNMJ-0dqqYU3PMi9QGTwE6Rrs=/640x360/smart/filters:quality(75):strip_icc():format(jpeg)/kly-media-production/medias/1761632/original/066821400_1509967136-IMG_20171106_110821.jpg;55;Tidak ditemukan dalam literatur – perlu pengisian manual;not_found;Sedang
Vermicelli;1334;363;8.7;0.4;78.7;1.1;62;80;2;10;68;0.1;0.2;0;0;0;0.1;0.02;0.1;0;100;https://bakeitwithlove.com/wp-content/uploads/2022/10/what-is-vermicelli-sq.jpg;55;Tidak ditemukan dalam literatur – perlu pengisian manual;not_found;Sedang
Wajit camilan;1335;303;6.3;2.7;63.3;6.75;61;302;5.5;0;0;0;0;0;0;0;0.03;0;0;0;100;https://lzd-img-global.slatic.net/g/p/551b03866406564f47fa42223ed0491a.jpg_720x720q80.jpg;75;Tidak ditemukan dalam literatur – perlu pengisian manual;not_found;Tinggi
Waluh balamak;1336;45;0.8;0.9;8.1;6.75;25;25;0.5;61;15;0;0.2;0;60;0;0.2;0;0.1;2;100;https://img-global.cpcdn.com/recipes/26fd4d972b1f3aa2/1200x630cq70/photo.jpg;55;Tidak ditemukan dalam literatur – perlu pengisian manual;not_found;Sedang
Widaran;1337;424;1.3;10.7;80.7;0.2;49;88;2.5;0;0;0;0;0;0;278.75;0.13;0.2;2.2;0;100;https://img-global.cpcdn.com/recipes/Recipe_2014_06_07_16_44_11_482_070e2d/680x482cq70/widaran-keju-foto-resep-utama.jpg;55;Tidak ditemukan dalam literatur – perlu pengisian manual;not_found;Sedang
Wijen;1338;568;19.3;51.1;18.1;1.1;62;80;2;10;68;0.1;0.2;0;0;0;0.1;0.02;0.1;0;100;https://res.cloudinary.com/dk0z4ums3/image/upload/v1631251653/attached_image/mengulik-manfaat-biji-wijen-untuk-kesehatan.jpg;55;Tidak ditemukan dalam literatur – perlu pengisian manual;not_found;Sedang
Wingko babat;1339;355;3.2;15.1;51.4;2.4;47;63;1.1;0;0;0;0;0;0;0;0.08;0.08;0;0;100;https://awsimages.detik.net.id/community/media/visual/2023/03/30/resep-wingko-babat.jpeg?w=1200;0;Tidak ditemukan dalam literatur – perlu pengisian manual;not_found;Tidak signifikan (non-karbohidrat)
Woku ubi;1340;143;3.1;7.8;15;6.75;195;91;2.8;225;256;0.3;1;0;60;0;0.1;0;0;12.5;100;https://img-global.cpcdn.com/recipes/6ee7c77a5d0b37cb/680x482cq70/daun-singkong-masak-woku-foto-resep-utama.jpg;65;Tidak ditemukan dalam literatur – perlu pengisian manual;not_found;Sedang
Worst (sosis daging);1341;452;14.5;42.3;2.3;0;62;196.5;4;108;191.5;0.105;1.05;0;0;0;0.135;0.055;0.45;0;100;https://www.wikihow.com/images/9/9f/Cook-Sausages-Step-20-Version-6.jpg;0;Tidak ditemukan dalam literatur – perlu pengisian manual;not_found;Tidak signifikan (non-karbohidrat)
Wortel Segar;1342;42;1.2;0.6;9.3;1;45;74;1;70;245;0.06;0.3;0;60;278.75;0.04;0.04;1;12.5;80;https://www.astronauts.id/blog/wp-content/uploads/2023/01/Yuk-Ketahui-Manfaat-Wortel-Untuk-Kesehatan-Tubuh-.jpg;35;Atkinson et al. (2008);partial→wortel;Rendah
Wortel kukus;1343;37;1;0.6;8.3;1.1;44;30;0.6;43;122.5;0.11;0.3;0;60;278.75;0.02;0.03;0.8;12.5;100;https://www.wikihow.com/images_en/thumb/b/bf/Steam-Carrots-Step-3-Version-3.jpg/550px-nowatermark-Steam-Carrots-Step-3-Version-3.jpg;35;Atkinson et al. (2008);partial→wortel;Rendah
Wortel rebus;1344;28;0.7;0.5;6.3;0.8;46;28;0.6;41;117.3;0.1;0.2;0;60;278.75;0.01;0.03;0.7;12;100;https://asset-a.grid.id/crop/0x222:594x690/700x0/photo/2022/03/05/manfaat-makan-worteljpg-20220305070713.jpg;39;Atkinson et al. (2008);exact;Rendah
Yangko;1345;254;3;1.1;58.1;0.8;184;24;2.6;0;0;0;0;0;0;96;0.15;0;0;0;100;https://serikatnews.com/wp-content/uploads/2022/12/yangko-giant.jpg;75;Tidak ditemukan dalam literatur – perlu pengisian manual;not_found;Tinggi
Yoghurt;1346;52;3.3;2.5;4;0;275;209;0.6;188;320;0.02;1;0;54;0;0.05;0.3;0.4;1;100;https://d1vbn70lmn1nqe.cloudfront.net/prod/wp-content/uploads/2022/08/04071319/Inilah-Alasan-Greek-Yogurt-Menjadi-Cemilan-Sehat.jpg;36;Atkinson et al. (2008);exact;Rendah
